"Enrichment FDR","nGenes","Pathway Genes","Fold Enrichment","Pathway","URL","Genes"
2.9614297185613e-72,206,1394,4.29085952458996,"GO:0022402 Cell cycle process ","https://amigo.geneontology.org/amigo/term/GO:0022402"," CDC27  DBF4  NCAPD2  ANLN  BRCA1  MRE11  SPDL1  TPR  USP28  TP53BP1  ROCK1  TRIP13  SMC1A  CLASP1  MCM6  TOP2B  PCM1  RBL1  NDC80  ORC1  RAD54L  KIZ  KIF4A  WDR76  CLSPN  CDC45  CDC6  CEP192  POLA1  STAG2  CENPI  CCP110  OIP5  NBN  SMC3  NCAPG  FBXO5  TTK  ECT2  ALMS1  NEK2  CENPF  NCAPH  MND1  CENPK  STIL  DLGAP5  TOP2A  ROCK2  BORA  BRIP1  SMC2  CDK5RAP2  DSCC1  NUSAP1  KIF23  KNL1  KIF11  CEP55  RB1  TICRR  IQGAP1  NUF2  DTL  FANCD2  CENPC  CCNA2  NCAPG2  MKI67  NCAPD3  CENPJ  SPC25  SKA1  EME1  FBXO43  SASS6  BUB1B  CCNB2  CDC25C  RACGAP1  CLASP2  SPICE1  TOPBP1  CDC25A  NIPBL  RAD21  SKA3  CEP295  C2CD3  CEP120  BUB1  PDCD6IP  CDK1  ESCO2  MTBP  ZWILCH  CEP135  ATR  UBE2C  CKAP5  CCNE2  ERCC4  RTTN  RMI1  AURKB  CEP63  KNTC1  CDCA2  SYCP2  RAD54B  PRC1  BAZ1B  UFL1  WNK1  TPX2  RAD51AP1  SMC4  KAT2B  SGO1  NES  CENPE  PLK4  CHEK1  E2F7  RRM1  RRM2  BLM  PIAS1  NDC1  ASPM  SPAG5  XPO1  PDS5B  ATRX  MSH2  RBBP8  MDM1  MASTL  PDS5A  CIT  USP9X  E2F8  FIGNL1  KIF20B  DNA2  BRCA2  KIF2C  DSN1  EPS8  USP16  CUL4B  WASHC5  CENPN  MARF1  ATAD5  DDX3X  CKAP2  CENPQ  PPP1R12A  ATP2B4  INTS13  TAF2  PKN2  RAD18  CDC5L  CDC7  ATF2  SSX2IP  KIF14  HJURP  CLOCK  SETDB2  NCOR1  CLTC  INTS7  EML4  AHCTF1  SON  TAOK1  SMC6  SMARCAD1  SLFN11  HASPIN  GEN1  PIK3R4  PRPF40A  XRCC2  PRKDC  MSH6  RASA1  PHIP  KIF15  MYBL1  EXOC5  GTSE1  EXOC1  EXOC2  EXOC6  BARD1  EXOC6B  CENPU  PBRM1  ARID2  CUL2  NEK7  MELK"
9.55573183868064e-71,233,1822,3.71319193488929,"GO:0007049 Cell cycle ","https://amigo.geneontology.org/amigo/term/GO:0007049"," CDC27  DBF4  NCAPD2  ANLN  BRCA1  MRE11  SPDL1  TPR  USP28  INTS13  TP53BP1  ROCK1  TRIP13  SMC1A  CLASP1  MCM6  TOP2B  PCM1  RBL1  NDC80  ORC1  RAD54L  KIZ  KIF4A  WDR76  CLSPN  CDC45  CDC6  CEP192  POLA1  STAG2  CENPI  CCP110  OIP5  NBN  SMC3  NCAPG  BIRC2  FBXO5  TTK  ECT2  ALMS1  NEK2  CENPF  MYB  NCAPH  MND1  CENPK  TUBA1B  STIL  DLGAP5  TOP2A  ROCK2  BORA  BRIP1  SMC2  CDK5RAP2  DSCC1  NUSAP1  KIF23  KNL1  KIF11  CEP55  CENPE  NEDD1  RB1  TICRR  IQGAP1  CLTC  NUF2  DTL  FANCD2  CENPC  CCNA2  NCAPG2  MKI67  NCAPD3  CENPJ  SPC25  SKA1  EME1  FBXO43  SASS6  BUB1B  CCNB2  CDC25C  RACGAP1  BRINP3  CLASP2  SPICE1  TOPBP1  CDC25A  NIPBL  RAD21  SKA3  TSC1  CEP295  C2CD3  CEP120  BUB1  PDCD6IP  CDK1  ESCO2  MTBP  ZWILCH  CEP135  ATR  UBE2C  CKAP5  CCNE2  ERCC4  RTTN  HASPIN  RMI1  AURKB  CEP63  LIN9  KNTC1  CDCA2  MYBL1  SYCP2  RAD54B  WDHD1  PRC1  BAZ1B  UFL1  WNK1  PRR11  TPX2  RAD51AP1  SMC4  KAT2B  SGO1  NES  KAT7  PLK4  CHEK1  NEK7  PTPRK  E2F7  RRM1  RRM2  BLM  E2F2  PIAS1  ZZZ3  NDC1  ASPM  SPAG5  XPO1  PDS5B  ATRX  MSH2  TDRD1  RBBP8  MDM1  MASTL  PDS5A  CIT  USP9X  E2F8  FIGNL1  KIF20B  DNA2  BRCA2  KIF2C  DSN1  EPS8  CDK19  USP16  CUL4B  SON  WASHC5  DDIAS  CENPN  MARF1  CDK12  EXO1  ATAD5  SPDYE18  DDX3X  CKAP2  CENPQ  PPP1R12A  ATP2B4  TAF2  PKN2  LRP6  RAD18  CDC5L  CDC7  ATF2  SSX2IP  KIF14  HJURP  CLOCK  EPC2  SETDB2  NCOR1  INTS7  EML4  UHMK1  AHCTF1  TAOK1  SMC6  SMARCAD1  SLFN11  GEN1  PIK3R4  PRPF40A  XRCC2  PRKDC  MSH6  RASA1  PHIP  KIF15  EXOC5  GTSE1  EXOC1  EXOC2  EXOC6  BARD1  EXOC6B  CENPU  PBRM1  PBK  ARID2  CUL2  EIF4G2  CCNT1  CLIP1  MELK  IPO7"
7.01310795886081e-57,155,979,4.59715192577205,"GO:0000278 Mitotic cell cycle ","https://amigo.geneontology.org/amigo/term/GO:0000278"," CDC27  NCAPD2  ANLN  BRCA1  MRE11  SPDL1  TPR  INTS13  ROCK1  CLASP1  MCM6  RBL1  NDC80  ORC1  KIF4A  CLSPN  CDC45  CDC6  CEP192  POLA1  CENPI  NBN  NCAPG  FBXO5  TTK  ECT2  CENPF  MYB  NCAPH  CENPK  TUBA1B  STIL  DLGAP5  ROCK2  BORA  SMC2  CDK5RAP2  NUSAP1  KIF23  KIF11  CEP55  CENPE  NEDD1  RB1  TICRR  IQGAP1  CLTC  NUF2  DTL  FANCD2  CENPC  CCNA2  NCAPG2  MKI67  NCAPD3  SKA1  EME1  FBXO43  BUB1B  CCNB2  CDC25C  RACGAP1  BRINP3  CLASP2  SPICE1  TOPBP1  CDC25A  NIPBL  SKA3  BUB1  PDCD6IP  CDK1  MTBP  ZWILCH  UBE2C  CKAP5  CCNE2  HASPIN  AURKB  KNTC1  CDCA2  MYBL1  WDHD1  PRC1  BAZ1B  WNK1  TPX2  SMC4  KAT2B  NES  CHEK1  NEK7  CENPJ  SASS6  E2F7  RRM1  RRM2  ATR  BLM  PIAS1  MSH2  RBBP8  NEK2  CIT  E2F8  KIF20B  DNA2  BRCA2  EPS8  USP16  CUL4B  RAD21  ATAD5  CKAP2  PPP1R12A  TAF2  PKN2  TRIP13  SMC1A  SPAG5  CDC7  STAG2  SMC3  ATF2  KIF14  MASTL  SETDB2  KNL1  KIF2C  EML4  SPC25  SON  TAOK1  SLFN11  GEN1  XRCC2  DDX3X  PRKDC  RASA1  PHIP  KIF15  EXOC5  GTSE1  EXOC1  EXOC2  EXOC6  BARD1  EXOC6B  PBRM1  PBK  ARID2  DBF4  CUL2  CLIP1  MELK"
5.15212072547289e-56,141,819,4.99890704385087,"GO:1903047 Mitotic cell cycle process ","https://amigo.geneontology.org/amigo/term/GO:1903047"," CDC27  NCAPD2  ANLN  BRCA1  MRE11  SPDL1  TPR  ROCK1  CLASP1  MCM6  RBL1  NDC80  ORC1  KIF4A  CLSPN  CDC45  CDC6  CEP192  POLA1  CENPI  NBN  NCAPG  FBXO5  TTK  ECT2  CENPF  NCAPH  CENPK  STIL  DLGAP5  ROCK2  BORA  SMC2  CDK5RAP2  NUSAP1  KIF23  KIF11  CEP55  RB1  TICRR  IQGAP1  NUF2  DTL  FANCD2  CENPC  CCNA2  NCAPG2  MKI67  NCAPD3  EME1  FBXO43  BUB1B  CCNB2  CDC25C  RACGAP1  CLASP2  SPICE1  TOPBP1  CDC25A  NIPBL  BUB1  PDCD6IP  CDK1  MTBP  ZWILCH  UBE2C  CKAP5  CCNE2  AURKB  KNTC1  CDCA2  PRC1  BAZ1B  WNK1  TPX2  SMC4  KAT2B  NES  CENPE  CHEK1  CENPJ  SKA1  SASS6  SKA3  E2F7  RRM1  RRM2  ATR  BLM  PIAS1  MSH2  RBBP8  NEK2  CIT  KIF20B  DNA2  EPS8  USP16  CUL4B  RAD21  ATAD5  CKAP2  INTS13  TAF2  TRIP13  SMC1A  SPAG5  CDC7  STAG2  SMC3  ATF2  KIF14  MASTL  KNL1  BRCA2  CLTC  KIF2C  EML4  SPC25  SON  TAOK1  SLFN11  HASPIN  GEN1  DDX3X  PRKDC  RASA1  PHIP  KIF15  EXOC5  GTSE1  EXOC1  EXOC2  EXOC6  BARD1  EXOC6B  PBRM1  ARID2  DBF4  CUL2  MELK"
3.68348544686028e-48,122,706,5.01758778863531,"GO:0051276 Chromosome organization ","https://amigo.geneontology.org/amigo/term/GO:0051276"," RECQL  CDC27  NCAPD2  MRE11  SPDL1  TPR  NUP133  SMC1A  CLASP1  MCM6  TOP2B  NDC80  CEP192  STAG2  CENPI  OIP5  NBN  SMC3  NCAPG  NUP107  TTK  NUP155  NCAPH  CENPK  HJURP  DLGAP5  POT1  TOP2A  SETDB2  SMC2  CDK5RAP2  DSCC1  NUSAP1  KIF23  KIF11  NUF2  FANCD2  CENPC  NCAPG2  NCAPD3  DCLRE1C  BUB1B  RACGAP1  CLASP2  SPICE1  NIPBL  RAD21  BUB1  ESCO2  ATF7IP  ZWILCH  ATR  UBE2C  KNTC1  BLM  PRC1  PRKDC  XRN1  BAZ1B  HSP90AA1  TPX2  CDC45  FBXO5  SMC4  KAT2B  MND1  MCM8  GINS2  BRIP1  CENPE  GINS4  SKA1  CIP2A  TOPBP1  SKA3  CDK1  DHX36  ERCC4  AURKB  POLQ  NDC1  TRIP13  PDS5B  ATRX  RAD54L  SMCHD1  NEK2  PDS5A  HAT1  RFC3  DNA2  ZGRF1  BRCA2  CENPN  CCNE2  RAD54B  DDX3X  SPAG5  KIF4A  CDC6  MSH2  MSH3  KIF14  SGO1  KNL1  RB1  KIF2C  EML4  NEK7  SMG1  SMC6  HASPIN  GEN1  KIF15  CENPF  SHLD2  SPC25  PBRM1  ARID2  SYCP2  RFC1  EXO1"
3.68348544686028e-48,121,694,5.0625083199315,"GO:0051301 Cell division ","https://amigo.geneontology.org/amigo/term/GO:0051301"," CDC27  ANLN  ROCK1  ECT2  ROCK2  NUSAP1  CEP55  IQGAP1  SKA1  RACGAP1  PDCD6IP  AURKB  ZZZ3  WNK1  CLASP1  PRC1  NCAPD2  SPDL1  TPR  INTS13  PKN2  ASPM  SMC1A  SPAG5  EPB41L2  NDC80  PDS5B  TPX2  CDC6  CDC7  RBBP8  STAG2  CCP110  OIP5  SMC3  NCAPG  CDCA3  FBXO5  SMC4  NEK2  CENPF  KIF14  CNTRL  HELLS  MASTL  NCAPH  PDS5A  CIT  USP9X  THOC2  E2F8  CCNT1  MIS18BP1  SGO1  TOP2A  BORA  SETDB2  BRIP1  SMC2  KIF23  KNL1  KIF11  KIF20B  CENPE  NEDD1  BRCA2  RB1  CLTC  KIF2C  NUF2  HMCN1  EML4  CENPC  CCNA2  NCAPG2  DSN1  NCAPD3  SPC25  AHCTF1  USP16  BUB1B  CCNB2  CDC25C  CLASP2  SPICE1  SNRK  CDC25A  RAD21  WASHC5  SKA3  E2F7  BUB1  CDK1  ZWILCH  UBE2C  CKAP5  CCNE2  FIGN  CEP63  KNTC1  CDCA2  ERCC6L  SYCP2  PRPF40A  CD2AP  DCLRE1A  CKAP2  KIF4A  DOCK7  SON  PIK3R4  BLM  KAT2B  RASA1  EXOC5  EXOC1  EXOC2  EXOC6  EXOC6B  CENPJ  TUBA1B"
7.86481716734856e-48,129,798,4.6938225714098,"GO:0010564 Regulation of cell cycle process ","https://amigo.geneontology.org/amigo/term/GO:0010564"," CDC27  DBF4  BRCA1  MRE11  TPR  USP28  TP53BP1  TRIP13  RBL1  ORC1  WDR76  CLSPN  CDC6  CCP110  NBN  FBXO5  TTK  ALMS1  CENPF  BORA  CDK5RAP2  RB1  TICRR  DTL  FANCD2  MKI67  EME1  FBXO43  BUB1B  CDC25C  SPICE1  TOPBP1  CDC25A  CEP295  CEP120  BUB1  CDK1  MTBP  ZWILCH  ATR  UBE2C  CCNE2  AURKB  KNTC1  CDCA2  BAZ1B  UFL1  WNK1  RAD51AP1  KAT2B  ECT2  STIL  NUSAP1  PLK4  CHEK1  CENPJ  SASS6  RACGAP1  E2F7  RRM1  RRM2  BLM  PRC1  SPDL1  SPAG5  XPO1  ATRX  TPX2  MSH2  NCAPG  MDM1  SMC4  NCAPH  E2F8  ROCK2  SMC2  KIF20B  BRCA2  NCAPG2  CUL4B  RAD21  ATAD5  ATP2B4  PKN2  RAD18  NDC80  CDC5L  CDC7  ATF2  NEK2  KIF14  CIT  CLOCK  KIF23  KNL1  KIF11  DNA2  CENPE  CLTC  KIF2C  INTS7  AHCTF1  SKA1  TAOK1  SMC6  SKA3  PDCD6IP  SLFN11  HASPIN  GEN1  PIK3R4  PRPF40A  DDX3X  PRKDC  NCAPD2  NCAPD3  PHIP  CEP63  GTSE1  RBBP8  DLGAP5  BRIP1  BARD1  NUF2  SPC25  PBRM1  ARID2  ANLN  CDC45"
7.72649516375108e-47,99,467,6.15542670163366,"GO:0007059 Chromosome segregation ","https://amigo.geneontology.org/amigo/term/GO:0007059"," CDC27  NCAPD2  SPDL1  TPR  CLASP1  TOP2B  NDC80  KIF4A  CEP192  CENPI  OIP5  NCAPG  TTK  NEK2  CENPF  NCAPH  CENPK  DLGAP5  TOP2A  SMC2  CDK5RAP2  NUSAP1  KIF23  KNL1  KIF11  NUF2  FANCD2  CENPC  NCAPG2  MKI67  NCAPD3  SPC25  SKA1  BUB1B  RACGAP1  CLASP2  SPICE1  SKA3  BUB1  ZWILCH  UBE2C  KNTC1  CDCA2  PRC1  BAZ1B  TPX2  CDC6  FBXO5  SMC4  KAT2B  MND1  SGO1  CENPE  CDK1  AURKB  MRE11  NDC1  ASPM  TRIP13  SPAG5  STAG2  USP9X  BRIP1  KIF2C  DSN1  CCNB2  NIPBL  RAD21  WASHC5  CENPN  ESCO2  CCNE2  DDX3X  BRCA1  CENPQ  RAD18  SMC1A  SMC3  ECT2  KIF14  HJURP  SETDB2  RB1  NCOR1  EML4  SMC6  SMARCAD1  HASPIN  GEN1  KIF15  CEP63  STIL  CENPU  CENPJ  SASS6  PBRM1  ARID2  SYCP2  NEK7"
2.76910756464738e-46,306,3920,2.26660169685852,"GO:0006996 Organelle organization ","https://amigo.geneontology.org/amigo/term/GO:0006996"," RECQL  CDC27  NCAPD2  ANLN  MRE11  RB1CC1  SPDL1  OFD1  TPR  NDC1  NCKAP1  ATG2B  ROCK1  NUP133  TRIP13  SMC1A  CLASP1  MCM6  TOP2B  PCM1  EPB41L2  NDC80  HACE1  RAD54L  DNM1L  KIZ  KIF4A  TDRD1  CEP192  STAG2  CENPI  KATNAL1  CCP110  OIP5  NBN  SMC3  NCAPG  NUP107  C2CD5  FBXO5  MDN1  RAB23  TTK  NUP155  PIKFYVE  TRAK2  ALMS1  SSX2IP  BLZF1  CAMSAP2  PLS1  NCAPH  MND1  IFT81  CENPK  TUBA1B  STIL  HJURP  DLGAP5  MACF1  AKAP9  PEX1  POT1  STRIP2  CLIP1  TOP2A  NES  USPL1  ROCK2  HOOK1  WASHC4  CKAP2  BORA  SETDB2  BRIP1  SMC2  CDK5RAP2  DSCC1  NUSAP1  KIF23  TTLL7  KIF11  SEC31A  SEC24B  NEDD1  GAS2L3  IQGAP1  SSH2  NUF2  EML4  LNPK  FANCD2  CENPC  PHIP  ARHGAP18  MTFR2  NCAPG2  ADD3  MKI67  NCAPD3  CENPJ  DCLRE1C  PLEKHH2  SKA1  EME1  APOOL  NUP205  FBXO43  SASS6  VPS8  BUB1B  WDR19  TAOK1  RACGAP1  CLASP2  SPICE1  NIPBL  DLC1  RAD21  WASHC5  BRWD3  NEMF  CEP295  C2CD3  CEP120  BUB1  MTM1  ESCO2  ATF7IP  CEP83  ZWILCH  CEP135  ATR  UBE2C  CKAP5  ERCC4  LYSMD3  RTTN  RMI1  AURKB  CEP63  KNTC1  CDCA2  KIF24  SYCP2  MYO6  RAD54B  BLM  CD2AP  OPA1  PRC1  PRKDC  XRN1  AP1G1  BAZ1B  UFL1  SLC4A7  WNK1  SYT1  HSP90AA1  TPX2  CDC45  SPG11  MET  RAD51AP1  SMC4  KAT2B  NEK2  USP9X  CNOT1  MCM8  SGO1  MOSPD2  SYNE1  GINS2  PRKAA1  MARCHF7  DNA2  CENPE  PLK4  KIF2C  RASA1  GINS4  CHEK1  EIF5B  CIP2A  TOPBP1  SKA3  TSC1  HSP90B1  MMGT1  CDK1  ARL6IP1  DHX36  TRAF6  DDX3X  BRCA1  POLQ  ASPM  PSME4  EXOC5  SPAG5  XPO1  PDS5B  ATRX  RRN3  TRPM7  KIAA0586  DAAM1  SMCHD1  TJP1  MDM1  MAN2A1  ECT2  EHBP1  ATF2  MASTL  PIK3CA  PDS5A  HAT1  FIGNL1  AP3B1  RFC3  CEP350  RC3H1  DNAJC13  ZGRF1  USO1  BRCA2  PIK3R1  C9orf72  CEP78  EPS8  PAN3  USP16  CCNB2  CENPN  MARF1  RRM1  KIF5B  MTBP  CCNE2  FIGN  IL1RAP  NF1  PLIN5  ARHGEF28  MPHOSPH9  PPP1R12A  INTS13  SLK  ARFGEF1  CDC6  MSH2  EEA1  ARHGAP21  GNPTAB  MSH3  RAB3GAP1  DOCK7  KIF14  FASTKD2  NUP153  COG6  GCC2  KNL1  KIF21A  RB1  NCOR1  CLTC  HMCN1  NEK7  SPC25  AHCTF1  TBC1D31  SMG1  SON  SMC6  ARHGAP12  NEMP1  TRAPPC11  PDCD6IP  HASPIN  GEN1  PRPF40A  XRCC2  LRBA  DOP1A  MTIF2  WDR11  KIF15  ATP7A  MYBL1  SEMA6A  JAK2  ERBIN  CENPF  SHLD2  KIF20B  PBRM1  ARID2  RFC1  EPS15  SEC23IP  CDC25C  EXO1"
8.43995573421162e-46,156,1207,3.75281519475966,"GO:0051726 Regulation of cell cycle ","https://amigo.geneontology.org/amigo/term/GO:0051726"," CDC27  DBF4  BRCA1  MRE11  TPR  USP28  INTS13  TP53BP1  TRIP13  RBL1  ORC1  WDR76  CLSPN  CDC6  CCP110  NBN  BIRC2  FBXO5  TTK  ALMS1  CENPF  DLGAP5  BORA  CDK5RAP2  RB1  TICRR  DTL  FANCD2  MKI67  EME1  FBXO43  BUB1B  CDC25C  BRINP3  SPICE1  TOPBP1  CDC25A  TSC1  CEP295  CEP120  BUB1  CDK1  MTBP  ZWILCH  ATR  UBE2C  CCNE2  AURKB  LIN9  KNTC1  CDCA2  BAZ1B  UFL1  WNK1  PRR11  RAD51AP1  KAT2B  ECT2  STIL  KAT7  NUSAP1  PLK4  CHEK1  NEK7  CENPJ  PTPRK  SASS6  RACGAP1  E2F7  RRM1  RRM2  BLM  PRC1  E2F2  ZZZ3  SPDL1  ASPM  SPAG5  XPO1  ATRX  TPX2  MSH2  NCAPG  MDM1  SMC4  NCAPH  E2F8  FIGNL1  ROCK2  SMC2  KIF20B  BRCA2  NCAPG2  CDK19  USP16  CUL4B  SON  RAD21  DDIAS  CDK12  ATAD5  SPDYE18  ATP2B4  PKN2  LRP6  RAD18  NDC80  CDC5L  CDC7  ATF2  NEK2  KIF14  MASTL  CIT  CLOCK  EPC2  KIF23  KNL1  KIF11  DNA2  CENPE  IQGAP1  CLTC  KIF2C  INTS7  UHMK1  AHCTF1  SKA1  TAOK1  SMC6  SKA3  PDCD6IP  SLFN11  HASPIN  GEN1  PIK3R4  PRPF40A  DDX3X  PRKDC  NCAPD2  NCAPD3  PHIP  CEP63  GTSE1  RBBP8  BRIP1  BARD1  NUF2  SPC25  PBRM1  ARID2  ANLN  CDC45  EIF4G2  CCNT1  IPO7"
7.44098303429165e-41,95,497,5.55017998126085,"GO:0000280 Nuclear division ","https://amigo.geneontology.org/amigo/term/GO:0000280"," NCAPD2  SPDL1  TPR  TRIP13  CLASP1  TOP2B  NDC80  RAD54L  CEP192  CENPI  NCAPG  FBXO5  TTK  NCAPH  MND1  CENPK  TOP2A  BORA  BRIP1  SMC2  CDK5RAP2  NUSAP1  KIF23  KIF11  NUF2  FANCD2  CENPC  NCAPG2  MKI67  NCAPD3  EME1  FBXO43  BUB1B  RACGAP1  CLASP2  SPICE1  BUB1  ZWILCH  ERCC4  RMI1  KNTC1  CDCA2  SYCP2  RAD54B  PRC1  BAZ1B  TPX2  RAD51AP1  SMC4  KAT2B  CENPE  CHEK1  SKA1  SKA3  CDK1  UBE2C  AURKB  MRE11  NDC1  ASPM  NEK2  MASTL  SGO1  FIGNL1  BRCA2  EPS8  USP16  CCNB2  NIPBL  RAD21  WASHC5  MARF1  MTBP  CCNE2  SMC1A  SPAG5  KIF4A  STAG2  SMC3  KIF14  KNL1  RB1  KIF2C  EML4  HASPIN  GEN1  PHIP  KIF15  MYBL1  CENPF  DLGAP5  KIF20B  SPC25  ANLN  CDC25C"
2.19274191627581e-40,99,549,5.23603692106179,"GO:0048285 Organelle fission ","https://amigo.geneontology.org/amigo/term/GO:0048285"," NCAPD2  SPDL1  TPR  TRIP13  CLASP1  TOP2B  NDC80  RAD54L  DNM1L  CEP192  CENPI  NCAPG  FBXO5  TTK  NCAPH  MND1  CENPK  TOP2A  BORA  BRIP1  SMC2  CDK5RAP2  NUSAP1  KIF23  KIF11  NUF2  FANCD2  CENPC  MTFR2  NCAPG2  MKI67  NCAPD3  EME1  FBXO43  BUB1B  RACGAP1  CLASP2  SPICE1  WASHC5  BUB1  ZWILCH  ERCC4  RMI1  KNTC1  CDCA2  SYCP2  RAD54B  PRC1  BAZ1B  TPX2  RAD51AP1  SMC4  KAT2B  CENPE  CHEK1  SKA1  SKA3  CDK1  UBE2C  AURKB  MRE11  NDC1  ASPM  NEK2  MASTL  SGO1  FIGNL1  AP3B1  BRCA2  EPS8  USP16  CCNB2  NIPBL  RAD21  MARF1  MTBP  CCNE2  SMC1A  SPAG5  KIF4A  STAG2  SMC3  KIF14  KNL1  RB1  KIF2C  EML4  HASPIN  GEN1  PHIP  KIF15  MYBL1  CENPF  DLGAP5  KIF20B  SPC25  ANLN  CDC25C  OPA1"
1.46123197034103e-38,79,356,6.44342745725147,"GO:0098813 Nuclear chromosome segregation ","https://amigo.geneontology.org/amigo/term/GO:0098813"," CDC27  NCAPD2  SPDL1  TPR  CLASP1  TOP2B  NDC80  KIF4A  CEP192  CENPI  NCAPG  TTK  CENPF  NCAPH  CENPK  TOP2A  SMC2  CDK5RAP2  NUSAP1  KIF23  KNL1  KIF11  NUF2  FANCD2  CENPC  NCAPG2  NCAPD3  BUB1B  RACGAP1  CLASP2  SPICE1  BUB1  ZWILCH  UBE2C  KNTC1  PRC1  BAZ1B  TPX2  FBXO5  SMC4  KAT2B  MND1  SGO1  CENPE  SPC25  SKA1  SKA3  CDK1  AURKB  MRE11  NDC1  ASPM  TRIP13  SPAG5  NEK2  BRIP1  CCNB2  NIPBL  RAD21  WASHC5  CCNE2  CENPQ  SMC1A  CDC6  STAG2  SMC3  ECT2  KIF14  RB1  KIF2C  EML4  HASPIN  GEN1  KIF15  DLGAP5  DSN1  PBRM1  ARID2  SYCP2"
4.23333938592853e-38,132,1023,3.74660706375096,"GO:0006974 Dna damage response ","https://amigo.geneontology.org/amigo/term/GO:0006974"," RECQL  BAZ1B  BRCA1  MRE11  USP28  POLQ  TP53BP1  RAD18  HLTF  MCM6  POLD3  PALB2  RAD54L  WDR76  CLSPN  CDC45  MSH2  CDC7  POLE2  POLI  RBBP8  NBN  NEIL3  RAD51AP1  MSH3  MSH6  TTF2  SHLD2  DEK  MCM8  GINS2  RFC3  BRIP1  ZGRF1  BRCA2  TICRR  DTL  FANCD2  MMS22L  GINS4  DCLRE1C  TRIP12  EME1  CUL4B  SMC6  TOPBP1  NIPBL  RAD21  CDK1  EXO1  ATR  ERCC4  RMI1  FANCB  PARPBP  XRCC2  RAD54B  BLM  WDHD1  DCLRE1A  PRKDC  PPP4R3B  TAF9B  UFL1  PIAS1  ATF2  USP9X  POT1  TOP2A  FIGNL1  EPC2  KAT7  DNA2  CHEK1  USP16  SMG1  TAOK1  USP1  CIP2A  OTUD4  E2F7  FAM111A  RRM1  SLFN11  MSL2  MYO6  TOPORS  RFC1  MTREX  FNIP2  MCM10  PSME4  TRIP13  SMC1A  TOP2B  ATRX  SUPT16H  CDC5L  SMCHD1  POLA1  SMC3  PDS5A  CLOCK  EPRS1  BARD1  FANCI  INTS7  PIK3R1  EMSY  CHAF1B  SMARCAD1  DDIAS  MARF1  ESCO2  TRAF6  ATAD5  GEN1  CEP63  BCLAF1  NEDD4  CBX5  FBXO5  MARCHF7  BACH1  ARID2  MASTL  TAF2  GTSE1  PARP4  KAT2B  TAF5  PBRM1"
3.59464521759604e-36,71,303,6.80386315785136,"GO:0140014 Mitotic nuclear division ","https://amigo.geneontology.org/amigo/term/GO:0140014"," NCAPD2  SPDL1  TPR  CLASP1  NDC80  CEP192  CENPI  NCAPG  FBXO5  TTK  NCAPH  CENPK  BORA  SMC2  CDK5RAP2  NUSAP1  KIF23  KIF11  NUF2  CENPC  NCAPG2  MKI67  NCAPD3  FBXO43  BUB1B  RACGAP1  CLASP2  SPICE1  BUB1  ZWILCH  KNTC1  CDCA2  PRC1  BAZ1B  TPX2  SMC4  KAT2B  CENPE  CHEK1  SKA1  SKA3  CDK1  UBE2C  AURKB  NEK2  EPS8  USP16  NIPBL  RAD21  MTBP  TRIP13  SMC1A  SPAG5  KIF4A  STAG2  SMC3  KIF14  KNL1  RB1  KIF2C  EML4  HASPIN  GEN1  PHIP  KIF15  CENPF  DLGAP5  KIF20B  SPC25  ANLN  CDC25C"
7.52174973388837e-36,133,1089,3.54620315056134,"GO:0006259 Dna metabolic process ","https://amigo.geneontology.org/amigo/term/GO:0006259"," RECQL  DBF4  BRCA1  MRE11  POLQ  MCM10  RAD18  TRIP13  HLTF  MCM6  TOP2B  POLD3  PALB2  ATRX  ORC1  RAD54L  CDC45  MSH2  CDC7  POLE2  DICER1  POLI  RBBP8  POLA1  NBN  NEIL3  RAD51AP1  MSH3  MSH6  TTF2  MND1  SHLD2  DEK  MCM8  POT1  GINS2  TOP2A  RFC3  ORC3  BRIP1  DNA2  ZGRF1  BRCA2  TICRR  FANCD2  MMS22L  GINS4  DCLRE1C  EME1  SMC6  TOPBP1  NIPBL  RAD21  FAM111A  NOC3L  EXO1  ATR  ERCC4  RMI1  FANCB  PARPBP  FAM111B  XRCC2  RAD54B  BLM  PRIM1  WDHD1  DCLRE1A  PRKDC  XRN1  RFC1  TP53BP1  HSP90AA1  USP9X  FIGNL1  EPC2  KAT7  DSCC1  DTL  CHEK1  CUL4B  USP1  OTUD4  RRM1  SLFN11  GEN1  UFL1  USP28  PSME4  SMC1A  N4BP2  SUPT16H  CLSPN  CDC6  CDC5L  SMCHD1  SMC3  CENPF  APAF1  PDS5A  E2F8  BARD1  FANCI  CCNA2  TRIP12  SMG1  EMSY  CHAF1B  TAOK1  SMARCAD1  E2F7  MARF1  TET2  CDK1  ESCO2  CCNE2  ATAD5  LIN9  FBXO5  NEK2  NEK7  BACH1  DHX36  AURKB  ARID2  PPP4R3B  TAF2  PARP4  KAT2B  TAF5  PBRM1  CDC25A  KPNA2"
1.20332061341686e-35,65,253,7.4598944994646,"GO:0000819 Sister chromatid segregation ","https://amigo.geneontology.org/amigo/term/GO:0000819"," CDC27  NCAPD2  SPDL1  TPR  CLASP1  TOP2B  NDC80  CEP192  CENPI  NCAPG  TTK  NCAPH  CENPK  TOP2A  SMC2  CDK5RAP2  NUSAP1  KIF23  KIF11  NUF2  CENPC  NCAPG2  NCAPD3  BUB1B  RACGAP1  CLASP2  SPICE1  BUB1  ZWILCH  UBE2C  KNTC1  PRC1  BAZ1B  TPX2  FBXO5  SMC4  KAT2B  CENPE  SKA1  SKA3  CDK1  AURKB  NEK2  NIPBL  RAD21  TRIP13  SMC1A  SPAG5  KIF4A  CDC6  STAG2  SMC3  KIF14  KNL1  RB1  KIF2C  EML4  HASPIN  GEN1  KIF15  CENPF  DLGAP5  SPC25  PBRM1  ARID2"
1.74966943698703e-34,59,211,8.11912834075889,"GO:0000070 Mitotic sister chromatid segregation ","https://amigo.geneontology.org/amigo/term/GO:0000070"," NCAPD2  SPDL1  TPR  CLASP1  NDC80  CEP192  CENPI  NCAPG  TTK  NCAPH  CENPK  SMC2  CDK5RAP2  NUSAP1  KIF23  KIF11  NUF2  CENPC  NCAPG2  NCAPD3  BUB1B  RACGAP1  CLASP2  SPICE1  BUB1  ZWILCH  KNTC1  PRC1  BAZ1B  TPX2  FBXO5  SMC4  KAT2B  CENPE  SKA1  SKA3  CDK1  UBE2C  AURKB  NEK2  NIPBL  RAD21  TRIP13  SMC1A  SPAG5  KIF4A  STAG2  SMC3  KIF14  KNL1  RB1  KIF2C  EML4  HASPIN  GEN1  KIF15  CENPF  DLGAP5  SPC25"
9.81883198347001e-34,101,681,4.30639747305589,"GO:0006281 Dna repair ","https://amigo.geneontology.org/amigo/term/GO:0006281"," RECQL  BRCA1  MRE11  POLQ  RAD18  HLTF  MCM6  POLD3  PALB2  RAD54L  CDC45  MSH2  CDC7  POLE2  POLI  RBBP8  NBN  NEIL3  RAD51AP1  MSH3  MSH6  TTF2  SHLD2  DEK  MCM8  GINS2  RFC3  BRIP1  ZGRF1  BRCA2  FANCD2  MMS22L  GINS4  DCLRE1C  EME1  SMC6  NIPBL  RAD21  EXO1  ATR  ERCC4  RMI1  FANCB  PARPBP  XRCC2  RAD54B  BLM  WDHD1  DCLRE1A  PRKDC  TP53BP1  USP9X  POT1  FIGNL1  EPC2  KAT7  DNA2  DTL  CHEK1  CUL4B  USP1  TOPBP1  OTUD4  FAM111A  RRM1  UFL1  RFC1  USP28  PSME4  TRIP13  SMC1A  TOP2B  ATRX  SUPT16H  CLSPN  CDC5L  SMCHD1  POLA1  SMC3  PDS5A  BARD1  FANCI  TICRR  TRIP12  SMG1  EMSY  CHAF1B  TAOK1  SMARCAD1  MARF1  ESCO2  GEN1  BACH1  ARID2  PPP4R3B  TAF2  PARP4  KAT2B  TAF5  PBRM1  CDK1"
3.09020582448147e-33,93,587,4.60028456762948,"GO:0044770 Cell cycle phase transition ","https://amigo.geneontology.org/amigo/term/GO:0044770"," CDC27  DBF4  BRCA1  MRE11  USP28  TP53BP1  TRIP13  RBL1  ORC1  WDR76  CLSPN  CDC6  NBN  TTK  CENPF  CDK5RAP2  RB1  TICRR  DTL  FANCD2  CCNA2  EME1  BUB1B  CCNB2  CDC25C  TOPBP1  CDC25A  BUB1  CDK1  MTBP  ZWILCH  ATR  UBE2C  CCNE2  KNTC1  UFL1  FBXO5  STIL  NES  CHEK1  CENPJ  SASS6  E2F7  RRM1  RRM2  AURKB  BLM  PIAS1  SPDL1  NDC80  MSH2  RBBP8  EPS8  CUL4B  RAD21  ATAD5  TPR  ATP2B4  TAF2  CLASP1  CDC5L  CDC7  ATF2  KIF14  MASTL  CLOCK  KNL1  DNA2  CENPE  INTS7  SKA1  TAOK1  CLASP2  SKA3  SLFN11  HASPIN  GEN1  DDX3X  PRKDC  CEP63  GTSE1  DLGAP5  BRIP1  BARD1  BRCA2  NUF2  SPC25  PBRM1  ARID2  ANLN  CDC45  CUL2  MELK"
9.4697579360379e-31,81,479,4.91008890244188,"GO:1901987 Regulation of cell cycle phase transition ","https://amigo.geneontology.org/amigo/term/GO:1901987"," DBF4  BRCA1  MRE11  USP28  TP53BP1  TRIP13  RBL1  ORC1  WDR76  CLSPN  CDC6  NBN  TTK  CENPF  CDK5RAP2  RB1  TICRR  DTL  FANCD2  EME1  BUB1B  CDC25C  TOPBP1  CDC25A  BUB1  CDK1  MTBP  ZWILCH  ATR  UBE2C  CCNE2  KNTC1  UFL1  FBXO5  STIL  CHEK1  CENPJ  SASS6  E2F7  RRM1  RRM2  BLM  SPDL1  MSH2  CUL4B  RAD21  ATAD5  TPR  ATP2B4  NDC80  CDC5L  CDC7  ATF2  KIF14  CLOCK  KNL1  DNA2  CENPE  INTS7  SKA1  TAOK1  SKA3  SLFN11  HASPIN  GEN1  DDX3X  PRKDC  AURKB  CEP63  GTSE1  RBBP8  DLGAP5  BRIP1  BARD1  BRCA2  NUF2  SPC25  PBRM1  ARID2  ANLN  CDC45"
3.07636835312042e-30,68,339,5.82437145308777,"GO:0010948 Negative regulation of cell cycle process ","https://amigo.geneontology.org/amigo/term/GO:0010948"," BRCA1  MRE11  USP28  TP53BP1  TRIP13  RBL1  ORC1  WDR76  CLSPN  CDC6  CCP110  NBN  FBXO5  TTK  CDK5RAP2  RB1  TICRR  DTL  FANCD2  EME1  FBXO43  BUB1B  TOPBP1  BUB1  CDK1  ZWILCH  ATR  KNTC1  BAZ1B  UFL1  KAT2B  CHEK1  E2F7  BLM  SPDL1  MSH2  MDM1  E2F8  RAD21  MTBP  TPR  NDC80  ATRX  CDC5L  ATF2  NEK2  CLOCK  KNL1  DNA2  INTS7  SKA1  TAOK1  SKA3  SLFN11  HASPIN  GEN1  PRKDC  AURKB  CEP63  GTSE1  RBBP8  CENPF  BRIP1  BARD1  BRCA2  NUF2  SPC25  CDC45"
4.64381792074826e-28,83,548,4.39781933167482,"GO:0007346 Regulation of mitotic cell cycle ","https://amigo.geneontology.org/amigo/term/GO:0007346"," BRCA1  MRE11  INTS13  RBL1  ORC1  CLSPN  CDC6  NBN  FBXO5  TTK  CENPF  DLGAP5  BORA  CDK5RAP2  RB1  TICRR  DTL  FANCD2  MKI67  EME1  FBXO43  BUB1B  CDC25C  BRINP3  TOPBP1  CDC25A  BUB1  CDK1  MTBP  ZWILCH  UBE2C  CCNE2  KNTC1  CDCA2  STIL  NUSAP1  CHEK1  NEK7  CENPJ  SASS6  E2F7  RRM1  RRM2  ATR  BLM  SPDL1  MSH2  BRCA2  CUL4B  RAD21  ATAD5  TPR  PKN2  TRIP13  NDC80  CDC7  ATF2  KIF14  KNL1  CENPE  IQGAP1  SKA1  TAOK1  SKA3  SLFN11  HASPIN  GEN1  DDX3X  PRKDC  PHIP  AURKB  CDC27  GTSE1  RBBP8  KIF20B  BARD1  NUF2  SPC25  PBRM1  ARID2  ANLN  NEK2  MASTL"
5.71387552387608e-28,54,224,6.99979935794542,"GO:0000075 Cell cycle checkpoint signaling ","https://amigo.geneontology.org/amigo/term/GO:0000075"," BRCA1  MRE11  USP28  TP53BP1  TRIP13  ORC1  WDR76  CLSPN  CDC6  NBN  TTK  CDK5RAP2  TICRR  DTL  FANCD2  EME1  BUB1B  TOPBP1  BUB1  CDK1  ZWILCH  ATR  KNTC1  UFL1  CHEK1  E2F7  BLM  SPDL1  MSH2  TPR  NDC80  CDC5L  ATF2  CLOCK  KNL1  DNA2  INTS7  SKA1  TAOK1  SKA3  HASPIN  GEN1  PRKDC  AURKB  CEP63  GTSE1  RBBP8  CENPF  BRIP1  BARD1  BRCA2  NUF2  SPC25  CDC45"
1.39669959263992e-27,47,166,8.22109411428485,"GO:0006261 Dna-templated dna replication ","https://amigo.geneontology.org/amigo/term/GO:0006261"," RECQL  DBF4  MCM10  MCM6  POLD3  ATRX  ORC1  CDC45  POLE2  POLA1  RFC3  ORC3  DNA2  TICRR  MMS22L  EME1  TOPBP1  NOC3L  BLM  PRIM1  WDHD1  MRE11  RFC1  POLQ  RBBP8  NBN  GINS2  KAT7  DSCC1  GINS4  FAM111A  SLFN11  GEN1  CDC6  E2F8  BRCA2  E2F7  RRM1  CCNE2  ATAD5  CDC7  FBXO5  EXO1  ATR  BRCA1  MCM8  BARD1"
1.41074838101457e-27,130,1263,2.98868299028431,"GO:0033043 Regulation of organelle organization ","https://amigo.geneontology.org/amigo/term/GO:0033043"," CDC27  TPR  TRIP13  C2CD5  FBXO5  TTK  ALMS1  CAMSAP2  AKAP9  POT1  CLIP1  NES  CKAP2  BORA  SETDB2  CDK5RAP2  SSH2  ARHGAP18  ADD3  MKI67  PLEKHH2  SKA1  FBXO43  BUB1B  TAOK1  SPICE1  WASHC5  CEP295  CEP120  BUB1  MTM1  ATF7IP  ZWILCH  UBE2C  KNTC1  CDCA2  XRN1  BAZ1B  NCAPD2  NCKAP1  ROCK1  TPX2  MET  NCAPG  RAD51AP1  SMC4  KAT2B  NCAPH  STIL  CNOT1  MARCHF7  SMC2  NUSAP1  PLK4  RASA1  CHEK1  CENPJ  SASS6  CLASP2  DLC1  SKA3  TSC1  CDK1  CKAP5  ERCC4  AURKB  SPDL1  SYT1  CLASP1  ATRX  DNM1L  CCP110  TJP1  MDM1  ECT2  PIK3CA  SYNE1  PRKAA1  ROCK2  PIK3R1  C9orf72  EPS8  PAN3  RAD21  MTBP  IL1RAP  CD2AP  OPA1  MRE11  MPHOSPH9  ARFGEF1  SPAG5  NDC80  CDC6  NBN  PIKFYVE  RAB3GAP1  NEK2  TOP2A  KNL1  CENPE  KIF21A  RB1  CLTC  LNPK  NEK7  SMG1  PDCD6IP  ARL6IP1  CEP135  DHX36  HASPIN  GEN1  KIF24  PHIP  NCAPG2  NCAPD3  ATR  BRCA1  CENPF  DLGAP5  WASHC4  KIF20B  NUF2  SPC25  SMC6  PBRM1  ARID2  HSP90AA1  CDC25C"
1.41074838101457e-27,76,469,4.70522720799427,"GO:0044772 Mitotic cell cycle phase transition ","https://amigo.geneontology.org/amigo/term/GO:0044772"," CDC27  BRCA1  MRE11  RBL1  ORC1  CLSPN  CDC6  NBN  TTK  CENPF  CDK5RAP2  RB1  TICRR  DTL  CCNA2  BUB1B  CCNB2  CDC25C  TOPBP1  CDC25A  BUB1  CDK1  MTBP  ZWILCH  UBE2C  CCNE2  KNTC1  FBXO5  STIL  NES  CHEK1  CENPJ  SASS6  E2F7  RRM1  RRM2  ATR  BLM  PIAS1  SPDL1  RBBP8  EPS8  CUL4B  RAD21  ATAD5  TPR  TAF2  TRIP13  CLASP1  NDC80  CDC7  KIF14  MASTL  KNL1  CENPE  SKA1  TAOK1  CLASP2  SKA3  SLFN11  HASPIN  GEN1  DDX3X  PRKDC  AURKB  GTSE1  DLGAP5  BARD1  NUF2  SPC25  PBRM1  ARID2  DBF4  ANLN  CUL2  MELK"
2.38757893242674e-27,59,280,6.11834314250045,"GO:0090068 Positive regulation of cell cycle process ","https://amigo.geneontology.org/amigo/term/GO:0090068"," DBF4  CDC25C  CDC25A  CEP120  MTBP  CCNE2  WNK1  CDC6  RAD51AP1  KAT2B  ECT2  STIL  NUSAP1  PLK4  CENPJ  SASS6  RACGAP1  CEP295  RRM1  CDK1  RRM2  UBE2C  AURKB  ATRX  NCAPG  SMC4  NCAPH  E2F8  ROCK2  SMC2  KIF20B  NCAPG2  CUL4B  E2F7  TPR  PKN2  RAD18  SPAG5  NDC80  CDC7  FBXO5  KIF14  CIT  KIF23  RB1  DTL  SKA1  SMC6  RAD21  SKA3  BUB1  ATAD5  GEN1  DDX3X  NCAPD2  NCAPD3  KNL1  PHIP  DLGAP5"
2.90593250819907e-27,43,137,9.11355331383216,"GO:0051983 Regulation of chromosome segregation ","https://amigo.geneontology.org/amigo/term/GO:0051983"," CDC27  TTK  CDK5RAP2  MKI67  BUB1B  BUB1  ZWILCH  UBE2C  KNTC1  CDCA2  CDC6  FBXO5  KAT2B  CDK1  AURKB  SPDL1  NCAPG  SMC4  NCAPH  SMC2  NCAPG2  RAD21  TPR  RAD18  TRIP13  NDC80  KNL1  CENPE  RB1  KIF2C  SKA1  SMC6  SKA3  HASPIN  GEN1  NCAPD2  NCAPD3  CENPF  DLGAP5  NUF2  SPC25  PBRM1  ARID2"
5.98684359164168e-27,94,721,3.78558009145988,"GO:0000226 Microtubule cytoskeleton organization ","https://amigo.geneontology.org/amigo/term/GO:0000226"," SPDL1  TPR  CLASP1  PCM1  KIZ  KIF4A  CEP192  KATNAL1  CCP110  ALMS1  CAMSAP2  TUBA1B  STIL  DLGAP5  CLIP1  HOOK1  CKAP2  BORA  CDK5RAP2  NUSAP1  KIF23  TTLL7  KIF11  NEDD1  NUF2  EML4  CENPJ  SKA1  SASS6  RACGAP1  CLASP2  SPICE1  CEP295  C2CD3  CEP120  CEP135  CKAP5  RTTN  AURKB  CEP63  KIF24  PRC1  ROCK1  NDC80  TPX2  KAT2B  NEK2  SGO1  GAS2L3  PLK4  KIF2C  CHEK1  SKA3  CDK1  BRCA1  OFD1  ASPM  SPAG5  XPO1  ATRX  MDM1  FBXO5  PRKAA1  FIGNL1  ROCK2  CEP350  CCNB2  WASHC5  FIGN  PPP1R12A  INTS13  SLK  SMC1A  STAG2  MET  SMC3  DOCK7  SSX2IP  AKAP9  GCC2  CENPE  KIF21A  BRCA2  NCOR1  CLTC  SPC25  SON  TAOK1  PDCD6IP  GEN1  XRCC2  KIF15  TTK  NEK7"
1.07019095511707e-26,59,288,5.94838916631988,"GO:1901988 Negative regulation of cell cycle phase transition ","https://amigo.geneontology.org/amigo/term/GO:1901988"," BRCA1  MRE11  USP28  TP53BP1  TRIP13  RBL1  ORC1  WDR76  CLSPN  CDC6  NBN  TTK  CDK5RAP2  RB1  TICRR  DTL  FANCD2  EME1  BUB1B  TOPBP1  BUB1  CDK1  ZWILCH  ATR  KNTC1  UFL1  FBXO5  CHEK1  E2F7  BLM  SPDL1  MSH2  RAD21  TPR  NDC80  CDC5L  ATF2  CLOCK  KNL1  DNA2  INTS7  SKA1  TAOK1  SKA3  SLFN11  HASPIN  GEN1  PRKDC  AURKB  CEP63  GTSE1  RBBP8  CENPF  BRIP1  BARD1  BRCA2  NUF2  SPC25  CDC45"
1.66683777946107e-26,60,301,5.7879477895156,"GO:0006260 Dna replication ","https://amigo.geneontology.org/amigo/term/GO:0006260"," RECQL  DBF4  MCM10  MCM6  POLD3  ATRX  ORC1  CDC45  POLE2  POLA1  RFC3  ORC3  DNA2  TICRR  MMS22L  EME1  TOPBP1  FAM111A  NOC3L  FAM111B  BLM  PRIM1  WDHD1  MRE11  RFC1  POLQ  RBBP8  NBN  GINS2  KAT7  DSCC1  GINS4  SLFN11  GEN1  SUPT16H  CDC6  POLI  E2F8  BRCA2  DTL  CHAF1B  E2F7  RRM1  CDK1  CCNE2  ATAD5  RMI1  CDC7  SMC3  FBXO5  PDS5A  CCNA2  ESCO2  EXO1  ATR  BRCA1  MCM8  BARD1  CHEK1  CDC25A"
2.91732706080531e-26,71,430,4.79435008564875,"GO:0045786 Negative regulation of cell cycle ","https://amigo.geneontology.org/amigo/term/GO:0045786"," BRCA1  MRE11  USP28  TP53BP1  TRIP13  RBL1  ORC1  WDR76  CLSPN  CDC6  CCP110  NBN  FBXO5  TTK  CDK5RAP2  RB1  TICRR  DTL  FANCD2  EME1  FBXO43  BUB1B  BRINP3  TOPBP1  BUB1  CDK1  ZWILCH  ATR  KNTC1  BAZ1B  UFL1  KAT2B  CHEK1  PTPRK  E2F7  BLM  SPDL1  MSH2  MDM1  E2F8  RAD21  MTBP  TPR  NDC80  ATRX  CDC5L  ATF2  NEK2  CLOCK  KNL1  DNA2  INTS7  SKA1  TAOK1  SKA3  SLFN11  HASPIN  GEN1  PRKDC  AURKB  CEP63  GTSE1  RBBP8  CENPF  BRIP1  BARD1  BRCA2  NUF2  SPC25  CDC45  IPO7"
1.72445058099205e-25,114,1063,3.11394858026714,"GO:0007017 Microtubule-based process ","https://amigo.geneontology.org/amigo/term/GO:0007017"," SPDL1  TPR  CLASP1  PCM1  KIZ  KIF16B  KIF4A  CEP192  KATNAL1  CCP110  SPG11  TRAK2  ALMS1  SSX2IP  KIF14  CAMSAP2  IFT81  TUBA1B  STIL  DLGAP5  MACF1  CLIP1  AP3B1  HOOK1  CKAP2  BORA  CDK5RAP2  NUSAP1  KIF23  TTLL7  KIF11  KIF20B  CENPE  KIF21A  NEDD1  KIF2C  NUF2  EML4  CENPJ  SKA1  SASS6  WDR19  RACGAP1  CLASP2  SPICE1  KIF15  CEP295  C2CD3  CEP120  KIF5B  CEP135  CKAP5  RTTN  AURKB  CEP63  KIF24  PRC1  ROCK1  NDC80  TPX2  KAT2B  NEK2  SGO1  GAS2L3  PLK4  CHEK1  SKA3  CDK1  BRCA1  OFD1  ATP2B4  ASPM  SPAG5  XPO1  ATRX  MDM1  FBXO5  KTN1  RIBC2  PRKAA1  FIGNL1  ROCK2  CEP350  CEP78  CCNB2  WASHC5  FIGN  PPP1R12A  INTS13  SLK  SMC1A  HIF1A  STAG2  MET  ARHGAP21  SMC3  DOCK7  AKAP9  PEX1  GCC2  BRCA2  NCOR1  CLTC  SPC25  SON  TAOK1  PDCD6IP  GEN1  XRCC2  GTSE1  TTK  LRPPRC  NEK7  OPA1"
2.21447426580277e-25,169,2047,2.39722452454705,"GO:0033554 Cellular response to stress ","https://amigo.geneontology.org/amigo/term/GO:0033554"," RECQL  BAZ1B  BRCA1  UFL1  MRE11  USP28  POLQ  TP53BP1  RAD18  HLTF  MCM6  DNAJC10  POLD3  HSP90AA1  PALB2  RAD54L  WDR76  CLSPN  CDC45  MSH2  CDC7  POLE2  HIF1A  POLI  RBBP8  UGGT2  NBN  NEIL3  UBE4A  RAD51AP1  MSH3  MSH6  TTF2  SHLD2  DEK  MCM8  GINS2  PRKAA1  RFC3  BRIP1  UGGT1  ZGRF1  BRCA2  TICRR  DTL  FANCD2  MMS22L  GINS4  DCLRE1C  TRIP12  EME1  CUL4B  SMC6  TOPBP1  NIPBL  RAD21  HSP90B1  CDK1  EXO1  ATR  ERCC4  RMI1  FANCB  PARPBP  XRCC2  RAD54B  BLM  WDHD1  DCLRE1A  PRKDC  PPP4R3B  TAF9B  PIAS1  TPR  WNK1  ECT2  ATF2  USP9X  POT1  TOP2A  FIGNL1  EPC2  KAT7  DNA2  PIK3R1  CHEK1  SUV39H2  PTPRK  USP16  SMG1  MORC3  TAOK1  USP1  CIP2A  OTUD4  TSC1  E2F7  FAM111A  RRM1  SLFN11  MSL2  DHX36  SLC8A1  MYO6  TOPORS  OPA1  DDX3X  RFC1  MTREX  FNIP2  MCM10  PSME4  TRIP13  SMC1A  TOP2B  ATRX  SUPT16H  CDC5L  JAK2  SMCHD1  POLA1  SMC3  KAT2B  EDEM3  MYB  APAF1  PIK3CA  PDS5A  CLOCK  USP15  EPRS1  BARD1  FANCI  INTS7  CCNA2  EMSY  CHAF1B  SMARCAD1  OXR1  ATP7A  DDIAS  MARF1  PBK  ESCO2  TRAF6  ATAD5  GEN1  CEP63  PIK3R4  NF1  CD2AP  BCLAF1  NEDD4  RBL1  CBX5  MET  FBXO5  MARCHF7  TMTC3  USP25  BACH1  ARID2  MASTL  ROCK2  TAF2  GTSE1  PARP4  TAF5  PBRM1"
3.82732763058688e-24,63,367,4.98441661819184,"GO:1901990 Regulation of mitotic cell cycle phase transition ","https://amigo.geneontology.org/amigo/term/GO:1901990"," BRCA1  MRE11  RBL1  ORC1  CLSPN  CDC6  NBN  TTK  CENPF  CDK5RAP2  RB1  TICRR  DTL  BUB1B  CDC25C  TOPBP1  CDC25A  BUB1  CDK1  MTBP  ZWILCH  UBE2C  CCNE2  KNTC1  FBXO5  STIL  CHEK1  CENPJ  SASS6  E2F7  RRM1  RRM2  ATR  BLM  SPDL1  CUL4B  RAD21  ATAD5  TPR  TRIP13  NDC80  CDC7  KIF14  KNL1  CENPE  SKA1  TAOK1  SKA3  SLFN11  HASPIN  GEN1  DDX3X  PRKDC  AURKB  GTSE1  RBBP8  DLGAP5  BARD1  NUF2  SPC25  PBRM1  ARID2  ANLN"
9.3948118645243e-24,63,373,4.90423833478929,"GO:0045787 Positive regulation of cell cycle ","https://amigo.geneontology.org/amigo/term/GO:0045787"," DBF4  CDC25C  CDC25A  CEP120  MTBP  CCNE2  WNK1  CDC6  RAD51AP1  KAT2B  ECT2  STIL  NUSAP1  PLK4  CHEK1  CENPJ  SASS6  RACGAP1  CEP295  RRM1  CDK1  RRM2  UBE2C  AURKB  ATRX  NCAPG  SMC4  NCAPH  E2F8  ROCK2  SMC2  KIF20B  BRCA2  NCAPG2  CUL4B  E2F7  SPDYE18  TPR  PKN2  LRP6  RAD18  SPAG5  NDC80  CDC7  FBXO5  KIF14  CIT  KIF23  RB1  DTL  SKA1  SMC6  RAD21  SKA3  BUB1  ATAD5  GEN1  DDX3X  NCAPD2  NCAPD3  KNL1  PHIP  DLGAP5"
1.55679000504581e-23,55,285,5.60347810850472,"GO:0033044 Regulation of chromosome organization ","https://amigo.geneontology.org/amigo/term/GO:0033044"," CDC27  TTK  POT1  SETDB2  CDK5RAP2  BUB1B  BUB1  ATF7IP  ZWILCH  UBE2C  KNTC1  XRN1  BAZ1B  NCAPD2  NCAPG  FBXO5  SMC4  KAT2B  NCAPH  SMC2  CDK1  ERCC4  AURKB  SPDL1  ATRX  RAD21  MRE11  TPR  TRIP13  NDC80  CDC6  NBN  NEK2  TOP2A  KNL1  CENPE  RB1  NEK7  SKA1  SMG1  SKA3  DHX36  HASPIN  GEN1  NCAPG2  NCAPD3  ATR  CENPF  DLGAP5  NUF2  SPC25  SMC6  PBRM1  ARID2  HSP90AA1"
2.70135606767355e-23,272,4363,1.81018741471167,"GO:0019219 Regulation of nucleobase-containing compound metabolic process ","https://amigo.geneontology.org/amigo/term/GO:0019219"," ATF2  MYB  ZNF148  ZNF195  ZFX  DBF4  E2F2  BRCA1  BCLAF1  ARID4A  PIAS1  PER3  RC3H2  GPBP1  ZBTB11  TP53BP1  KDM5A  REST  NCOA1  ZNF302  CDC5L  HIF1A  ZC3H14  TRPS1  EDRF1  ZNF451  MED23  KAT2B  BBX  WDR75  NR5A2  FASTKD2  ZNF430  KLF12  HEATR1  SHLD2  DEK  CNOT1  POT1  ICE2  E2F8  CCNT1  CLOCK  RC3H1  EPC2  KAT7  ZNF189  NCBP1  SLTM  BRCA2  NCOA2  TICRR  NCOR1  PHIP  ZNF92  ZNF462  ARID5B  THRB  WWC2  PAN3  GABPA  BACH1  KAT6B  PAXBP1  SON  MYSM1  REL  ZNF12  ZNF367  BRWD3  E2F7  LEO1  CDK12  ZNF146  ZNF83  ZNF30  TET2  ZNF507  PRDM10  FOXN2  ZNF160  ATF7IP  ZNF680  PHC3  MGA  NR1D2  ZNF519  USF3  ZBTB33  ZNF518A  MED14  NRIP1  ZFP3  FANCB  RFX7  ZNF708  ZNF438  LIN9  ZNF730  ZFP1  PARPBP  MYBL1  ZNF267  ZNF566  ZBTB6  ZNF793  ZNF600  LIN54  ZNF724  ZNF681  ZNF107  ZNF799  ZNF136  ZNF700  ZNF675  ZNF695  ZNF84  ZNF770  MIER1  ZKSCAN8  ZNF616  ZNF611  ZNF891  ZNF736  ZNF718  ZNF260  ZBED6  ZNF850  ZNF224  DCP1A  XRN1  CWC22  LARP7  BAZ1B  MRE11  DEPDC1  ZZZ3  POLQ  FNIP2  PPP1R12A  WNK1  TAF2  LRP6  SENP1  ERC1  CBX5  MSH2  BTAF1  MET  CAPRIN2  RAD51AP1  MSH3  TCERG1  SF3B1  CEBPZ  MSH6  CENPF  NSRP1  FIGNL1  RFC3  ORC3  BRIP1  CDK5RAP2  DSCC1  DNA2  RB1  TAF5  CHEK1  PTPRK  RNF20  ATAD2  MORC3  USP1  NAA15  NIPBL  RAD21  RBPJ  SLFN11  DHX36  TRAF6  ERCC4  AURKB  BLM  DDX3X  PRKDC  RFC1  CCAR1  ROCK1  HLTF  TOP2B  RBL1  ATRX  RRN3  DNM1L  JAK2  RBBP8  BIRC2  CAND1  APAF1  TRIM24  MED13L  TOP2A  PRKAA1  AP3B1  CEP350  CTDSPL2  LRPPRC  SLC39A8  CDCA7  CCNA2  PIK3R1  CENPJ  USP16  EMSY  ZNF714  COPS2  CDK1  MSL2  ATAD5  SUZ12  ARID2  TOPORS  SMARCAD1  CKAP2  UFL1  TPR  ATP2B4  NEDD4  ITGA6  CDC7  SMCHD1  NBN  SMC3  FBXO5  ERBIN  NEK2  PDS5A  NEK7  NBAS  SUV39H2  SMG1  ICE1  NMD3  ESCO2  MALT1  ATR  TAF9B  PPP4R3B  DICER1  TAX1BP1  ROCK2  SETDB2  NAA16  ENPP1  INTS13  MCM6  INTS2  BAZ2B  BARD1  INTS7  RASA1  SMC6  PBRM1  DENND4A  HSP90AA1  DIS3  SUPT16H  CDC6  USP9X  IREB2  CDC25A  KPNA2"
6.58843395382796e-23,31,79,11.3939537603312,"GO:1905818 Regulation of chromosome separation ","https://amigo.geneontology.org/amigo/term/GO:1905818"," TTK  CDK5RAP2  BUB1B  BUB1  ZWILCH  KNTC1  FBXO5  UBE2C  SPDL1  NCAPG  SMC4  NCAPH  SMC2  NCAPG2  RAD21  TPR  TRIP13  NDC80  KNL1  RB1  SKA1  SKA3  HASPIN  GEN1  NCAPD2  NCAPD3  CENPF  DLGAP5  NUF2  SPC25  AURKB"
1.85710134171631e-22,32,88,10.5586199069345,"GO:0051304 Chromosome separation ","https://amigo.geneontology.org/amigo/term/GO:0051304"," TTK  CDK5RAP2  BUB1B  BUB1  ZWILCH  KNTC1  FBXO5  UBE2C  SPDL1  NCAPG  SMC4  NCAPH  SMC2  NCAPG2  RAD21  TPR  TRIP13  NDC80  KNL1  RB1  SKA1  SMARCAD1  SKA3  HASPIN  GEN1  NCAPD2  NCAPD3  CENPF  DLGAP5  NUF2  SPC25  AURKB"
3.03688545431401e-22,242,3743,1.87730738660564,"GO:0051641 Cellular localization ","https://amigo.geneontology.org/amigo/term/GO:0051641"," RANBP2  HEATR5B  SPDL1  TPR  SYT1  NUP133  EXOC5  PALS1  CLASP1  PCM1  THOC1  NDC80  XPO1  TNPO1  EPS15  IPO11  EXOC1  NUP50  NUP188  PLCB4  TJP1  SPG11  NUP107  GNPTAB  C2CD5  MDN1  RAB23  EXOC2  TTK  ARRDC3  NUP155  PLCH1  TRAK2  STXBP3  SSX2IP  BLZF1  CENPF  IFT81  STIL  CSE1L  NUP153  THOC2  AKAP9  PEX1  COPB1  AP3B1  XPO4  HOOK1  GCC2  WASHC4  CDK5RAP2  NCBP1  RANBP6  NUSAP1  KNL1  MYOF  CEP55  EXOC6  SEC31A  USO1  SEC24B  NUF2  EXOC6B  CENPC  GPC3  UHMK1  VPS8  ODR4  WDR19  CLASP2  SPICE1  NIPBL  AP1G1  CEP120  NMD3  ARL6IP1  KIF5B  MTBP  CEP83  ZWILCH  SRP72  CCDC14  KPNA2  KNTC1  PIK3R4  KPNA5  NOL8  ITSN2  LRBA  RANBP17  IPO7  DENND1B  AP4E1  ATR  IBTK  AP2B1  NUP160  ATP2B4  WNK1  TP53BP1  NEDD4  HSP90AA1  DNM1L  NBN  TAX1BP1  ARHGAP21  KAT2B  KIF14  WDR11  PIK3CA  USP9X  MACF1  SGO1  SYNE1  PRKAA1  CEP350  SCYL2  KAT7  BARD1  CENPE  SLC39A8  BRCA2  ABCA12  GOLGA4  TRPC1  PIK3R1  MMS22L  CEP78  SPC25  PTPRK  SKA1  MORC3  TOPBP1  SKA3  C2CD3  MMGT1  CDK1  MTM1  MALT1  LARP7  AURKB  ZDHHC17  TOPORS  PIAS1  PPP1R12A  NDC1  MON2  ASPM  ARFGEF1  SPAG5  ERC1  DOP1A  ATRX  OSBPL8  NRCAM  JAK2  HIF1A  CEP192  SEC23IP  ERBIN  ECT2  PIKFYVE  EHBP1  ATF2  PLS1  ATP8A1  KTN1  COG6  CLOCK  DENND4C  CTDSPL2  KIF20B  DNAJC13  KIF21A  FRMD6  CLTC  KIF2C  SYTL5  C9orf72  ANKRD50  NBAS  AHCTF1  NUP205  BUB1B  CUL4B  WASHC5  GAPVD1  PDCD6IP  ESCO2  DHX36  TRAF6  CCNE2  NECTIN3  CHM  MYO6  NF1  CD2AP  SLC5A3  ZBED6  ROCK1  ROCK2  UFL1  CENPQ  INTS13  EPB41L2  REST  KIF16B  MSH2  KIAA0586  RAPGEF2  RAB3GAP1  ALMS1  NEK2  MCM8  POT1  BORA  RB1  EML4  CENPJ  RAPGEF6  RACGAP1  ICE1  RAD21  NEMF  TSC1  CEP295  HSP90B1  TRAPPC11  CEP135  HASPIN  DDX3X  DCP1A  LRP6  DOCK7  SLC8A1  EEA1  DSN1  KIF4A  TUBA1B  LRPPRC  SMG1  OPA1"
1.18583997334442e-21,42,175,6.96868913857678,"GO:0007093 Mitotic cell cycle checkpoint signaling ","https://amigo.geneontology.org/amigo/term/GO:0007093"," BRCA1  MRE11  ORC1  CLSPN  CDC6  NBN  TTK  CDK5RAP2  TICRR  DTL  FANCD2  EME1  BUB1B  TOPBP1  BUB1  CDK1  ZWILCH  KNTC1  CHEK1  E2F7  ATR  BLM  SPDL1  MSH2  TPR  TRIP13  NDC80  ATF2  KNL1  SKA1  TAOK1  SKA3  HASPIN  GEN1  PRKDC  AURKB  GTSE1  RBBP8  CENPF  BARD1  NUF2  SPC25"
4.28362090065504e-21,56,331,4.91246968479733,"GO:0006302 Double-strand break repair ","https://amigo.geneontology.org/amigo/term/GO:0006302"," RECQL  BRCA1  MRE11  POLQ  MCM6  PALB2  RAD54L  CDC45  CDC7  RBBP8  NBN  RAD51AP1  SHLD2  DEK  MCM8  GINS2  BRIP1  ZGRF1  BRCA2  FANCD2  MMS22L  GINS4  DCLRE1C  EME1  SMC6  NIPBL  RAD21  ERCC4  RMI1  FANCB  PARPBP  XRCC2  RAD54B  BLM  DCLRE1A  PRKDC  TP53BP1  POT1  FIGNL1  EPC2  DNA2  CHEK1  TOPBP1  ATR  TRIP13  TOP2B  MSH2  SMCHD1  MARF1  ESCO2  POLA1  SMARCAD1  GEN1  ARID2  PPP4R3B  PBRM1"
1.37928867618063e-20,35,123,8.26233468327193,"GO:0007088 Regulation of mitotic nuclear division ","https://amigo.geneontology.org/amigo/term/GO:0007088"," FBXO5  TTK  BORA  CDK5RAP2  MKI67  FBXO43  BUB1B  BUB1  ZWILCH  KNTC1  CDCA2  NUSAP1  CHEK1  UBE2C  SPDL1  RAD21  MTBP  TPR  TRIP13  NDC80  KNL1  RB1  SKA1  SKA3  HASPIN  GEN1  PHIP  CENPF  DLGAP5  KIF20B  NUF2  SPC25  AURKB  NEK2  CDC25C"
3.44274046083027e-20,43,200,6.24278401997503,"GO:1901991 Negative regulation of mitotic cell cycle phase transition ","https://amigo.geneontology.org/amigo/term/GO:1901991"," BRCA1  MRE11  RBL1  ORC1  CLSPN  CDC6  NBN  TTK  CDK5RAP2  RB1  TICRR  DTL  BUB1B  TOPBP1  BUB1  CDK1  ZWILCH  KNTC1  FBXO5  CHEK1  E2F7  ATR  BLM  SPDL1  RAD21  TPR  TRIP13  NDC80  KNL1  SKA1  TAOK1  SKA3  SLFN11  HASPIN  GEN1  PRKDC  AURKB  GTSE1  RBBP8  CENPF  BARD1  NUF2  SPC25"
4.29804018148541e-20,49,265,5.36895861305444,"GO:0045930 Negative regulation of mitotic cell cycle ","https://amigo.geneontology.org/amigo/term/GO:0045930"," BRCA1  MRE11  RBL1  ORC1  CLSPN  CDC6  NBN  TTK  CDK5RAP2  RB1  TICRR  DTL  FANCD2  EME1  BUB1B  BRINP3  TOPBP1  BUB1  CDK1  ZWILCH  KNTC1  FBXO5  CHEK1  E2F7  ATR  BLM  SPDL1  MSH2  RAD21  MTBP  TPR  TRIP13  NDC80  ATF2  KNL1  SKA1  TAOK1  SKA3  SLFN11  HASPIN  GEN1  PRKDC  AURKB  GTSE1  RBBP8  CENPF  BARD1  NUF2  SPC25"
5.82652906603489e-20,54,325,4.82447709593777,"GO:0051321 Meiotic cell cycle ","https://amigo.geneontology.org/amigo/term/GO:0051321"," NCAPD2  MRE11  TRIP13  TOP2B  RAD54L  FBXO5  TTK  MND1  TOP2A  BRIP1  NUF2  FANCD2  CENPC  NCAPD3  EME1  FBXO43  CDC25C  CDC25A  ERCC4  RMI1  SYCP2  RAD54B  SMC3  RAD51AP1  NDC1  ASPM  SMC1A  NDC80  ATRX  TDRD1  RBBP8  STAG2  NBN  SMC4  NEK2  MASTL  NCAPH  SGO1  FIGNL1  SMC2  BRCA2  CCNB2  WASHC5  SKA3  MARF1  EXO1  CCNE2  MSH6  KNL1  SKA1  MYBL1  CDC27  RAD21  XRCC2"
2.3911795082107e-19,135,1653,2.37137788290952,"GO:0007010 Cytoskeleton organization ","https://amigo.geneontology.org/amigo/term/GO:0007010"," ANLN  SPDL1  TPR  NCKAP1  ROCK1  CLASP1  PCM1  EPB41L2  KIZ  KIF4A  CEP192  KATNAL1  CCP110  ALMS1  CAMSAP2  PLS1  TUBA1B  STIL  DLGAP5  MACF1  STRIP2  CLIP1  NES  ROCK2  HOOK1  CKAP2  BORA  CDK5RAP2  NUSAP1  KIF23  TTLL7  KIF11  NEDD1  GAS2L3  IQGAP1  SSH2  NUF2  EML4  PHIP  ARHGAP18  ADD3  CENPJ  PLEKHH2  SKA1  SASS6  TAOK1  RACGAP1  CLASP2  SPICE1  DLC1  WASHC5  BRWD3  CEP295  C2CD3  CEP120  CEP135  CKAP5  RTTN  AURKB  CEP63  KIF24  MYO6  CD2AP  PRC1  NDC80  TPX2  MET  KAT2B  NEK2  SGO1  PLK4  KIF2C  RASA1  CHEK1  SKA3  TSC1  HSP90B1  CDK1  BRCA1  OFD1  ASPM  SPAG5  XPO1  ATRX  TRPM7  DAAM1  TJP1  MDM1  FBXO5  ECT2  EHBP1  ATF2  PIK3CA  PRKAA1  FIGNL1  CEP350  PIK3R1  C9orf72  EPS8  CCNB2  FIGN  NF1  ARHGEF28  PPP1R12A  INTS13  SLK  ARFGEF1  SMC1A  STAG2  SMC3  DOCK7  SSX2IP  AKAP9  GCC2  CENPE  KIF21A  BRCA2  NCOR1  CLTC  HMCN1  SPC25  SON  ARHGAP12  PDCD6IP  MTM1  GEN1  PRPF40A  XRCC2  KIF15  SEMA6A  JAK2  ERBIN  WASHC4  TTK  NEK7"
2.87742379157789e-19,64,466,3.98780494339158,"GO:0140694 Non-membrane-bounded organelle assembly ","https://amigo.geneontology.org/amigo/term/GO:0140694"," TPR  CLASP1  CEP192  CCP110  MDN1  ALMS1  DLGAP5  CDK5RAP2  KIF23  KIF11  CENPC  CENPJ  SASS6  RACGAP1  CLASP2  SPICE1  CEP295  C2CD3  CEP120  CEP135  RTTN  CEP63  KNTC1  PRC1  WNK1  TPX2  KAT2B  STIL  CNOT1  MOSPD2  CENPE  PLK4  EIF5B  DDX3X  PRKDC  ASPM  SYT1  NDC80  MDM1  FBXO5  NEK2  PLS1  CENPK  PRKAA1  RC3H1  PAN3  CCNB2  WASHC5  SKA3  SMC1A  SPAG5  KIF4A  STAG2  SMC3  FASTKD2  NCOR1  C9orf72  AURKB  SKA1  KIF15  BRCA1  CENPF  ANLN  NEK7"
3.08895042771743e-19,190,2779,1.98520291521169,"GO:0070727 Cellular macromolecule localization ","https://amigo.geneontology.org/amigo/term/GO:0070727"," HEATR5B  SPDL1  NUP133  PALS1  PCM1  TNPO1  IPO11  NUP50  NUP188  TJP1  NUP107  GNPTAB  C2CD5  RAB23  TTK  ARRDC3  NUP155  TRAK2  STXBP3  BLZF1  STIL  CSE1L  NUP153  PEX1  XPO4  RANBP6  KNL1  CEP55  USO1  GPC3  UHMK1  RANBP2  VPS8  ODR4  NIPBL  ARL6IP1  MTBP  ZWILCH  SRP72  CCDC14  KPNA2  KNTC1  PIK3R4  KPNA5  NOL8  LRBA  RANBP17  IPO7  AP4E1  XPO1  ATR  ATP2B4  WNK1  TP53BP1  HSP90AA1  DNM1L  NBN  TAX1BP1  CENPF  KIF14  WDR11  PIK3CA  USP9X  MACF1  SYNE1  PRKAA1  CEP350  KAT7  BARD1  BRCA2  ABCA12  GOLGA4  PIK3R1  MMS22L  CEP78  PTPRK  MORC3  TOPBP1  C2CD3  MMGT1  CDK1  KIF5B  LARP7  ZDHHC17  TOPORS  AP2B1  NUP160  PIAS1  TPR  NDC1  MON2  ARFGEF1  EXOC5  ERC1  DOP1A  ATRX  EPS15  EXOC1  OSBPL8  NRCAM  JAK2  HIF1A  CEP192  SPG11  EXOC2  ERBIN  ECT2  PIKFYVE  EHBP1  ATF2  PLS1  KTN1  COPB1  AP3B1  COG6  HOOK1  CLOCK  GCC2  WASHC4  DENND4C  CTDSPL2  KIF20B  EXOC6  DNAJC13  SEC31A  SEC24B  FRMD6  CLTC  KIF2C  EXOC6B  SYTL5  C9orf72  ANKRD50  NBAS  AHCTF1  NUP205  BUB1B  WDR19  CUL4B  WASHC5  GAPVD1  AP1G1  CEP120  NMD3  PDCD6IP  MTM1  ESCO2  DHX36  TRAF6  CCNE2  NECTIN3  CHM  MYO6  NF1  CD2AP  SLC5A3  DENND1B  ZBED6  ROCK1  ROCK2  UFL1  CENPQ  INTS13  SPAG5  EPB41L2  REST  MSH2  KIAA0586  RAPGEF2  RAB3GAP1  MCM8  POT1  BORA  RB1  CENPJ  RAPGEF6  CLASP2  ICE1  RAD21  CEP295  HSP90B1  CEP83  CEP135  HASPIN  AURKB  DDX3X  DCP1A  NEDD4  LRP6  SEC23IP"
4.11915158853306e-19,38,163,6.76917656610219,"GO:0031023 Microtubule organizing center organization ","https://amigo.geneontology.org/amigo/term/GO:0031023"," PCM1  CEP192  CCP110  ALMS1  STIL  CDK5RAP2  CENPJ  SASS6  SPICE1  CEP295  C2CD3  CEP120  CEP135  CKAP5  RTTN  CEP63  NDC80  KAT2B  NEK2  SGO1  PLK4  CHEK1  BRCA1  XPO1  MDM1  ROCK2  KIF11  PPP1R12A  CLASP1  SSX2IP  GCC2  BRCA2  CLASP2  PDCD6IP  GEN1  XRCC2  KIF15  CDK1"
4.3735725305115e-19,189,2767,1.98331864713741,"GO:0008104 Protein localization ","https://amigo.geneontology.org/amigo/term/GO:0008104"," HEATR5B  SPDL1  NUP133  PALS1  PCM1  TNPO1  IPO11  NUP50  NUP188  TJP1  NUP107  GNPTAB  C2CD5  RAB23  TTK  ARRDC3  NUP155  TRAK2  STXBP3  BLZF1  STIL  CSE1L  NUP153  PEX1  XPO4  RANBP6  KNL1  CEP55  USO1  GPC3  UHMK1  RANBP2  VPS8  ODR4  NIPBL  ARL6IP1  MTBP  ZWILCH  SRP72  CCDC14  KPNA2  KNTC1  PIK3R4  KPNA5  NOL8  LRBA  RANBP17  IPO7  AP4E1  XPO1  ATP2B4  WNK1  TP53BP1  HSP90AA1  DNM1L  NBN  TAX1BP1  CENPF  KIF14  WDR11  PIK3CA  USP9X  MACF1  SYNE1  PRKAA1  CEP350  KAT7  BARD1  BRCA2  ABCA12  GOLGA4  PIK3R1  MMS22L  CEP78  PTPRK  MORC3  TOPBP1  C2CD3  MMGT1  CDK1  KIF5B  LARP7  ZDHHC17  TOPORS  AP2B1  NUP160  PIAS1  TPR  NDC1  MON2  ARFGEF1  EXOC5  ERC1  DOP1A  ATRX  EPS15  EXOC1  OSBPL8  NRCAM  JAK2  HIF1A  CEP192  SPG11  EXOC2  ERBIN  ECT2  PIKFYVE  EHBP1  ATF2  PLS1  KTN1  COPB1  AP3B1  COG6  HOOK1  CLOCK  GCC2  WASHC4  DENND4C  CTDSPL2  KIF20B  EXOC6  DNAJC13  SEC31A  SEC24B  FRMD6  CLTC  KIF2C  EXOC6B  SYTL5  C9orf72  ANKRD50  NBAS  AHCTF1  NUP205  BUB1B  WDR19  CUL4B  WASHC5  GAPVD1  AP1G1  CEP120  NMD3  PDCD6IP  MTM1  ESCO2  TRAF6  CCNE2  NECTIN3  CHM  MYO6  NF1  CD2AP  SLC5A3  DENND1B  ZBED6  ROCK1  ROCK2  UFL1  CENPQ  INTS13  SPAG5  EPB41L2  REST  MSH2  KIAA0586  RAPGEF2  RAB3GAP1  MCM8  POT1  BORA  RB1  CENPJ  RAPGEF6  CLASP2  ICE1  RAD21  CEP295  HSP90B1  CEP83  CEP135  ATR  HASPIN  AURKB  DDX3X  DCP1A  NEDD4  LRP6  SEC23IP"
3.15901233443613e-18,36,153,6.83204817507527,"GO:0051783 Regulation of nuclear division ","https://amigo.geneontology.org/amigo/term/GO:0051783"," TRIP13  FBXO5  TTK  BORA  CDK5RAP2  MKI67  FBXO43  BUB1B  BUB1  ZWILCH  KNTC1  CDCA2  RAD51AP1  NUSAP1  CHEK1  UBE2C  SPDL1  RAD21  MTBP  TPR  NDC80  KNL1  RB1  SKA1  SKA3  HASPIN  GEN1  PHIP  CENPF  DLGAP5  KIF20B  NUF2  SPC25  AURKB  NEK2  CDC25C"
3.6112097138073e-18,43,225,5.54914135108892,"GO:0007051 Spindle organization ","https://amigo.geneontology.org/amigo/term/GO:0007051"," TPR  CLASP1  KIZ  KIF4A  CEP192  STIL  DLGAP5  BORA  KIF23  KIF11  NUF2  RACGAP1  CLASP2  SPICE1  CKAP5  AURKB  PRC1  TPX2  CENPJ  ASPM  NDC80  ATRX  FBXO5  NEK2  CCNB2  WASHC5  SKA3  CEP120  INTS13  SMC1A  SPAG5  STAG2  SMC3  CENPE  NCOR1  CLTC  SPC25  SKA1  KIF15  CEP63  SASS6  TTK  NEK7"
4.21251752332738e-18,31,110,8.18293042787425,"GO:0033045 Regulation of sister chromatid segregation ","https://amigo.geneontology.org/amigo/term/GO:0033045"," CDC27  TTK  CDK5RAP2  BUB1B  BUB1  ZWILCH  UBE2C  KNTC1  FBXO5  KAT2B  CDK1  AURKB  SPDL1  RAD21  TPR  TRIP13  NDC80  CDC6  KNL1  CENPE  RB1  SKA1  SKA3  HASPIN  GEN1  CENPF  DLGAP5  NUF2  SPC25  PBRM1  ARID2"
6.41074174968957e-18,56,386,4.21250638774071,"GO:0010639 Negative regulation of organelle organization ","https://amigo.geneontology.org/amigo/term/GO:0010639"," TRIP13  FBXO5  TTK  CAMSAP2  CKAP2  CDK5RAP2  SSH2  ADD3  PLEKHH2  FBXO43  BUB1B  BUB1  MTM1  ZWILCH  KNTC1  XRN1  BAZ1B  TPX2  MET  KAT2B  POT1  MARCHF7  CHEK1  DLC1  ERCC4  SPDL1  CLASP1  CCP110  TJP1  MDM1  PIK3CA  PIK3R1  EPS8  CLASP2  RAD21  MTBP  OPA1  TPR  MPHOSPH9  ARFGEF1  NDC80  ATRX  NBN  TOP2A  KNL1  SKA1  TAOK1  SKA3  HASPIN  GEN1  KIF24  BRCA1  CENPF  NUF2  SPC25  AURKB"
1.32227320158877e-17,35,150,6.77511444028298,"GO:0007098 Centrosome cycle ","https://amigo.geneontology.org/amigo/term/GO:0007098"," PCM1  CEP192  CCP110  ALMS1  STIL  CDK5RAP2  CENPJ  SASS6  SPICE1  CEP295  C2CD3  CEP120  CEP135  CKAP5  RTTN  CEP63  NDC80  KAT2B  NEK2  SGO1  PLK4  CHEK1  BRCA1  XPO1  MDM1  ROCK2  KIF11  PPP1R12A  SSX2IP  BRCA2  PDCD6IP  GEN1  XRCC2  KIF15  CDK1"
2.11985626064036e-17,208,3290,1.83572358260381,"GO:0033036 Macromolecule localization ","https://amigo.geneontology.org/amigo/term/GO:0033036"," HEATR5B  SPDL1  TPR  ATP11B  NUP133  PALS1  PCM1  THOC1  TNPO1  IPO11  NUP50  NUP188  ATP11C  TJP1  NUP107  GNPTAB  C2CD5  RAB23  TTK  ARRDC3  NUP155  TRAK2  STXBP3  BLZF1  STIL  CSE1L  ATP8A1  NUP153  THOC2  PEX1  XPO4  NCBP1  RANBP6  KNL1  CEP55  USO1  ABCA12  GPC3  UHMK1  RANBP2  VPS8  ODR4  NIPBL  ARL6IP1  MTBP  ZWILCH  SRP72  CCDC14  KPNA2  KNTC1  PIK3R4  KPNA5  NOL8  LRBA  RANBP17  IPO7  PLIN5  AP4E1  XPO1  ATR  NUP160  ATP2B4  WNK1  TP53BP1  HSP90AA1  DNM1L  OSBPL8  NBN  TAX1BP1  CENPF  KIF14  WDR11  PIK3CA  USP9X  MACF1  MOSPD2  SYNE1  PRKAA1  CEP350  KAT7  BARD1  BRCA2  GOLGA4  PIK3R1  MMS22L  CEP78  PTPRK  MORC3  TOPBP1  C2CD3  MMGT1  CDK1  KIF5B  LARP7  ZDHHC17  TOPORS  ENPP1  AP2B1  BCLAF1  PIAS1  NDC1  MON2  ATG2B  ARFGEF1  EXOC5  ERC1  DOP1A  ATRX  EPS15  EXOC1  NRCAM  JAK2  HIF1A  CEP192  SPG11  EXOC2  ERBIN  ECT2  PIKFYVE  EHBP1  ATF2  MYB  PLS1  KTN1  COPB1  AP3B1  COG6  HOOK1  CLOCK  GCC2  WASHC4  EPRS1  DENND4C  CTDSPL2  LRPPRC  KIF20B  EXOC6  DNAJC13  SEC31A  SEC24B  FRMD6  CLTC  KIF2C  EXOC6B  SYTL5  C9orf72  ANKRD50  NBAS  AHCTF1  NUP205  BUB1B  WDR19  CUL4B  WASHC5  GAPVD1  AP1G1  CEP120  NMD3  PDCD6IP  MTM1  ESCO2  DHX36  TRAF6  CCNE2  NECTIN3  NRIP1  CHM  MYO6  NF1  CD2AP  SLC5A3  DENND1B  ZBED6  ROCK1  ROCK2  UFL1  CENPQ  INTS13  SPAG5  EPB41L2  REST  MSH2  KIAA0586  RAPGEF2  RAB3GAP1  MCM8  POT1  BORA  ITGAV  RB1  CENPJ  RAPGEF6  CLASP2  ICE1  RAD21  CEP295  HSP90B1  CEP83  CEP135  HASPIN  AURKB  DDX3X  DCP1A  NEDD4  LRP6  CKAP5  SEC23IP  SMG1"
2.4573333071889e-17,54,371,4.22629395196705,"GO:0006310 Dna recombination ","https://amigo.geneontology.org/amigo/term/GO:0006310"," RECQL  BRCA1  MRE11  TRIP13  MCM6  TOP2B  PALB2  RAD54L  CDC45  MSH2  CDC7  NBN  RAD51AP1  MSH3  MND1  SHLD2  MCM8  GINS2  TOP2A  BRIP1  BRCA2  FANCD2  MMS22L  GINS4  EME1  SMC6  NIPBL  RAD21  EXO1  ERCC4  RMI1  FANCB  PARPBP  XRCC2  RAD54B  BLM  PRKDC  POLQ  TP53BP1  RBBP8  MSH6  FIGNL1  EPC2  ZGRF1  CHEK1  TOPBP1  DCLRE1C  ATAD5  SMARCAD1  SMCHD1  GEN1  ARID2  BARD1  KPNA2"
2.61573698123752e-17,29,100,8.42049937578027,"GO:0007091 Metaphase/anaphase transition of mitotic cell cycle ","https://amigo.geneontology.org/amigo/term/GO:0007091"," CDC27  TTK  CDK5RAP2  BUB1B  BUB1  ZWILCH  UBE2C  KNTC1  FBXO5  SPDL1  RAD21  TPR  TRIP13  NDC80  CDC6  KNL1  CENPE  RB1  SKA1  SKA3  HASPIN  GEN1  CENPF  DLGAP5  NUF2  SPC25  PBRM1  AURKB  ARID2"
3.31527821088673e-17,44,250,5.1103720349563,"GO:1903046 Meiotic cell cycle process ","https://amigo.geneontology.org/amigo/term/GO:1903046"," NCAPD2  MRE11  TRIP13  TOP2B  RAD54L  FBXO5  TTK  MND1  TOP2A  BRIP1  NUF2  FANCD2  CENPC  NCAPD3  EME1  FBXO43  CDC25C  CDC25A  ERCC4  RMI1  SYCP2  RAD54B  RAD51AP1  NDC1  ASPM  NDC80  ATRX  SMC4  MASTL  NCAPH  SGO1  FIGNL1  SMC2  BRCA2  CCNB2  WASHC5  SKA3  MARF1  CCNE2  MSH6  KNL1  SKA1  MYBL1  RAD21"
3.41226896607547e-17,24,64,10.8885767790262,"GO:0010965 Regulation of mitotic sister chromatid separation ","https://amigo.geneontology.org/amigo/term/GO:0010965"," TTK  CDK5RAP2  BUB1B  BUB1  ZWILCH  KNTC1  FBXO5  UBE2C  SPDL1  RAD21  TPR  TRIP13  NDC80  KNL1  RB1  SKA1  SKA3  HASPIN  GEN1  CENPF  DLGAP5  NUF2  SPC25  AURKB"
4.41974849224905e-17,177,2629,1.95489092419185,"GO:0051128 Regulation of cellular component organization ","https://amigo.geneontology.org/amigo/term/GO:0051128"," CDC27  TPR  ROCK1  NEDD4  TRIP13  C2CD5  FBXO5  TTK  ALMS1  CAMSAP2  MACF1  AKAP9  POT1  CLIP1  NES  ROCK2  CKAP2  BORA  SETDB2  CDK5RAP2  SSH2  ARHGAP18  ADD3  MKI67  EPS8  PLEKHH2  SKA1  FBXO43  BUB1B  TAOK1  SPICE1  WASHC5  CEP295  CEP120  BUB1  MTM1  ATF7IP  ZWILCH  UBE2C  KNTC1  SLITRK6  CDCA2  XRN1  BAZ1B  NCAPD2  FNIP2  WNK1  NCKAP1  SLK  SYT1  HSP90AA1  TPX2  MET  RAPGEF2  NCAPG  CAPRIN2  RAD51AP1  SMC4  KAT2B  NCAPH  STIL  HJURP  CNOT1  KAT7  MARCHF7  SMC2  NUSAP1  ITGAV  PLK4  GOLGA4  RASA1  FBXO38  CHEK1  NEK7  CENPJ  SASS6  CLASP2  DLC1  SKA3  TSC1  CDK1  CKAP5  ERCC4  AURKB  ENPP1  ITSN2  DDX3X  SPDL1  CLASP1  SENP1  XPO1  ATRX  DNM1L  NRCAM  MIB1  CCP110  TJP1  SHOC2  EIF4G2  BIRC2  CAND1  MDM1  ECT2  PLS1  PIK3CA  ATP8A1  THOC2  SYNE1  PRKAA1  ARHGAP32  WDR36  EPHA7  GLCE  RB1  PIK3R1  GPC3  C9orf72  PAN3  PTPN13  RAD21  ATP7A  ARHGAP12  KIF5B  MTBP  DHX36  NECTIN3  ZDHHC17  IL1RAP  NF1  CD2AP  OPA1  ANLN  BRCA1  MRE11  MPHOSPH9  ARFGEF1  SPAG5  NDC80  CDC6  NBN  PIKFYVE  RAB3GAP1  NEK2  KIF14  TOP2A  NCBP1  KNL1  CENPE  KIF21A  CLTC  LNPK  SMG1  ICE1  PDCD6IP  ARL6IP1  CEP135  ATR  HASPIN  GEN1  KIF24  TAF9B  ITGA6  KIDINS220  PHIP  NCAPG2  NCAPD3  CENPF  DLGAP5  WASHC4  KIF20B  NUF2  SPC25  VPS8  SMC6  PBRM1  ARID2  CDC25C"
6.07201564177151e-17,29,103,8.17524211240803,"GO:0044784 Metaphase/anaphase transition of cell cycle ","https://amigo.geneontology.org/amigo/term/GO:0044784"," CDC27  TTK  CDK5RAP2  BUB1B  BUB1  ZWILCH  UBE2C  KNTC1  FBXO5  SPDL1  RAD21  TPR  TRIP13  NDC80  CDC6  KNL1  CENPE  RB1  SKA1  SKA3  HASPIN  GEN1  CENPF  DLGAP5  NUF2  SPC25  PBRM1  AURKB  ARID2"
6.38095496498717e-17,23,59,11.3191984595527,"GO:0033047 Regulation of mitotic sister chromatid segregation ","https://amigo.geneontology.org/amigo/term/GO:0033047"," TTK  CDK5RAP2  BUB1B  BUB1  ZWILCH  KNTC1  FBXO5  KAT2B  CDK1  AURKB  SPDL1  RAD21  TPR  TRIP13  NDC80  KNL1  SKA1  SKA3  HASPIN  GEN1  CENPF  NUF2  SPC25"
8.34202775314518e-17,28,96,8.46889305035373,"GO:0030071 Regulation of mitotic metaphase/anaphase transition ","https://amigo.geneontology.org/amigo/term/GO:0030071"," TTK  CDK5RAP2  BUB1B  BUB1  ZWILCH  UBE2C  KNTC1  FBXO5  SPDL1  RAD21  TPR  TRIP13  NDC80  CDC6  KNL1  CENPE  RB1  SKA1  SKA3  HASPIN  GEN1  CENPF  DLGAP5  NUF2  SPC25  PBRM1  AURKB  ARID2"
1.09667093482835e-16,24,67,10.40102856504,"GO:0051306 Mitotic sister chromatid separation ","https://amigo.geneontology.org/amigo/term/GO:0051306"," TTK  CDK5RAP2  BUB1B  BUB1  ZWILCH  KNTC1  FBXO5  UBE2C  SPDL1  RAD21  TPR  TRIP13  NDC80  KNL1  RB1  SKA1  SKA3  HASPIN  GEN1  CENPF  DLGAP5  NUF2  SPC25  AURKB"
1.09667093482835e-16,24,67,10.40102856504,"GO:0051784 Negative regulation of nuclear division ","https://amigo.geneontology.org/amigo/term/GO:0051784"," TRIP13  FBXO5  TTK  CDK5RAP2  FBXO43  BUB1B  BUB1  ZWILCH  KNTC1  CHEK1  SPDL1  RAD21  MTBP  TPR  NDC80  KNL1  SKA1  SKA3  HASPIN  GEN1  CENPF  NUF2  SPC25  AURKB"
1.46729872604566e-16,23,61,10.9480771985837,"GO:0045839 Negative regulation of mitotic nuclear division ","https://amigo.geneontology.org/amigo/term/GO:0045839"," TTK  CDK5RAP2  BUB1B  BUB1  ZWILCH  KNTC1  FBXO5  CHEK1  SPDL1  RAD21  MTBP  TPR  TRIP13  NDC80  KNL1  SKA1  SKA3  HASPIN  GEN1  CENPF  NUF2  SPC25  AURKB"
1.95871925532091e-16,28,99,8.21225992761573,"GO:1902099 Regulation of metaphase/anaphase transition of cell cycle ","https://amigo.geneontology.org/amigo/term/GO:1902099"," TTK  CDK5RAP2  BUB1B  BUB1  ZWILCH  UBE2C  KNTC1  FBXO5  SPDL1  RAD21  TPR  TRIP13  NDC80  CDC6  KNL1  CENPE  RB1  SKA1  SKA3  HASPIN  GEN1  CENPF  DLGAP5  NUF2  SPC25  PBRM1  AURKB  ARID2"
2.27470264623435e-16,273,4902,1.61707137803572,"GO:0141187 Nucleic acid biosynthetic process ","https://amigo.geneontology.org/amigo/term/GO:0141187"," ATF2  MYB  ZNF148  ZNF195  ZFX  E2F2  BRCA1  BCLAF1  ARID4A  PIAS1  MTREX  PER3  GPBP1  TAF2  ZBTB11  THUMPD1  TP53BP1  KDM5A  ZNF638  POLD3  REST  NCOA1  RRN3  ZNF302  SUPT16H  TDRD1  CDC5L  POLE2  HIF1A  DICER1  POLI  TRPS1  EDRF1  INTS2  ZNF451  MED23  KAT2B  BBX  WDR75  SF3B1  TAF1B  THADA  NR5A2  FASTKD2  ZNF430  KLF12  HEATR1  PTBP3  ATAD2B  POT1  ICE2  E2F8  CCNT1  CLOCK  EPC2  KAT7  ZNF189  NCBP1  SLTM  SCAF11  BRCA2  MBNL2  NCOA2  NCOR1  INTS7  DDX46  PHIP  ZNF92  ZNF462  TAF5  ARID5B  THRB  WWC2  CWF19L2  MBNL1  GABPA  BACH1  KAT6B  ATAD2  PAXBP1  SON  MYSM1  REL  CWC22  PBRM1  ZNF12  ZNF367  BRWD3  BMS1  E2F7  CPSF2  LEO1  CDK12  ZNF146  ZNF83  ZNF30  TET2  ZNF507  PRDM10  FOXN2  ZNF160  ATF7IP  ZNF680  PHC3  MGA  NR1D2  ZNF519  USF3  ZBTB33  ZNF518A  MED14  NRIP1  ZFP3  RFX7  ZNF708  ZNF438  LIN9  ZNF730  ZFP1  MYBL1  ZNF267  ZNF566  ZBTB6  ZNF793  ZNF600  LIN54  ZNF724  ZNF681  ZNF107  ZNF799  PRPF40A  ZNF136  ERI2  ZNF700  ZNF675  ZNF695  ZNF84  PRIM1  ZNF770  MIER1  ZKSCAN8  ZNF616  ZNF611  ZNF891  ZNF736  ZNF718  ZNF260  ZBED6  ZNF850  ZNF224  AQR  PNN  DHX15  PPWD1  XRN1  LARP7  BAZ1B  POLR3B  DEPDC1  ZZZ3  POLR2B  POLQ  FNIP2  PPP1R12A  WNK1  LRP6  HSP90AA1  ERC1  DIS3  CBX5  BTAF1  POLA1  MET  HIPK3  CAPRIN2  TCERG1  CEBPZ  CENPF  DEK  CNOT1  NSRP1  RFC3  USP15  BRIP1  CDK5RAP2  DSCC1  RB1  DTL  PTPRK  RNF20  MORC3  NAA15  NIPBL  RAD21  VIRMA  RBPJ  TRAF6  AURKB  BLM  DDX3X  PRKDC  RFC1  CCAR1  HLTF  THOC1  RBL1  ATRX  JAK2  RBBP8  BIRC2  CAND1  NUP155  TTF2  UTP20  TRIM24  MED13L  THOC2  PUS7L  TOP2A  PRKAA1  AP3B1  WDR36  CEP350  CTDSPL2  SLC39A8  CDCA7  CCNA2  PIK3R1  NCAPG2  CHEK1  CENPJ  PAN3  USP16  EMSY  ZNF714  U2SURP  COPS2  CDK1  MSL2  DHX36  SUZ12  TAF9B  ARID2  TOPORS  NOL8  SENP1  CKAP2  UFL1  TPR  ATP2B4  NEDD4  TOP2B  ITGA6  ERBIN  USPL1  SUV39H2  ICE1  NMD3  MALT1  TAX1BP1  SETDB2  NAA16  ATR  ENPP1  INTS13  BAZ2B  BARD1  RRM1  DENND4A  MRE11  TRIP13  USP9X  USP1"
3.58522770105793e-16,64,538,3.45412101044698,"GO:0051052 Regulation of dna metabolic process ","https://amigo.geneontology.org/amigo/term/GO:0051052"," DBF4  SHLD2  DEK  POT1  TICRR  FANCB  PARPBP  XRN1  MRE11  POLQ  TP53BP1  MSH2  RAD51AP1  MSH3  MSH6  FIGNL1  RFC3  ORC3  EPC2  KAT7  DSCC1  DNA2  CHEK1  USP1  SLFN11  ERCC4  PRKDC  TOP2B  ATRX  APAF1  E2F8  CCNA2  E2F7  CDK1  ATAD5  SMARCAD1  BRCA1  CDC7  SMCHD1  NBN  SMC3  FBXO5  NEK2  PDS5A  NEK7  SMG1  ESCO2  DHX36  ATR  AURKB  ARID2  BLM  PPP4R3B  TAF2  MCM6  KAT2B  BARD1  TAF5  SMC6  PBRM1  HSP90AA1  CDC6  CDC25A  KPNA2"
4.55448071791075e-16,152,2160,2.04328848199011,"GO:0051649 Establishment of localization in cell ","https://amigo.geneontology.org/amigo/term/GO:0051649"," RANBP2  HEATR5B  SPDL1  TPR  SYT1  NUP133  CLASP1  PCM1  THOC1  NDC80  XPO1  TNPO1  EPS15  IPO11  NUP50  NUP188  SPG11  NUP107  GNPTAB  C2CD5  MDN1  RAB23  NUP155  TRAK2  STXBP3  SSX2IP  CENPF  IFT81  CSE1L  NUP153  THOC2  PEX1  COPB1  AP3B1  XPO4  HOOK1  GCC2  WASHC4  CDK5RAP2  NCBP1  RANBP6  NUSAP1  KNL1  MYOF  SEC31A  USO1  SEC24B  NUF2  CENPC  UHMK1  VPS8  WDR19  CLASP2  SPICE1  AP1G1  CEP120  NMD3  KIF5B  CEP83  KPNA2  PIK3R4  KPNA5  ITSN2  RANBP17  IPO7  DENND1B  AP2B1  NUP160  WNK1  NEDD4  HSP90AA1  ARHGAP21  TTK  KAT2B  WDR11  USP9X  SGO1  SCYL2  BARD1  CENPE  SLC39A8  PIK3R1  SPC25  SKA1  SKA3  CDK1  MTM1  MALT1  AURKB  PPP1R12A  SPAG5  AP4E1  DOP1A  JAK2  HIF1A  SEC23IP  ECT2  ATF2  ATP8A1  SYNE1  CTDSPL2  KIF20B  EXOC6  DNAJC13  KIF21A  CLTC  EXOC6B  ABCA12  SYTL5  C9orf72  CHM  NF1  ZBED6  ROCK1  CENPQ  KIF16B  PIKFYVE  ALMS1  NEK2  KIF14  RB1  KIF2C  EML4  ANKRD50  RACGAP1  ICE1  WASHC5  NEMF  TSC1  HSP90B1  TRAPPC11  PDCD6IP  MON2  ERC1  RAB3GAP1  DOCK7  MYO6  NDC1  EXOC5  EXOC1  EEA1  EXOC2  DSN1  AHCTF1  NUP205  ZWILCH  KNTC1  KIF4A  TUBA1B  LRPPRC  SMG1  OPA1"
6.53512656033724e-16,22,58,11.0137328339576,"GO:0008608 Attachment of spindle microtubules to kinetochore ","https://amigo.geneontology.org/amigo/term/GO:0008608"," NDC80  KNL1  NUF2  CENPC  KAT2B  SGO1  SPC25  SKA1  SKA3  CDK1  AURKB  SPAG5  ECT2  NEK2  CENPE  RB1  KIF2C  EML4  RACGAP1  DSN1  ZWILCH  KNTC1"
8.40246742808642e-16,25,80,9.07381398252185,"GO:0051298 Centrosome duplication ","https://amigo.geneontology.org/amigo/term/GO:0051298"," CEP192  CCP110  ALMS1  STIL  CDK5RAP2  CENPJ  SASS6  SPICE1  CEP295  C2CD3  CEP120  CEP135  CKAP5  RTTN  CEP63  NDC80  KAT2B  PLK4  XPO1  MDM1  ROCK2  BRCA2  PDCD6IP  GEN1  BRCA1"
9.18952860266008e-16,34,161,6.13186932483464,"GO:0031570 Dna integrity checkpoint signaling ","https://amigo.geneontology.org/amigo/term/GO:0031570"," BRCA1  MRE11  USP28  TP53BP1  ORC1  WDR76  CLSPN  CDC6  NBN  TICRR  DTL  FANCD2  EME1  TOPBP1  CDK1  ATR  UFL1  CHEK1  E2F7  BLM  MSH2  CDC5L  ATF2  CLOCK  DNA2  INTS7  TAOK1  PRKDC  CEP63  GTSE1  BRIP1  BARD1  BRCA2  CDC45"
1.16265925525171e-15,21,53,11.5049113136881,"GO:0033046 Negative regulation of sister chromatid segregation ","https://amigo.geneontology.org/amigo/term/GO:0033046"," TTK  CDK5RAP2  BUB1B  BUB1  ZWILCH  KNTC1  FBXO5  SPDL1  RAD21  TPR  TRIP13  NDC80  KNL1  SKA1  SKA3  HASPIN  GEN1  CENPF  NUF2  SPC25  AURKB"
1.16265925525171e-15,21,53,11.5049113136881,"GO:0033048 Negative regulation of mitotic sister chromatid segregation ","https://amigo.geneontology.org/amigo/term/GO:0033048"," TTK  CDK5RAP2  BUB1B  BUB1  ZWILCH  KNTC1  FBXO5  SPDL1  RAD21  TPR  TRIP13  NDC80  KNL1  SKA1  SKA3  HASPIN  GEN1  CENPF  NUF2  SPC25  AURKB"
1.16265925525171e-15,21,53,11.5049113136881,"GO:0045841 Negative regulation of mitotic metaphase/anaphase transition ","https://amigo.geneontology.org/amigo/term/GO:0045841"," TTK  CDK5RAP2  BUB1B  BUB1  ZWILCH  KNTC1  FBXO5  SPDL1  RAD21  TPR  TRIP13  NDC80  KNL1  SKA1  SKA3  HASPIN  GEN1  CENPF  NUF2  SPC25  AURKB"
1.16265925525171e-15,21,53,11.5049113136881,"GO:2000816 Negative regulation of mitotic sister chromatid separation ","https://amigo.geneontology.org/amigo/term/GO:2000816"," TTK  CDK5RAP2  BUB1B  BUB1  ZWILCH  KNTC1  FBXO5  SPDL1  RAD21  TPR  TRIP13  NDC80  KNL1  SKA1  SKA3  HASPIN  GEN1  CENPF  NUF2  SPC25  AURKB"
1.24477609387724e-15,28,106,7.66994087579205,"GO:2001251 Negative regulation of chromosome organization ","https://amigo.geneontology.org/amigo/term/GO:2001251"," TTK  CDK5RAP2  BUB1B  BUB1  ZWILCH  KNTC1  XRN1  BAZ1B  FBXO5  POT1  ERCC4  SPDL1  RAD21  TPR  TRIP13  NDC80  ATRX  NBN  TOP2A  KNL1  SKA1  SKA3  HASPIN  GEN1  CENPF  NUF2  SPC25  AURKB"
2.25273731058949e-15,37,198,5.42595745217468,"GO:0000725 Recombinational repair ","https://amigo.geneontology.org/amigo/term/GO:0000725"," RECQL  BRCA1  MRE11  MCM6  PALB2  RAD54L  CDC45  CDC7  NBN  RAD51AP1  SHLD2  MCM8  GINS2  BRCA2  MMS22L  GINS4  SMC6  NIPBL  RAD21  ERCC4  RMI1  FANCB  PARPBP  XRCC2  RAD54B  BLM  POLQ  TP53BP1  RBBP8  FIGNL1  EPC2  ZGRF1  CHEK1  TOPBP1  SMCHD1  GEN1  ARID2"
2.71609394517094e-15,21,55,11.0865509022812,"GO:0051985 Negative regulation of chromosome segregation ","https://amigo.geneontology.org/amigo/term/GO:0051985"," TTK  CDK5RAP2  BUB1B  BUB1  ZWILCH  KNTC1  FBXO5  SPDL1  RAD21  TPR  TRIP13  NDC80  KNL1  SKA1  SKA3  HASPIN  GEN1  CENPF  NUF2  SPC25  AURKB"
2.71609394517094e-15,21,55,11.0865509022812,"GO:1902100 Negative regulation of metaphase/anaphase transition of cell cycle ","https://amigo.geneontology.org/amigo/term/GO:1902100"," TTK  CDK5RAP2  BUB1B  BUB1  ZWILCH  KNTC1  FBXO5  SPDL1  RAD21  TPR  TRIP13  NDC80  KNL1  SKA1  SKA3  HASPIN  GEN1  CENPF  NUF2  SPC25  AURKB"
2.71609394517094e-15,21,55,11.0865509022812,"GO:1905819 Negative regulation of chromosome separation ","https://amigo.geneontology.org/amigo/term/GO:1905819"," TTK  CDK5RAP2  BUB1B  BUB1  ZWILCH  KNTC1  FBXO5  SPDL1  RAD21  TPR  TRIP13  NDC80  KNL1  SKA1  SKA3  HASPIN  GEN1  CENPF  NUF2  SPC25  AURKB"
5.67673568301347e-15,28,112,7.25905118601748,"GO:0051310 Metaphase chromosome alignment ","https://amigo.geneontology.org/amigo/term/GO:0051310"," SPDL1  NDC80  CENPF  KNL1  NUF2  CENPC  SPICE1  TTK  KAT2B  SGO1  CENPE  SPC25  SKA1  SKA3  CDK1  AURKB  SPAG5  CENPQ  ECT2  NEK2  KIF14  RB1  KIF2C  EML4  RACGAP1  DSN1  ZWILCH  KNTC1"
6.07129574906103e-15,36,193,5.41607964138092,"GO:0000724 Double-strand break repair via homologous recombination ","https://amigo.geneontology.org/amigo/term/GO:0000724"," RECQL  BRCA1  MRE11  MCM6  PALB2  RAD54L  CDC45  CDC7  NBN  RAD51AP1  SHLD2  MCM8  GINS2  BRCA2  MMS22L  GINS4  SMC6  NIPBL  RAD21  ERCC4  RMI1  FANCB  PARPBP  XRCC2  RAD54B  BLM  POLQ  TP53BP1  RBBP8  FIGNL1  EPC2  CHEK1  TOPBP1  SMCHD1  GEN1  ARID2"
1.28775418571612e-14,220,3775,1.69217617051533,"GO:0044085 Cellular component biogenesis ","https://amigo.geneontology.org/amigo/term/GO:0044085"," ANLN  RB1CC1  MTREX  OFD1  TPR  NCKAP1  ATG2B  ROCK1  SDK2  CLASP1  PCM1  XPO1  CDC45  TDRD1  CEP192  CENPI  CCP110  OIP5  EIF3A  CAND1  MDN1  RAB23  PIKFYVE  WDR75  SF3B1  ALMS1  SSX2IP  HEATR1  ATAD2B  PLS1  HJURP  DLGAP5  MACF1  CLIP1  PATJ  ROCK2  SETDB2  CDK5RAP2  KIF23  KIF11  SCAF11  NEDD1  IQGAP1  SSH2  CLTC  CENPC  ARHGAP18  ADD3  EPS8  CENPJ  ATAD2  SASS6  WDR19  CHAF1B  RACGAP1  CLASP2  SPICE1  WASHC5  BMS1  CEP295  C2CD3  CEP120  NMD3  MTM1  ATF7IP  CEP83  CEP135  CKAP5  RTTN  CEP63  KNTC1  SLITRK6  ERI2  PRC1  POLQ  FNIP2  WNK1  SLK  TP53BP1  HSP90AA1  ATRX  EPS15  TPX2  DICER1  MET  PRLR  KAT2B  ECT2  TAF1B  CAMSAP2  UTP20  STIL  USP9X  CNOT1  POT1  HAT1  MOSPD2  MARCHF7  CENPE  PLK4  RASA1  DDX46  NEK7  SKA1  USP16  EIF5B  WDCP  DLC1  TSC1  HSP90B1  PDCD6IP  ARL6IP1  UBE2C  TRAF6  BLM  OPA1  DDX3X  PRKDC  PIAS1  PKN2  ASPM  SYT1  EXOC5  TRIP13  PALS1  SENP1  NDC80  DIS3  RRN3  TRPM7  KIAA0586  TJP1  SPG11  BIRC2  MDM1  FBXO5  NEK2  FASTKD2  IFT81  CENPK  PRKAA1  HOOK1  WDR36  EPHA7  CEP350  RC3H1  BRIP1  PIK3R1  PAN3  KAT6B  CCNB2  CUL4B  PTPN13  ATP7A  ARHGAP12  SKA3  CENPN  RRM1  CDK1  RRM2  NECTIN3  IL1RAP  NOL8  CD2AP  RAPGEF2  RAPGEF6  MPHOSPH9  NDC1  ARFGEF1  SMC1A  SPAG5  DNM1L  KIF4A  STAG2  NBN  SMC3  NUP107  RAB3GAP1  KIF14  NUP153  AKAP9  NCBP1  KIF21A  NCOR1  C9orf72  PTPRK  AHCTF1  NUP205  TBC1D31  ICE1  NEMF  ATR  AURKB  KIF24  LRBA  TAF2  TAF5  REST  WDR11  PIK3CA  KIF15  BRCA1  SUPT16H  JAK2  MED23  STRN  CENPF  AP3B1  KNL1  VPS8  AP1G1  TRAPPC11  MED14  SYCP2  NRCAM  ITGA6  DNA2  RB1  PRKACB  EXO1"
1.56240104938739e-14,93,1077,2.50730458792804,"GO:0033365 Protein localization to organelle ","https://amigo.geneontology.org/amigo/term/GO:0033365"," SPDL1  NUP133  PCM1  TNPO1  IPO11  NUP50  NUP188  NUP107  GNPTAB  TTK  NUP155  STIL  CSE1L  NUP153  PEX1  RANBP6  KNL1  RANBP2  VPS8  NIPBL  MTBP  ZWILCH  SRP72  CCDC14  KPNA2  KNTC1  PIK3R4  KPNA5  NOL8  IPO7  WNK1  TP53BP1  HSP90AA1  NBN  TAX1BP1  USP9X  SYNE1  PRKAA1  CEP350  KAT7  BARD1  BRCA2  PIK3R1  MMS22L  CEP78  MORC3  TOPBP1  C2CD3  MMGT1  CDK1  LARP7  TOPORS  TPR  XPO1  ATRX  DNM1L  OSBPL8  JAK2  CEP192  SPG11  ECT2  ATF2  AP3B1  KIF20B  KIF2C  BUB1B  ESCO2  TRAF6  NF1  CD2AP  CENPQ  INTS13  SPAG5  MSH2  RAB23  PIKFYVE  RAB3GAP1  MCM8  POT1  ROCK2  GCC2  RB1  WDR19  RAD21  NMD3  CEP83  ATR  HASPIN  AURKB  DDX3X  DCP1A  NEDD4  RANBP17"
2.29150951918085e-14,33,168,5.70354021758516,"GO:0044839 Cell cycle g2/m phase transition ","https://amigo.geneontology.org/amigo/term/GO:0044839"," BRCA1  MRE11  ORC1  CLSPN  CDC6  NBN  CENPF  TICRR  DTL  CDC25C  TOPBP1  CDC25A  CDK1  NES  CCNA2  CHEK1  RRM1  ATR  AURKB  BLM  NDC80  CCNB2  RAD21  TAF2  CDC7  FBXO5  KIF14  MASTL  TAOK1  ATAD5  RBBP8  BARD1  MELK"
3.99088222299623e-14,38,228,4.83936745734499,"GO:0140013 Meiotic nuclear division ","https://amigo.geneontology.org/amigo/term/GO:0140013"," TRIP13  TOP2B  RAD54L  FBXO5  TTK  MND1  TOP2A  BRIP1  NUF2  FANCD2  CENPC  EME1  FBXO43  ERCC4  RMI1  SYCP2  RAD54B  RAD51AP1  MRE11  NDC1  ASPM  NDC80  SMC4  MASTL  NCAPH  SGO1  FIGNL1  SMC2  BRCA2  CCNB2  WASHC5  SKA3  MARF1  CCNE2  KNL1  SKA1  MYBL1  RAD21"
4.45356500167194e-14,67,644,3.02084738797001,"GO:0051640 Organelle localization ","https://amigo.geneontology.org/amigo/term/GO:0051640"," SPDL1  CLASP1  NDC80  XPO1  DNM1L  SPG11  ARHGAP21  MDN1  TRAK2  STXBP3  CENPF  AKAP9  AP3B1  CDK5RAP2  NUSAP1  KNL1  USO1  NUF2  CENPC  CLASP2  SPICE1  CEP120  NMD3  KIF5B  MTM1  CEP83  EXOC2  TTK  KAT2B  WDR11  SGO1  CENPE  SPC25  SKA1  SKA3  CDK1  AURKB  ASPM  SYT1  SPAG5  PCM1  EXOC6  EXOC6B  AP1G1  PLIN5  CENPQ  HIF1A  ECT2  NEK2  KIF14  PEX1  RB1  KIF2C  EML4  RACGAP1  TSC1  PDCD6IP  DOCK7  EXOC5  EXOC1  DLGAP5  DSN1  TRAPPC11  ZWILCH  KNTC1  LRPPRC  OPA1"
4.58012073419437e-14,205,3468,1.71638465182651,"GO:0022607 Cellular component assembly ","https://amigo.geneontology.org/amigo/term/GO:0022607"," ANLN  RB1CC1  OFD1  TPR  NCKAP1  ATG2B  ROCK1  SDK2  CLASP1  PCM1  CDC45  TDRD1  CEP192  CENPI  CCP110  OIP5  EIF3A  CAND1  MDN1  RAB23  PIKFYVE  SF3B1  ALMS1  SSX2IP  ATAD2B  PLS1  HJURP  DLGAP5  MACF1  CLIP1  PATJ  ROCK2  CDK5RAP2  KIF23  KIF11  SCAF11  NEDD1  IQGAP1  SSH2  CLTC  CENPC  ARHGAP18  ADD3  EPS8  CENPJ  ATAD2  SASS6  WDR19  CHAF1B  RACGAP1  CLASP2  SPICE1  WASHC5  CEP295  C2CD3  CEP120  MTM1  CEP83  CEP135  CKAP5  RTTN  CEP63  KNTC1  SLITRK6  PRC1  POLQ  FNIP2  WNK1  SLK  TP53BP1  HSP90AA1  ATRX  EPS15  TPX2  DICER1  MET  PRLR  KAT2B  ECT2  TAF1B  CAMSAP2  STIL  USP9X  CNOT1  POT1  HAT1  MOSPD2  MARCHF7  CENPE  PLK4  RASA1  DDX46  NEK7  SKA1  EIF5B  WDCP  DLC1  TSC1  HSP90B1  PDCD6IP  ARL6IP1  UBE2C  TRAF6  BLM  OPA1  DDX3X  PRKDC  PIAS1  PKN2  ASPM  SYT1  EXOC5  TRIP13  PALS1  SENP1  NDC80  RRN3  TRPM7  KIAA0586  TJP1  SPG11  BIRC2  MDM1  FBXO5  NEK2  IFT81  CENPK  PRKAA1  HOOK1  EPHA7  CEP350  RC3H1  BRIP1  PIK3R1  PAN3  USP16  KAT6B  CCNB2  PTPN13  ATP7A  ARHGAP12  SKA3  CENPN  RRM1  CDK1  RRM2  NECTIN3  IL1RAP  CD2AP  RAPGEF2  RAPGEF6  MPHOSPH9  NDC1  ARFGEF1  SMC1A  SPAG5  DNM1L  KIF4A  STAG2  NBN  SMC3  NUP107  RAB3GAP1  KIF14  FASTKD2  NUP153  AKAP9  NCBP1  KIF21A  NCOR1  C9orf72  PTPRK  AHCTF1  NUP205  TBC1D31  ICE1  NEMF  ATR  AURKB  KIF24  LRBA  TAF2  TAF5  WDR11  PIK3CA  KIF15  BRCA1  SUPT16H  JAK2  MED23  STRN  CENPF  AP3B1  KNL1  VPS8  AP1G1  TRAPPC11  MED14  SYCP2  NRCAM  ITGA6  DNA2  RB1  PRKACB  EXO1"
7.33353524431905e-14,93,1105,2.44377107800769,"GO:0070925 Organelle assembly ","https://amigo.geneontology.org/amigo/term/GO:0070925"," RB1CC1  OFD1  TPR  ATG2B  CLASP1  PCM1  CEP192  CCP110  MDN1  RAB23  PIKFYVE  ALMS1  SSX2IP  DLGAP5  CDK5RAP2  KIF23  KIF11  CENPC  CENPJ  SASS6  WDR19  RACGAP1  CLASP2  SPICE1  CEP295  C2CD3  CEP120  MTM1  CEP83  CEP135  RTTN  CEP63  KNTC1  PRC1  WNK1  TPX2  KAT2B  STIL  USP9X  CNOT1  MOSPD2  MARCHF7  CENPE  PLK4  EIF5B  TRAF6  DDX3X  PRKDC  ASPM  SYT1  EXOC5  NDC80  KIAA0586  SPG11  MDM1  FBXO5  NEK2  PLS1  IFT81  CENPK  PRKAA1  CEP350  RC3H1  PAN3  CCNB2  WASHC5  SKA3  IL1RAP  MPHOSPH9  SMC1A  SPAG5  KIF4A  STAG2  SMC3  RAB3GAP1  FASTKD2  NCOR1  C9orf72  TBC1D31  PDCD6IP  AURKB  KIF24  LRBA  WDR11  SKA1  KIF15  BRCA1  CENPF  AP3B1  KNL1  AP1G1  ANLN  NEK7"
8.23650637851798e-14,58,510,3.30215661795305,"GO:0051656 Establishment of organelle localization ","https://amigo.geneontology.org/amigo/term/GO:0051656"," SPDL1  CLASP1  NDC80  XPO1  SPG11  MDN1  TRAK2  CENPF  AP3B1  CDK5RAP2  NUSAP1  KNL1  NUF2  CENPC  CLASP2  SPICE1  CEP120  NMD3  KIF5B  CEP83  ARHGAP21  TTK  KAT2B  WDR11  SGO1  CENPE  SPC25  SKA1  SKA3  CDK1  AURKB  SPAG5  PCM1  DNM1L  EXOC6  EXOC6B  AP1G1  CENPQ  HIF1A  ECT2  NEK2  KIF14  RB1  KIF2C  EML4  RACGAP1  TSC1  PDCD6IP  DOCK7  EXOC5  EXOC1  EXOC2  DSN1  TRAPPC11  ZWILCH  KNTC1  LRPPRC  OPA1"
8.28032996321507e-14,31,154,5.84495030562446,"GO:0051225 Spindle assembly ","https://amigo.geneontology.org/amigo/term/GO:0051225"," TPR  CLASP1  CEP192  KIF23  KIF11  RACGAP1  CLASP2  SPICE1  PRC1  TPX2  ASPM  NDC80  FBXO5  NEK2  CCNB2  WASHC5  SKA3  SMC1A  SPAG5  KIF4A  STAG2  SMC3  NCOR1  AURKB  SKA1  KIF15  CEP63  STIL  CENPJ  SASS6  NEK7"
8.76136907079787e-14,34,187,5.27930995346726,"GO:1902850 Microtubule cytoskeleton organization involved in mitosis ","https://amigo.geneontology.org/amigo/term/GO:1902850"," SPDL1  TPR  CLASP1  KIF4A  CEP192  STIL  DLGAP5  BORA  CDK5RAP2  NUSAP1  KIF23  KIF11  NUF2  RACGAP1  CLASP2  SPICE1  CKAP5  AURKB  PRC1  TPX2  CDK1  NEK2  INTS13  SMC1A  NDC80  STAG2  SMC3  CENPE  CLTC  SPC25  KIF15  CENPJ  SASS6  TTK"
8.91770521977817e-14,29,134,6.28395475804498,"GO:0050000 Chromosome localization ","https://amigo.geneontology.org/amigo/term/GO:0050000"," SPDL1  NDC80  CENPF  KNL1  NUF2  CENPC  SPICE1  TTK  KAT2B  SGO1  CENPE  SPC25  SKA1  SKA3  CDK1  AURKB  SPAG5  CENPQ  ECT2  NEK2  KIF14  RB1  KIF2C  EML4  RACGAP1  DLGAP5  DSN1  ZWILCH  KNTC1"
9.5732884532507e-14,189,3125,1.75610966292135,"GO:0036211 Protein modification process ","https://amigo.geneontology.org/amigo/term/GO:0036211"," ANKIB1  CDC27  UFL1  UBA6  PIAS1  USP28  RC3H2  CCAR1  NEDD4  RAD18  SENP1  HACE1  HECTD1  UGGT2  FKTN  CUL2  BIRC2  UBE4A  CAND1  ZNF451  EDEM3  USP9X  USPL1  RC3H1  MARCHF7  UGGT1  BARD1  TMTC3  UBR3  FBXO38  TRIP12  USP25  CUL4B  USP24  USP1  OTUD4  COPS2  MSL2  UBE2C  TRAF6  B3GNT5  TOPORS  DZIP3  IBTK  BAZ1B  BRCA1  MRE11  RB1CC1  FNIP2  WNK1  PKN2  SLK  ROCK1  LRP6  DNAJC10  HSP90AA1  ERC1  TPX2  CLSPN  JAK2  PARP4  NBN  RAPGEF2  HIPK3  FBXO5  PRLR  PPWD1  KAT2B  ECT2  NKTR  ATF2  NEK2  TRIM24  PRKAA1  ROCK2  CLOCK  EPHA7  USP15  KAT7  TTLL7  FANCI  PLK4  PRKACB  DTL  CCNA2  CEP78  CHEK1  NEK7  UHMK1  PTPRK  PLOD2  RANBP2  RNF20  USP16  SMG1  MORC3  PTPN13  SNRK  NAA15  MELK  CDK12  TET2  CDK1  MTM1  NAA16  ATR  HASPIN  SOCS4  TTC3  CEP63  ZDHHC17  CHM  ZNF675  ENPP1  PJA2  DDX3X  PRKDC  UBR7  KITLG  MAPK6  HLTF  PTPN4  G2E3  TRPM7  CDC7  MIB1  MET  CDCA3  TTK  MAN2A1  MASTL  PIK3CA  CIT  AP3B1  SCYL2  SLC39A8  SSH2  SPOPL  C9orf72  PAN3  CDK19  FBXO43  CDC25C  TAOK1  CDC25A  OXR1  RSKR  PBK  BUB1  MAP3K2  MTBP  DPY19L3  AURKB  PIK3R4  SPDYE18  TRIM59  ZZZ3  PPP1R12A  ARFGEF1  HIF1A  RAB3GAP1  DOCK7  KIF14  AKAP9  IL6ST  DSCC1  CENPE  IQGAP1  CTTNBP2NL  CEP295  ESCO2  BLM  ARRDC3  RB1  PIKFYVE  PHIP  ATP7A  SLC8A1  NF1  ATP2B4  SMC6  MALT1  CDC6  LNPEP  HAT1  CCNT1  TPP2  CCNE2  IPO7"
9.66513527844447e-14,18,44,11.8784473953013,"GO:0007099 Centriole replication ","https://amigo.geneontology.org/amigo/term/GO:0007099"," CEP192  CCP110  ALMS1  CDK5RAP2  CENPJ  SASS6  SPICE1  CEP295  C2CD3  CEP120  CEP135  RTTN  CEP63  KAT2B  STIL  PLK4  MDM1  BRCA1"
1.09381707639617e-13,35,200,5.08133583021223,"GO:0000910 Cytokinesis ","https://amigo.geneontology.org/amigo/term/GO:0000910"," ANLN  ROCK1  ECT2  ROCK2  NUSAP1  CEP55  IQGAP1  RACGAP1  PDCD6IP  AURKB  WNK1  PRC1  CCP110  CIT  E2F8  KIF20B  BRCA2  WASHC5  E2F7  CKAP2  PKN2  KIF4A  CDC6  KIF14  KIF23  AHCTF1  SON  PIK3R4  PRPF40A  RASA1  EXOC5  EXOC1  EXOC2  EXOC6  EXOC6B"
1.17273814224758e-13,228,4046,1.63624683184576,"GO:0051252 Regulation of rna metabolic process ","https://amigo.geneontology.org/amigo/term/GO:0051252"," ATF2  MYB  ZNF148  ZNF195  ZFX  E2F2  BRCA1  BCLAF1  ARID4A  PIAS1  PER3  RC3H2  GPBP1  ZBTB11  TP53BP1  KDM5A  REST  NCOA1  ZNF302  CDC5L  HIF1A  ZC3H14  TRPS1  EDRF1  ZNF451  MED23  KAT2B  BBX  WDR75  NR5A2  FASTKD2  ZNF430  KLF12  HEATR1  CNOT1  ICE2  E2F8  CCNT1  CLOCK  RC3H1  EPC2  KAT7  ZNF189  NCBP1  SLTM  BRCA2  NCOA2  NCOR1  PHIP  ZNF92  ZNF462  ARID5B  THRB  WWC2  PAN3  GABPA  BACH1  KAT6B  PAXBP1  SON  MYSM1  REL  ZNF12  ZNF367  BRWD3  E2F7  LEO1  CDK12  ZNF146  ZNF83  ZNF30  TET2  ZNF507  PRDM10  FOXN2  ZNF160  ATF7IP  ZNF680  PHC3  MGA  NR1D2  ZNF519  USF3  ZBTB33  ZNF518A  MED14  NRIP1  ZFP3  RFX7  ZNF708  ZNF438  LIN9  ZNF730  ZFP1  MYBL1  ZNF267  ZNF566  ZBTB6  ZNF793  ZNF600  LIN54  ZNF724  ZNF681  ZNF107  ZNF799  ZNF136  ZNF700  ZNF675  ZNF695  ZNF84  ZNF770  MIER1  ZKSCAN8  ZNF616  ZNF611  ZNF891  ZNF736  ZNF718  ZNF260  ZBED6  ZNF850  ZNF224  DCP1A  CWC22  LARP7  BAZ1B  DEPDC1  ZZZ3  FNIP2  PPP1R12A  WNK1  TAF2  LRP6  SENP1  ERC1  CBX5  BTAF1  MET  CAPRIN2  TCERG1  SF3B1  CEBPZ  CENPF  DEK  NSRP1  BRIP1  CDK5RAP2  RB1  TAF5  PTPRK  RNF20  ATAD2  MORC3  NAA15  NIPBL  RAD21  RBPJ  DHX36  TRAF6  AURKB  BLM  DDX3X  RFC1  CCAR1  ROCK1  HLTF  RBL1  ATRX  RRN3  JAK2  RBBP8  BIRC2  CAND1  TRIM24  MED13L  TOP2A  PRKAA1  AP3B1  CEP350  CTDSPL2  LRPPRC  SLC39A8  CDCA7  CCNA2  PIK3R1  CENPJ  USP16  EMSY  ZNF714  COPS2  CDK1  MSL2  SUZ12  ARID2  TOPORS  CKAP2  UFL1  TPR  ATP2B4  NEDD4  TOP2B  ITGA6  ERBIN  NBAS  SUV39H2  ICE1  NMD3  MALT1  TAF9B  PRKDC  DICER1  TAX1BP1  ROCK2  SETDB2  NAA16  ENPP1  INTS13  INTS2  BAZ2B  BARD1  INTS7  RASA1  PBRM1  DENND4A  DIS3  SUPT16H  USP9X  IREB2"
1.18917205556216e-13,180,2929,1.78440315941707,"GO:0006366 Transcription by rna polymerase ii ","https://amigo.geneontology.org/amigo/term/GO:0006366"," ATF2  MYB  ZNF148  ZFX  E2F2  BRCA1  BCLAF1  ARID4A  PIAS1  PER3  TAF2  TP53BP1  REST  NCOA1  ZNF302  SUPT16H  CDC5L  HIF1A  TRPS1  ZNF451  MED23  KAT2B  BBX  NR5A2  KLF12  ATAD2B  ICE2  E2F8  CCNT1  CLOCK  EPC2  KAT7  ZNF189  SLTM  NCOA2  NCOR1  PHIP  ZNF462  TAF5  ARID5B  THRB  GABPA  BACH1  KAT6B  ATAD2  PAXBP1  MYSM1  REL  PBRM1  ZNF12  ZNF367  BRWD3  E2F7  LEO1  CDK12  ZNF146  ZNF83  ZNF30  TET2  ZNF507  PRDM10  ZNF160  MGA  NR1D2  USF3  ZBTB33  ZNF518A  MED14  NRIP1  ZFP3  RFX7  ZNF438  LIN9  ZFP1  MYBL1  ZNF267  ZNF566  ZBTB6  ZNF793  ZNF600  ZNF681  ZNF107  ZNF799  ZNF136  ZNF700  ZNF84  ZNF770  MIER1  ZKSCAN8  ZNF616  ZNF611  ZNF891  ZNF260  ZBED6  ZNF850  ZNF224  LARP7  ZZZ3  POLR2B  FNIP2  PPP1R12A  WNK1  LRP6  MET  CAPRIN2  TCERG1  CEBPZ  CNOT1  USP15  BRIP1  NCBP1  WWC2  RNF20  MORC3  NIPBL  RAD21  RBPJ  TRAF6  AURKB  ZNF675  DDX3X  ZNF195  RFC1  GPBP1  ZBTB11  HLTF  KDM5A  RBL1  ATRX  CBX5  JAK2  CAND1  ZNF430  MED13L  TOP2A  AP3B1  CTDSPL2  RB1  PIK3R1  ZNF92  NCAPG2  USP16  COPS2  CDK1  FOXN2  ATF7IP  ZNF680  DHX36  ZNF519  SUZ12  ZNF708  ZNF730  TAF9B  ZNF724  ZNF695  ZNF736  ZNF718  SENP1  CKAP2  TPR  ATP2B4  NEDD4  ITGA6  SUV39H2  ICE1  PRKDC  DICER1  BAZ1B  INTS13  INTS2  SF3B1  BAZ2B  DEK  INTS7  ARID2  TRIP13  RBBP8  TTF2  TRIM24  USP9X"
1.18917205556216e-13,19,51,10.8174096105359,"GO:0007094 Mitotic spindle assembly checkpoint signaling ","https://amigo.geneontology.org/amigo/term/GO:0007094"," TTK  CDK5RAP2  BUB1B  BUB1  ZWILCH  KNTC1  SPDL1  TPR  TRIP13  NDC80  KNL1  SKA1  SKA3  HASPIN  GEN1  CENPF  NUF2  SPC25  AURKB"
1.18917205556216e-13,19,51,10.8174096105359,"GO:0071173 Spindle assembly checkpoint signaling ","https://amigo.geneontology.org/amigo/term/GO:0071173"," TTK  CDK5RAP2  BUB1B  BUB1  ZWILCH  KNTC1  SPDL1  TPR  TRIP13  NDC80  KNL1  SKA1  SKA3  HASPIN  GEN1  CENPF  NUF2  SPC25  AURKB"
1.18917205556216e-13,19,51,10.8174096105359,"GO:0071174 Mitotic spindle checkpoint signaling ","https://amigo.geneontology.org/amigo/term/GO:0071174"," TTK  CDK5RAP2  BUB1B  BUB1  ZWILCH  KNTC1  SPDL1  TPR  TRIP13  NDC80  KNL1  SKA1  SKA3  HASPIN  GEN1  CENPF  NUF2  SPC25  AURKB"
1.22288919972526e-13,28,126,6.45248994312665,"GO:0051303 Establishment of chromosome localization ","https://amigo.geneontology.org/amigo/term/GO:0051303"," SPDL1  NDC80  CENPF  KNL1  NUF2  CENPC  SPICE1  TTK  KAT2B  SGO1  CENPE  SPC25  SKA1  SKA3  CDK1  AURKB  SPAG5  CENPQ  ECT2  NEK2  KIF14  RB1  KIF2C  EML4  RACGAP1  DSN1  ZWILCH  KNTC1"
1.51675698892924e-13,258,4788,1.56460752380327,"GO:0032774 Rna biosynthetic process ","https://amigo.geneontology.org/amigo/term/GO:0032774"," ATF2  MYB  ZNF148  ZNF195  ZFX  E2F2  BRCA1  BCLAF1  ARID4A  PIAS1  MTREX  PER3  GPBP1  TAF2  ZBTB11  THUMPD1  TP53BP1  KDM5A  ZNF638  REST  NCOA1  RRN3  ZNF302  SUPT16H  TDRD1  CDC5L  HIF1A  DICER1  TRPS1  EDRF1  INTS2  ZNF451  MED23  KAT2B  BBX  WDR75  SF3B1  TAF1B  THADA  NR5A2  FASTKD2  ZNF430  KLF12  HEATR1  PTBP3  ATAD2B  ICE2  E2F8  CCNT1  CLOCK  EPC2  KAT7  ZNF189  NCBP1  SLTM  SCAF11  BRCA2  MBNL2  NCOA2  NCOR1  INTS7  DDX46  PHIP  ZNF92  ZNF462  TAF5  ARID5B  THRB  WWC2  CWF19L2  MBNL1  GABPA  BACH1  KAT6B  ATAD2  PAXBP1  SON  MYSM1  REL  CWC22  PBRM1  ZNF12  ZNF367  BRWD3  BMS1  E2F7  CPSF2  LEO1  CDK12  ZNF146  ZNF83  ZNF30  TET2  ZNF507  PRDM10  FOXN2  ZNF160  ATF7IP  ZNF680  PHC3  MGA  NR1D2  ZNF519  USF3  ZBTB33  ZNF518A  MED14  NRIP1  ZFP3  RFX7  ZNF708  ZNF438  LIN9  ZNF730  ZFP1  MYBL1  ZNF267  ZNF566  ZBTB6  ZNF793  ZNF600  LIN54  ZNF724  ZNF681  ZNF107  ZNF799  PRPF40A  ZNF136  ERI2  ZNF700  ZNF675  ZNF695  ZNF84  PRIM1  ZNF770  MIER1  ZKSCAN8  ZNF616  ZNF611  ZNF891  ZNF736  ZNF718  ZNF260  ZBED6  ZNF850  ZNF224  AQR  PNN  DHX15  PPWD1  LARP7  BAZ1B  POLR3B  DEPDC1  ZZZ3  POLR2B  FNIP2  PPP1R12A  WNK1  LRP6  ERC1  DIS3  CBX5  BTAF1  POLA1  MET  HIPK3  CAPRIN2  TCERG1  CEBPZ  CENPF  DEK  CNOT1  NSRP1  USP15  BRIP1  CDK5RAP2  RB1  PTPRK  RNF20  MORC3  NAA15  NIPBL  RAD21  VIRMA  RBPJ  TRAF6  AURKB  BLM  DDX3X  PRKDC  RFC1  CCAR1  HLTF  THOC1  RBL1  ATRX  JAK2  RBBP8  BIRC2  CAND1  NUP155  TTF2  UTP20  TRIM24  MED13L  THOC2  PUS7L  TOP2A  PRKAA1  AP3B1  WDR36  CEP350  CTDSPL2  SLC39A8  CDCA7  CCNA2  PIK3R1  NCAPG2  CENPJ  PAN3  USP16  EMSY  ZNF714  U2SURP  COPS2  CDK1  MSL2  DHX36  SUZ12  TAF9B  ARID2  TOPORS  NOL8  SENP1  CKAP2  UFL1  TPR  ATP2B4  NEDD4  TOP2B  ITGA6  ERBIN  USPL1  SUV39H2  ICE1  NMD3  MALT1  TAX1BP1  SETDB2  NAA16  ENPP1  INTS13  BAZ2B  BARD1  DENND4A  TRIP13  USP9X"
1.55814537678782e-13,47,357,3.82269362176831,"GO:0006913 Nucleocytoplasmic transport ","https://amigo.geneontology.org/amigo/term/GO:0006913"," RANBP2  TPR  NUP133  THOC1  XPO1  TNPO1  IPO11  NUP50  NUP188  NUP107  MDN1  NUP155  CSE1L  NUP153  THOC2  XPO4  NCBP1  RANBP6  UHMK1  NMD3  KPNA2  KPNA5  RANBP17  IPO7  NUP160  WNK1  NEDD4  BARD1  PIK3R1  MALT1  PPP1R12A  HSP90AA1  JAK2  SPG11  ECT2  ATF2  CTDSPL2  CDK1  NF1  RAB23  NEMF  TSC1  WASHC4  NDC1  AHCTF1  NUP205  SMG1"
1.55814537678782e-13,47,357,3.82269362176831,"GO:0051169 Nuclear transport ","https://amigo.geneontology.org/amigo/term/GO:0051169"," RANBP2  TPR  NUP133  THOC1  XPO1  TNPO1  IPO11  NUP50  NUP188  NUP107  MDN1  NUP155  CSE1L  NUP153  THOC2  XPO4  NCBP1  RANBP6  UHMK1  NMD3  KPNA2  KPNA5  RANBP17  IPO7  NUP160  WNK1  NEDD4  BARD1  PIK3R1  MALT1  PPP1R12A  HSP90AA1  JAK2  SPG11  ECT2  ATF2  CTDSPL2  CDK1  NF1  RAB23  NEMF  TSC1  WASHC4  NDC1  AHCTF1  NUP205  SMG1"
1.73304852184178e-13,19,52,10.6093825026409,"GO:0031577 Spindle checkpoint signaling ","https://amigo.geneontology.org/amigo/term/GO:0031577"," TTK  CDK5RAP2  BUB1B  BUB1  ZWILCH  KNTC1  SPDL1  TPR  TRIP13  NDC80  KNL1  SKA1  SKA3  HASPIN  GEN1  CENPF  NUF2  SPC25  AURKB"
2.94237214154218e-13,30,151,5.76878239948409,"GO:0000086 G2/m transition of mitotic cell cycle ","https://amigo.geneontology.org/amigo/term/GO:0000086"," BRCA1  MRE11  ORC1  CLSPN  CDC6  NBN  CENPF  TICRR  DTL  CDC25C  TOPBP1  CDC25A  CDK1  NES  CCNA2  CHEK1  RRM1  ATR  BLM  RAD21  TAF2  CDC7  FBXO5  KIF14  MASTL  TAOK1  AURKB  RBBP8  BARD1  MELK"
2.94237214154218e-13,30,151,5.76878239948409,"GO:0007052 Mitotic spindle organization ","https://amigo.geneontology.org/amigo/term/GO:0007052"," TPR  CLASP1  KIF4A  CEP192  STIL  DLGAP5  BORA  KIF23  KIF11  NUF2  RACGAP1  CLASP2  SPICE1  CKAP5  AURKB  PRC1  TPX2  NEK2  INTS13  SMC1A  NDC80  STAG2  SMC3  CENPE  CLTC  SPC25  KIF15  CENPJ  SASS6  TTK"
3.51726586626281e-13,30,152,5.73082988369801,"GO:0000077 Dna damage checkpoint signaling ","https://amigo.geneontology.org/amigo/term/GO:0000077"," BRCA1  MRE11  USP28  TP53BP1  WDR76  CLSPN  NBN  TICRR  DTL  FANCD2  EME1  TOPBP1  CDK1  ATR  UFL1  CHEK1  E2F7  BLM  MSH2  CDC5L  ATF2  CLOCK  INTS7  TAOK1  PRKDC  CEP63  GTSE1  BRIP1  BARD1  BRCA2"
5.06411638099288e-13,82,941,2.53025376090726,"GO:0006325 Chromatin organization ","https://amigo.geneontology.org/amigo/term/GO:0006325"," BAZ1B  BRCA1  KDM5A  ATRX  CBX5  CENPI  OIP5  KAT2B  ATAD2B  HELLS  HJURP  SETDB2  CHD1  ATAD2  UBN2  CHAF1B  MYSM1  PBRM1  ATF7IP  MRE11  SUPT16H  SMCHD1  NBN  ATF2  HAT1  USP15  KAT7  RB1  SUV39H2  NIPBL  TET2  SLFN11  ARID2  LIN54  MIER1  ARID4A  TP53BP1  PSME4  HLTF  RBL1  NCOA1  RAD54L  BTAF1  TDRD1  JAK2  TTF2  PIK3CA  DEK  PRKAA1  CLOCK  EPC2  BRCA2  NCOR1  MMS22L  ZNF462  CHEK1  RNF20  USP16  KAT6B  EMSY  SMARCAD1  TOPBP1  RAD21  CENPN  BUB1  CDK1  MSL2  ATR  HASPIN  ZNF518A  SUZ12  ERCC6L  RAD54B  PRKDC  ZZZ3  TPR  TRIP12  REST  MKI67  SF3B1  SMC6  BAZ2B"
5.66606971588592e-13,145,2204,1.91027662789934,"GO:0045935 Positive regulation of nucleobase-containing compound metabolic process ","https://amigo.geneontology.org/amigo/term/GO:0045935"," MYB  DBF4  BRCA1  BCLAF1  RC3H2  TP53BP1  REST  NCOA1  EDRF1  KAT2B  WDR75  HEATR1  CNOT1  ICE2  CCNT1  RC3H1  NCOA2  ZNF462  THRB  PAN3  PAXBP1  MYSM1  REL  LEO1  CDK12  TET2  ZNF507  PRDM10  NR1D2  USF3  NRIP1  FANCB  MYBL1  DCP1A  HIF1A  ZFX  E2F2  BAZ1B  PPP1R12A  WNK1  TAF2  LRP6  KDM5A  CDC5L  MET  CAPRIN2  RAD51AP1  TCERG1  SF3B1  CEBPZ  ATF2  NR5A2  SHLD2  DEK  POT1  RFC3  CLOCK  EPC2  KAT7  CDK5RAP2  DSCC1  DNA2  BRCA2  PHIP  TAF5  GABPA  RNF20  KAT6B  ATAD2  NAA15  RBPJ  ATF7IP  LARP7  TRAF6  MED14  RFX7  BLM  DDX3X  PRKDC  ARID4A  PIAS1  RFC1  CCAR1  GPBP1  ROCK1  HLTF  TOP2B  ATRX  RRN3  MSH2  JAK2  BIRC2  CAND1  KLF12  TRIM24  E2F8  TOP2A  PRKAA1  AP3B1  RB1  CCNA2  PIK3R1  ARID5B  CENPJ  USP16  BACH1  ZNF148  NIPBL  E2F7  CDK1  MGA  MSL2  DHX36  ATAD5  ZNF267  ZNF600  ZNF107  TOPORS  ZNF770  ZNF850  ZNF224  SENP1  CKAP2  MRE11  ITGA6  CDC7  SMCHD1  NBN  NEK2  NCBP1  NEK7  ICE1  NMD3  AURKB  ARID2  ROCK2  NAA16  ATR  MED23  PBRM1  HSP90AA1  DIS3  SUPT16H  USP1  CDC25A"
6.53414289571254e-13,195,3331,1.6998078430182,"GO:0043412 Macromolecule modification ","https://amigo.geneontology.org/amigo/term/GO:0043412"," ANKIB1  CDC27  UFL1  UBA6  PIAS1  USP28  RC3H2  CCAR1  THUMPD1  NEDD4  RAD18  SENP1  HACE1  HECTD1  UGGT2  FKTN  CUL2  BIRC2  UBE4A  CAND1  ZNF451  THADA  EDEM3  USP9X  PUS7L  USPL1  RC3H1  MARCHF7  UGGT1  BARD1  TMTC3  UBR3  FBXO38  TRIP12  USP25  CUL4B  USP24  USP1  OTUD4  VIRMA  COPS2  MSL2  UBE2C  TRAF6  B3GNT5  TOPORS  DZIP3  IBTK  BAZ1B  BRCA1  MRE11  RB1CC1  FNIP2  WNK1  PKN2  SLK  ROCK1  LRP6  DNAJC10  HSP90AA1  ERC1  TPX2  CLSPN  JAK2  PARP4  NBN  RAPGEF2  HIPK3  FBXO5  PRLR  PPWD1  KAT2B  ECT2  NKTR  ATF2  NEK2  TRIM24  PRKAA1  ROCK2  CLOCK  EPHA7  USP15  KAT7  TTLL7  FANCI  PLK4  PRKACB  DTL  CCNA2  CEP78  CHEK1  NEK7  UHMK1  PTPRK  PLOD2  RANBP2  RNF20  USP16  SMG1  MORC3  PTPN13  SNRK  NAA15  MELK  CDK12  TET2  CDK1  MTM1  NAA16  ATR  HASPIN  SOCS4  TTC3  CEP63  ZDHHC17  CHM  ZNF675  ENPP1  PJA2  DDX3X  PRKDC  UBR7  KITLG  MAPK6  HLTF  PTPN4  G2E3  TRPM7  CDC7  MIB1  MET  CDCA3  TTK  MAN2A1  MASTL  PIK3CA  CIT  AP3B1  SCYL2  SLC39A8  SSH2  SPOPL  C9orf72  PAN3  CDK19  FBXO43  CDC25C  TAOK1  CDC25A  OXR1  RSKR  PBK  BUB1  MAP3K2  MTBP  DPY19L3  AURKB  PIK3R4  SPDYE18  TRIM59  ZZZ3  PPP1R12A  ARFGEF1  HIF1A  RAB3GAP1  DOCK7  KIF14  AKAP9  IL6ST  DSCC1  CENPE  IQGAP1  CTTNBP2NL  CEP295  ESCO2  LARP7  BLM  ARRDC3  RB1  PIKFYVE  PHIP  ATP7A  SLC8A1  NF1  ATP2B4  SMC6  MALT1  CDC6  NEIL3  LNPEP  HAT1  CCNT1  TPP2  CCNE2  IPO7"
7.04816725916252e-13,191,3241,1.71117405310625,"GO:0035556 Intracellular signal transduction ","https://amigo.geneontology.org/amigo/term/GO:0035556"," ECT2  MALT1  ZDHHC17  MIER1  BRCA1  MRE11  USP28  PKN2  TP53BP1  ROCK1  MAPK6  TRIP13  DNAJC10  ORC1  WDR76  CLSPN  CDC6  JAK2  PLCB4  DGKH  NBN  SHOC2  RAPGEF2  TTK  PLCH1  RALGPS2  CTNNAL1  MASTL  PIK3CA  PRKAA1  ROCK2  ARHGAP32  CDK5RAP2  DENND4C  FRMD6  TICRR  PRKACB  DTL  FANCD2  ARHGAP18  THRB  EPS8  WWC2  EME1  BUB1B  RAPGEF6  RACGAP1  REL  TOPBP1  DLC1  TSC1  BUB1  CDK1  ZWILCH  DENND4A  ATR  TRAF6  HASPIN  KNTC1  PJA2  TRIM59  ARHGEF28  PRKDC  TAF9B  UFL1  FNIP2  ATP2B4  WNK1  NCKAP1  NEDD4  ERC1  NCOA1  SEMA6A  HIF1A  MET  TAX1BP1  DHX15  USP9X  CNOT1  EPHA7  USP15  KAT7  NCOR1  PIK3R1  CHEK1  NEK7  TAOK1  PTPN13  E2F7  MAP3K2  AURKB  PIK3R4  MYO6  BLM  ZNF675  TOPORS  DDX3X  E2F2  RB1CC1  DEPDC1  DEPDC1B  SPDL1  KITLG  RC3H2  ARFGEF1  ATRX  RRN3  DOCK9  OSBPL8  MSH2  EIF3A  BIRC2  ERBIN  PIKFYVE  ATF2  MSH6  DOCK7  NR5A2  SSX2IP  HELLS  APAF1  TRIM24  FIGNL1  CLOCK  RC3H1  WASHC4  EPRS1  ARHGAP29  CEP55  ITGAV  GLCE  USO1  BRCA2  IQGAP1  C9orf72  RASA2  MELK  DDIAS  FRS2  PBK  RALGAPB  MTM1  RALGAPA1  NR1D2  DHX36  ATAD5  SOCS4  CHM  NF1  CD2AP  OPA1  PLIN5  RB1  CCNA2  BCLAF1  TPR  NDC80  CDC5L  FKTN  ADGRG6  ARRDC3  KIF14  CIT  MARCHF7  KNL1  DNA2  SLC39A8  INTS7  SKA1  ARHGAP12  SKA3  GEN1  HIPK3  CEP63  SLC8A1  GTSE1  RBBP8  CENPF  PATJ  BRIP1  BARD1  NCOA2  NUF2  RASA1  SPC25  HACE1  CDC45  ARHGAP21  CUL2  ZBTB33  ARHGAP11A"
7.76461728721429e-13,18,49,10.666360926393,"GO:0098534 Centriole assembly ","https://amigo.geneontology.org/amigo/term/GO:0098534"," CEP192  CCP110  ALMS1  CDK5RAP2  CENPJ  SASS6  SPICE1  CEP295  C2CD3  CEP120  CEP135  RTTN  CEP63  KAT2B  STIL  PLK4  MDM1  BRCA1"
1.16088157080375e-12,219,3919,1.62258965015343,"GO:0006351 Dna-templated transcription ","https://amigo.geneontology.org/amigo/term/GO:0006351"," ATF2  MYB  ZNF148  ZNF195  ZFX  E2F2  BRCA1  BCLAF1  ARID4A  PIAS1  PER3  GPBP1  TAF2  ZBTB11  TP53BP1  KDM5A  REST  NCOA1  RRN3  ZNF302  SUPT16H  CDC5L  HIF1A  TRPS1  EDRF1  ZNF451  MED23  KAT2B  BBX  WDR75  TAF1B  NR5A2  ZNF430  KLF12  HEATR1  ATAD2B  ICE2  E2F8  CCNT1  CLOCK  EPC2  KAT7  ZNF189  SLTM  BRCA2  NCOA2  NCOR1  PHIP  ZNF92  ZNF462  TAF5  ARID5B  THRB  WWC2  GABPA  BACH1  KAT6B  ATAD2  PAXBP1  MYSM1  REL  PBRM1  ZNF12  ZNF367  BRWD3  E2F7  LEO1  CDK12  ZNF146  ZNF83  ZNF30  TET2  ZNF507  PRDM10  FOXN2  ZNF160  ATF7IP  ZNF680  PHC3  MGA  NR1D2  ZNF519  USF3  ZBTB33  ZNF518A  MED14  NRIP1  ZFP3  RFX7  ZNF708  ZNF438  LIN9  ZNF730  ZFP1  MYBL1  ZNF267  ZNF566  ZBTB6  ZNF793  ZNF600  LIN54  ZNF724  ZNF681  ZNF107  ZNF799  ZNF136  ZNF700  ZNF675  ZNF695  ZNF84  ZNF770  MIER1  ZKSCAN8  ZNF616  ZNF611  ZNF891  ZNF736  ZNF718  ZNF260  ZBED6  ZNF850  ZNF224  LARP7  BAZ1B  POLR3B  DEPDC1  ZZZ3  POLR2B  FNIP2  PPP1R12A  WNK1  LRP6  ERC1  CBX5  BTAF1  MET  HIPK3  CAPRIN2  TCERG1  SF3B1  CEBPZ  CENPF  DEK  CNOT1  USP15  BRIP1  CDK5RAP2  NCBP1  RB1  PTPRK  RNF20  MORC3  NAA15  NIPBL  RAD21  RBPJ  TRAF6  AURKB  BLM  DDX3X  RFC1  CCAR1  HLTF  RBL1  ATRX  JAK2  RBBP8  BIRC2  CAND1  TTF2  TRIM24  MED13L  TOP2A  PRKAA1  AP3B1  CEP350  CTDSPL2  SLC39A8  CDCA7  CCNA2  PIK3R1  NCAPG2  CENPJ  USP16  EMSY  ZNF714  COPS2  CDK1  MSL2  DHX36  SUZ12  TAF9B  ARID2  TOPORS  SENP1  CKAP2  UFL1  TPR  ATP2B4  NEDD4  ITGA6  ERBIN  USPL1  SUV39H2  ICE1  MALT1  PRKDC  DICER1  TAX1BP1  SETDB2  NAA16  ENPP1  INTS13  INTS2  BAZ2B  INTS7  DENND4A  TRIP13  USP9X"
1.5753079877968e-12,35,219,4.64048934265958,"GO:0042770 Signal transduction in response to dna damage ","https://amigo.geneontology.org/amigo/term/GO:0042770"," BRCA1  MRE11  USP28  TP53BP1  WDR76  CLSPN  NBN  TICRR  DTL  FANCD2  EME1  TOPBP1  CDK1  ATR  UFL1  CHEK1  E2F7  MYO6  BLM  ATRX  MSH2  EPRS1  BRCA2  ATAD5  CDC5L  ATF2  CLOCK  MARCHF7  INTS7  TAOK1  PRKDC  CEP63  GTSE1  BRIP1  BARD1"
1.60766929935112e-12,110,1501,2.12790307917901,"GO:0046907 Intracellular transport ","https://amigo.geneontology.org/amigo/term/GO:0046907"," RANBP2  HEATR5B  TPR  NUP133  PCM1  THOC1  XPO1  TNPO1  EPS15  IPO11  NUP50  NUP188  SPG11  NUP107  GNPTAB  C2CD5  MDN1  RAB23  NUP155  TRAK2  STXBP3  SSX2IP  IFT81  CSE1L  NUP153  THOC2  PEX1  COPB1  AP3B1  XPO4  HOOK1  GCC2  WASHC4  NCBP1  RANBP6  SEC31A  USO1  SEC24B  UHMK1  VPS8  WDR19  AP1G1  CEP120  NMD3  KIF5B  KPNA2  PIK3R4  KPNA5  ITSN2  RANBP17  IPO7  DENND1B  NUP160  WNK1  NEDD4  HSP90AA1  WDR11  USP9X  SCYL2  BARD1  PIK3R1  MTM1  MALT1  AP2B1  PPP1R12A  AP4E1  DOP1A  JAK2  SEC23IP  ECT2  ATF2  CTDSPL2  KIF20B  EXOC6  DNAJC13  KIF21A  CLTC  EXOC6B  ABCA12  SYTL5  C9orf72  CDK1  CHM  NF1  SPAG5  KIF16B  HIF1A  ARHGAP21  PIKFYVE  ALMS1  ANKRD50  ICE1  WASHC5  NEMF  TSC1  HSP90B1  TRAPPC11  MON2  ERC1  DOCK7  MYO6  NDC1  EEA1  AHCTF1  NUP205  KIF4A  TUBA1B  LRPPRC  SMG1  OPA1"
2.28254549333471e-12,19,59,9.35064220571743,"GO:0045005 Dna-templated dna replication maintenance of fidelity ","https://amigo.geneontology.org/amigo/term/GO:0045005"," ATRX  DNA2  MMS22L  EME1  RECQL  MRE11  POLQ  RBBP8  NBN  FAM111A  SLFN11  GEN1  BLM  BRCA2  EXO1  ATR  BRCA1  MCM8  BARD1"
2.65725002432008e-12,15,33,13.1982748836681,"GO:0051984 Positive regulation of chromosome segregation ","https://amigo.geneontology.org/amigo/term/GO:0051984"," CDC6  KAT2B  CDK1  AURKB  NCAPG  SMC4  NCAPH  SMC2  NCAPG2  RAD18  SKA1  SMC6  SKA3  NCAPD2  NCAPD3"
3.55532422241341e-12,58,559,3.01270102890171,"GO:0010638 Positive regulation of organelle organization ","https://amigo.geneontology.org/amigo/term/GO:0010638"," C2CD5  CLIP1  NES  SETDB2  CEP120  ATF7IP  NCAPD2  NCKAP1  NCAPG  RAD51AP1  SMC4  NCAPH  STIL  CNOT1  POT1  SMC2  NUSAP1  PLK4  CENPJ  SKA1  SASS6  CDK1  UBE2C  CKAP5  AURKB  SYT1  ATRX  CCP110  ADD3  PAN3  MRE11  TPR  SPAG5  DNM1L  NBN  MET  RAB3GAP1  NEK2  AKAP9  ROCK2  CDK5RAP2  RB1  LNPK  NEK7  RAD21  SKA3  CEP295  BUB1  PDCD6IP  CEP135  DHX36  CLASP1  PHIP  NCAPG2  NCAPD3  ATR  DLGAP5  HSP90AA1"
4.13934897786494e-12,211,3776,1.62252097484077,"GO:2001141 Regulation of rna biosynthetic process ","https://amigo.geneontology.org/amigo/term/GO:2001141"," ATF2  MYB  ZNF148  ZNF195  ZFX  E2F2  BRCA1  BCLAF1  ARID4A  PIAS1  PER3  GPBP1  ZBTB11  TP53BP1  KDM5A  REST  NCOA1  ZNF302  CDC5L  HIF1A  TRPS1  EDRF1  ZNF451  MED23  KAT2B  BBX  WDR75  NR5A2  ZNF430  KLF12  HEATR1  ICE2  E2F8  CCNT1  CLOCK  EPC2  KAT7  ZNF189  SLTM  BRCA2  NCOA2  NCOR1  PHIP  ZNF92  ZNF462  ARID5B  THRB  WWC2  GABPA  BACH1  KAT6B  PAXBP1  MYSM1  REL  ZNF12  ZNF367  BRWD3  E2F7  LEO1  CDK12  ZNF146  ZNF83  ZNF30  TET2  ZNF507  PRDM10  FOXN2  ZNF160  ATF7IP  ZNF680  PHC3  MGA  NR1D2  ZNF519  USF3  ZBTB33  ZNF518A  MED14  NRIP1  ZFP3  RFX7  ZNF708  ZNF438  LIN9  ZNF730  ZFP1  MYBL1  ZNF267  ZNF566  ZBTB6  ZNF793  ZNF600  LIN54  ZNF724  ZNF681  ZNF107  ZNF799  ZNF136  ZNF700  ZNF675  ZNF695  ZNF84  ZNF770  MIER1  ZKSCAN8  ZNF616  ZNF611  ZNF891  ZNF736  ZNF718  ZNF260  ZBED6  ZNF850  ZNF224  LARP7  BAZ1B  DEPDC1  ZZZ3  FNIP2  PPP1R12A  WNK1  TAF2  LRP6  ERC1  CBX5  BTAF1  MET  CAPRIN2  TCERG1  SF3B1  CEBPZ  CENPF  DEK  CNOT1  BRIP1  CDK5RAP2  RB1  TAF5  PTPRK  RNF20  ATAD2  MORC3  NAA15  NIPBL  RAD21  RBPJ  TRAF6  AURKB  BLM  DDX3X  RFC1  CCAR1  HLTF  RBL1  ATRX  RRN3  JAK2  RBBP8  BIRC2  CAND1  TRIM24  MED13L  TOP2A  PRKAA1  AP3B1  CEP350  CTDSPL2  SLC39A8  CDCA7  CCNA2  PIK3R1  CENPJ  USP16  EMSY  ZNF714  COPS2  CDK1  MSL2  DHX36  SUZ12  ARID2  TOPORS  SENP1  CKAP2  UFL1  TPR  ATP2B4  NEDD4  TOP2B  ITGA6  ERBIN  SUV39H2  ICE1  NMD3  MALT1  TAF9B  PRKDC  DICER1  TAX1BP1  SETDB2  NAA16  ENPP1  INTS13  INTS2  BAZ2B  NCBP1  INTS7  PBRM1  DENND4A  SUPT16H  USP9X"
6.86583074040793e-12,25,116,6.25780274656679,"GO:0010389 Regulation of g2/m transition of mitotic cell cycle ","https://amigo.geneontology.org/amigo/term/GO:0010389"," BRCA1  MRE11  ORC1  CLSPN  CDC6  NBN  CENPF  TICRR  DTL  CDC25C  TOPBP1  CDC25A  CDK1  CHEK1  RRM1  ATR  BLM  RAD21  CDC7  FBXO5  KIF14  TAOK1  AURKB  RBBP8  BARD1"
8.4017499003259e-12,209,3755,1.61612963821854,"GO:0006355 Regulation of dna-templated transcription ","https://amigo.geneontology.org/amigo/term/GO:0006355"," ATF2  MYB  ZNF148  ZNF195  ZFX  E2F2  BRCA1  BCLAF1  ARID4A  PIAS1  PER3  GPBP1  ZBTB11  TP53BP1  KDM5A  REST  NCOA1  ZNF302  CDC5L  HIF1A  TRPS1  EDRF1  ZNF451  MED23  KAT2B  BBX  WDR75  NR5A2  ZNF430  KLF12  HEATR1  ICE2  E2F8  CCNT1  CLOCK  EPC2  KAT7  ZNF189  SLTM  BRCA2  NCOA2  NCOR1  PHIP  ZNF92  ZNF462  ARID5B  THRB  WWC2  GABPA  BACH1  KAT6B  PAXBP1  MYSM1  REL  ZNF12  ZNF367  BRWD3  E2F7  LEO1  CDK12  ZNF146  ZNF83  ZNF30  TET2  ZNF507  PRDM10  FOXN2  ZNF160  ATF7IP  ZNF680  PHC3  MGA  NR1D2  ZNF519  USF3  ZBTB33  ZNF518A  MED14  NRIP1  ZFP3  RFX7  ZNF708  ZNF438  LIN9  ZNF730  ZFP1  MYBL1  ZNF267  ZNF566  ZBTB6  ZNF793  ZNF600  LIN54  ZNF724  ZNF681  ZNF107  ZNF799  ZNF136  ZNF700  ZNF675  ZNF695  ZNF84  ZNF770  MIER1  ZKSCAN8  ZNF616  ZNF611  ZNF891  ZNF736  ZNF718  ZNF260  ZBED6  ZNF850  ZNF224  LARP7  BAZ1B  DEPDC1  ZZZ3  FNIP2  PPP1R12A  WNK1  TAF2  LRP6  ERC1  CBX5  BTAF1  MET  CAPRIN2  TCERG1  SF3B1  CEBPZ  CENPF  DEK  CNOT1  BRIP1  CDK5RAP2  RB1  TAF5  PTPRK  RNF20  ATAD2  MORC3  NAA15  NIPBL  RAD21  RBPJ  TRAF6  AURKB  BLM  DDX3X  RFC1  CCAR1  HLTF  RBL1  ATRX  RRN3  JAK2  RBBP8  BIRC2  CAND1  TRIM24  MED13L  TOP2A  PRKAA1  AP3B1  CEP350  CTDSPL2  SLC39A8  CDCA7  CCNA2  PIK3R1  CENPJ  USP16  EMSY  ZNF714  COPS2  CDK1  MSL2  DHX36  SUZ12  ARID2  TOPORS  SENP1  CKAP2  UFL1  TPR  ATP2B4  NEDD4  ITGA6  ERBIN  SUV39H2  ICE1  MALT1  TAF9B  PRKDC  DICER1  TAX1BP1  SETDB2  NAA16  ENPP1  INTS13  INTS2  BAZ2B  NCBP1  INTS7  PBRM1  DENND4A  SUPT16H  USP9X"
9.26801787308631e-12,23,98,6.8146194807511,"GO:0000281 Mitotic cytokinesis ","https://amigo.geneontology.org/amigo/term/GO:0000281"," ANLN  ROCK1  ECT2  ROCK2  NUSAP1  CEP55  IQGAP1  RACGAP1  PDCD6IP  WNK1  CIT  KIF20B  CKAP2  KIF4A  KIF23  SON  RASA1  EXOC5  EXOC1  EXOC2  EXOC6  EXOC6B  AURKB"
1.16477142512031e-11,26,129,5.85225832051022,"GO:1902749 Regulation of cell cycle g2/m phase transition ","https://amigo.geneontology.org/amigo/term/GO:1902749"," BRCA1  MRE11  ORC1  CLSPN  CDC6  NBN  CENPF  TICRR  DTL  CDC25C  TOPBP1  CDC25A  CDK1  CHEK1  RRM1  ATR  BLM  RAD21  CDC7  FBXO5  KIF14  TAOK1  ATAD5  AURKB  RBBP8  BARD1"
2.43297807391386e-11,17,51,9.67873491468997,"GO:0031297 Replication fork processing ","https://amigo.geneontology.org/amigo/term/GO:0031297"," ATRX  DNA2  MMS22L  EME1  RECQL  MRE11  POLQ  RBBP8  NBN  FAM111A  GEN1  BLM  BRCA2  EXO1  ATR  BRCA1  BARD1"
3.35943884088677e-11,14,32,12.7033395755306,"GO:0007064 Mitotic sister chromatid cohesion ","https://amigo.geneontology.org/amigo/term/GO:0007064"," SMC3  DSCC1  NIPBL  ESCO2  PDS5B  PDS5A  ATRX  SGO1  RB1  BUB1  HASPIN  SMC1A  STAG2  RAD21"
3.55239380722502e-11,165,2777,1.72523362721337,"GO:0006357 Regulation of transcription by rna polymerase ii ","https://amigo.geneontology.org/amigo/term/GO:0006357"," ATF2  MYB  ZNF148  ZFX  E2F2  BRCA1  BCLAF1  ARID4A  PIAS1  PER3  TP53BP1  REST  NCOA1  ZNF302  CDC5L  HIF1A  TRPS1  ZNF451  MED23  KAT2B  BBX  NR5A2  KLF12  E2F8  CCNT1  CLOCK  EPC2  KAT7  ZNF189  SLTM  NCOA2  NCOR1  PHIP  ZNF462  ARID5B  THRB  GABPA  BACH1  KAT6B  PAXBP1  MYSM1  REL  ZNF12  ZNF367  BRWD3  E2F7  LEO1  CDK12  ZNF146  ZNF83  ZNF30  TET2  ZNF507  PRDM10  ZNF160  MGA  NR1D2  USF3  ZBTB33  ZNF518A  MED14  NRIP1  ZFP3  RFX7  ZNF438  LIN9  ZFP1  MYBL1  ZNF267  ZNF566  ZBTB6  ZNF793  ZNF600  ZNF681  ZNF107  ZNF799  ZNF136  ZNF700  ZNF84  ZNF770  MIER1  ZKSCAN8  ZNF616  ZNF611  ZNF891  ZNF260  ZBED6  ZNF850  ZNF224  ZZZ3  FNIP2  PPP1R12A  TAF2  LRP6  MET  CAPRIN2  TCERG1  CEBPZ  CNOT1  BRIP1  TAF5  WWC2  RNF20  MORC3  NIPBL  RAD21  RBPJ  LARP7  TRAF6  AURKB  ZNF675  DDX3X  ZNF195  RFC1  GPBP1  ZBTB11  HLTF  KDM5A  RBL1  ATRX  CBX5  JAK2  CAND1  ZNF430  MED13L  TOP2A  AP3B1  CTDSPL2  RB1  PIK3R1  ZNF92  USP16  COPS2  CDK1  FOXN2  ATF7IP  ZNF680  DHX36  ZNF519  SUZ12  ZNF708  ZNF730  ZNF724  ZNF695  ZNF736  ZNF718  SENP1  CKAP2  TPR  ATP2B4  NEDD4  ITGA6  SUV39H2  TAF9B  PRKDC  DICER1  BAZ1B  SF3B1  BAZ2B  DEK  NCBP1  PBRM1  ARID2  RBBP8  USP9X"
7.21071097893145e-11,20,79,7.35093790989112,"GO:0032508 Dna duplex unwinding ","https://amigo.geneontology.org/amigo/term/GO:0032508"," RECQL  MCM6  NBN  BLM  CDC45  MCM8  POT1  GINS2  GINS4  POLQ  RFC3  BRIP1  DSCC1  DNA2  ZGRF1  DHX36  RAD54B  DDX3X  MRE11  TOP2A"
9.71269943367996e-11,23,109,6.12690558819824,"GO:0045132 Meiotic chromosome segregation ","https://amigo.geneontology.org/amigo/term/GO:0045132"," TTK  NUF2  FANCD2  CENPC  MND1  MRE11  NDC1  ASPM  TRIP13  NDC80  FBXO5  SMC4  NCAPH  SGO1  BRIP1  SMC2  CCNB2  WASHC5  SKA3  CCNE2  KNL1  SKA1  SYCP2"
1.02068216355351e-10,12,23,15.1493242142973,"GO:0046599 Regulation of centriole replication ","https://amigo.geneontology.org/amigo/term/GO:0046599"," ALMS1  CDK5RAP2  SPICE1  CEP295  CEP120  KAT2B  STIL  PLK4  CENPJ  SASS6  MDM1  BRCA1"
1.14578976539762e-10,122,1860,1.90452525740674,"GO:0045184 Establishment of protein localization ","https://amigo.geneontology.org/amigo/term/GO:0045184"," NUP133  TNPO1  IPO11  NUP50  NUP188  NUP107  GNPTAB  C2CD5  RAB23  ARRDC3  NUP155  TRAK2  STXBP3  BLZF1  CSE1L  NUP153  PEX1  XPO4  RANBP6  CEP55  USO1  UHMK1  RANBP2  VPS8  NIPBL  ARL6IP1  SRP72  KPNA2  PIK3R4  KPNA5  RANBP17  IPO7  AP4E1  XPO1  WNK1  HSP90AA1  DNM1L  CENPF  KIF14  WDR11  USP9X  MACF1  BARD1  BRCA2  GOLGA4  PIK3R1  MMGT1  ZDHHC17  AP2B1  HEATR5B  NUP160  TPR  NDC1  MON2  ARFGEF1  EXOC5  ERC1  DOP1A  EPS15  EXOC1  JAK2  HIF1A  SPG11  EXOC2  ERBIN  ECT2  PIKFYVE  EHBP1  ATF2  KTN1  COPB1  PRKAA1  AP3B1  COG6  HOOK1  CLOCK  GCC2  WASHC4  DENND4C  CTDSPL2  KIF20B  EXOC6  DNAJC13  SEC31A  SEC24B  CLTC  EXOC6B  ABCA12  SYTL5  ANKRD50  NBAS  AHCTF1  NUP205  CUL4B  WASHC5  GAPVD1  AP1G1  NMD3  PDCD6IP  CDK1  MTM1  NECTIN3  CHM  MYO6  NF1  CD2AP  DENND1B  ZBED6  PCM1  REST  KIAA0586  RAB3GAP1  POT1  CENPJ  ICE1  CEP295  HSP90B1  CEP120  CEP135  NEDD4  KIF5B  SEC23IP"
1.29591444374122e-10,67,768,2.53310640345402,"GO:0006338 Chromatin remodeling ","https://amigo.geneontology.org/amigo/term/GO:0006338"," BAZ1B  BRCA1  KDM5A  ATRX  CBX5  CENPI  OIP5  KAT2B  ATAD2B  HELLS  HJURP  SETDB2  CHD1  ATAD2  CHAF1B  MYSM1  PBRM1  ATF7IP  MRE11  SUPT16H  SMCHD1  NBN  ATF2  HAT1  USP15  RB1  SUV39H2  NIPBL  TET2  SLFN11  ARID2  LIN54  MIER1  ARID4A  HLTF  NCOA1  RAD54L  BTAF1  TDRD1  JAK2  TTF2  PIK3CA  PRKAA1  CLOCK  KAT7  BRCA2  CHEK1  RNF20  USP16  KAT6B  CENPN  BUB1  CDK1  MSL2  ATR  HASPIN  SUZ12  ERCC6L  RAD54B  PRKDC  TPR  TRIP12  SMARCAD1  REST  SF3B1  DEK  BAZ2B"
1.44687586188564e-10,67,770,2.52652690630219,"GO:0051129 Negative regulation of cellular component organization ","https://amigo.geneontology.org/amigo/term/GO:0051129"," TRIP13  FBXO5  TTK  CAMSAP2  CKAP2  CDK5RAP2  SSH2  ADD3  PLEKHH2  FBXO43  BUB1B  BUB1  MTM1  ZWILCH  KNTC1  XRN1  BAZ1B  TPX2  MET  RAPGEF2  KAT2B  POT1  MARCHF7  CHEK1  DLC1  ERCC4  DDX3X  SPDL1  CLASP1  CCP110  TJP1  BIRC2  MDM1  PIK3CA  THOC2  EPHA7  GLCE  PIK3R1  EPS8  CLASP2  PTPN13  RAD21  MTBP  OPA1  ROCK1  ROCK2  TPR  MPHOSPH9  ARFGEF1  NDC80  ATRX  NBN  KIF14  TOP2A  KNL1  ITGAV  SKA1  TAOK1  SKA3  HASPIN  GEN1  KIF24  BRCA1  CENPF  NUF2  SPC25  AURKB"
1.58293426883785e-10,16,49,9.48120971234936,"GO:0010824 Regulation of centrosome duplication ","https://amigo.geneontology.org/amigo/term/GO:0010824"," ALMS1  CDK5RAP2  SPICE1  CEP295  CEP120  KAT2B  STIL  PLK4  CENPJ  SASS6  XPO1  MDM1  ROCK2  PDCD6IP  GEN1  BRCA1"
2.4360080570579e-10,19,75,7.35583853516438,"GO:0035825 Homologous recombination ","https://amigo.geneontology.org/amigo/term/GO:0035825"," TRIP13  TOP2B  RAD54L  MND1  TOP2A  BRIP1  FANCD2  EME1  ERCC4  RMI1  RAD54B  RAD51AP1  BRCA1  MRE11  RBBP8  NBN  BARD1  TOPBP1  RAD21"
2.60043376171139e-10,21,94,6.48681169814328,"GO:0071103 Dna conformation change ","https://amigo.geneontology.org/amigo/term/GO:0071103"," RECQL  MCM6  NBN  BLM  TOP2B  CDC45  MCM8  POT1  GINS2  TOP2A  BRIP1  GINS4  DHX36  POLQ  RFC3  DSCC1  DNA2  ZGRF1  RAD54B  DDX3X  MRE11"
2.94616218664903e-10,20,85,6.83204817507527,"GO:0032392 Dna geometric change ","https://amigo.geneontology.org/amigo/term/GO:0032392"," RECQL  MCM6  NBN  BLM  CDC45  MCM8  POT1  GINS2  BRIP1  GINS4  DHX36  POLQ  RFC3  DSCC1  DNA2  ZGRF1  RAD54B  DDX3X  MRE11  TOP2A"
3.16570469576384e-10,37,291,3.69188857570648,"GO:0032886 Regulation of microtubule-based process ","https://amigo.geneontology.org/amigo/term/GO:0032886"," TPR  ALMS1  CAMSAP2  MACF1  CLIP1  CKAP2  BORA  CDK5RAP2  SKA1  SPICE1  CEP295  CEP120  ROCK1  TPX2  KAT2B  STIL  PLK4  CENPJ  SASS6  CLASP2  SKA3  CKAP5  AURKB  CLASP1  XPO1  MDM1  PRKAA1  ROCK2  SPAG5  MET  AKAP9  KIF21A  CLTC  TAOK1  PDCD6IP  GEN1  BRCA1"
3.37758275609749e-10,14,37,10.9866720653238,"GO:0006270 Dna replication initiation ","https://amigo.geneontology.org/amigo/term/GO:0006270"," MCM10  ORC1  CDC45  POLA1  ORC3  TICRR  TOPBP1  NOC3L  KAT7  PRIM1  MCM6  CDC6  CCNE2  NBN"
3.60559027213611e-10,25,138,5.26018201885324,"GO:2001252 Positive regulation of chromosome organization ","https://amigo.geneontology.org/amigo/term/GO:2001252"," SETDB2  ATF7IP  NCAPD2  NCAPG  SMC4  NCAPH  POT1  SMC2  CDK1  AURKB  ATRX  MRE11  TPR  NBN  NEK2  NEK7  SKA1  RAD21  SKA3  BUB1  DHX36  NCAPG2  NCAPD3  ATR  HSP90AA1"
3.6462293602043e-10,24,127,5.48715680202896,"GO:0061640 Cytoskeleton-dependent cytokinesis ","https://amigo.geneontology.org/amigo/term/GO:0061640"," ANLN  ROCK1  ECT2  ROCK2  NUSAP1  CEP55  IQGAP1  RACGAP1  PDCD6IP  WNK1  AURKB  CIT  KIF20B  WASHC5  CKAP2  KIF4A  KIF23  SON  RASA1  EXOC5  EXOC1  EXOC2  EXOC6  EXOC6B"
4.69640427252875e-10,27,163,4.80967808644103,"GO:0061982 Meiosis i cell cycle process ","https://amigo.geneontology.org/amigo/term/GO:0061982"," MRE11  TRIP13  TOP2B  RAD54L  MND1  TOP2A  BRIP1  FANCD2  CENPC  EME1  CDC25C  CDC25A  ERCC4  RMI1  RAD54B  RAD51AP1  NDC1  NDC80  FBXO5  BRCA2  CCNB2  CCNE2  MSH6  KNL1  MYBL1  SYCP2  RAD21"
4.79304732911993e-10,89,1214,2.12868387332967,"GO:0051130 Positive regulation of cellular component organization ","https://amigo.geneontology.org/amigo/term/GO:0051130"," C2CD5  CLIP1  NES  SETDB2  EPS8  CEP120  ATF7IP  SLITRK6  NCAPD2  FNIP2  WNK1  NCKAP1  HSP90AA1  NCAPG  RAD51AP1  SMC4  NCAPH  STIL  CNOT1  MACF1  POT1  SMC2  NUSAP1  PLK4  GOLGA4  FBXO38  NEK7  CENPJ  SKA1  SASS6  TSC1  CDK1  UBE2C  CKAP5  AURKB  SYT1  ROCK1  ATRX  MIB1  CCP110  SHOC2  EIF4G2  CAPRIN2  CAND1  KAT2B  ATP8A1  SYNE1  ARHGAP32  RB1  PIK3R1  GPC3  ADD3  PAN3  WASHC5  ATP7A  DHX36  IL1RAP  CLASP1  ANLN  MRE11  TPR  SPAG5  DNM1L  NBN  MET  RAB3GAP1  NEK2  AKAP9  ROCK2  CDK5RAP2  LNPK  CLASP2  ICE1  RAD21  SKA3  CEP295  BUB1  PDCD6IP  CEP135  ATR  ITGA6  RAPGEF2  PIK3CA  KIDINS220  PHIP  NCAPG2  NCAPD3  DDX3X  DLGAP5"
7.91443826647082e-10,25,143,5.07625957064159,"GO:0034502 Protein localization to chromosome ","https://amigo.geneontology.org/amigo/term/GO:0034502"," SPDL1  TTK  KNL1  NIPBL  MTBP  ZWILCH  KNTC1  TP53BP1  NBN  BRCA2  MMS22L  TOPBP1  CDK1  ATRX  BUB1B  ESCO2  CENPQ  MSH2  MCM8  POT1  RB1  RAD21  ATR  HASPIN  AURKB"
8.63411895973256e-10,21,100,6.09760299625468,"GO:1901992 Positive regulation of mitotic cell cycle phase transition ","https://amigo.geneontology.org/amigo/term/GO:1901992"," CDC25C  CDC25A  MTBP  CCNE2  STIL  CENPJ  SASS6  RRM1  RRM2  UBE2C  CUL4B  CDC7  FBXO5  RB1  DTL  SKA1  SKA3  CDK1  DDX3X  DLGAP5  CDC6"
9.14895154767047e-10,25,144,5.04100776806769,"GO:0006275 Regulation of dna replication ","https://amigo.geneontology.org/amigo/term/GO:0006275"," DBF4  TICRR  RFC3  ORC3  KAT7  DSCC1  DNA2  SLFN11  ATRX  E2F8  E2F7  CDK1  CDC7  SMC3  FBXO5  PDS5A  CCNA2  ESCO2  ATR  ATAD5  BLM  MCM6  CDC6  NBN  CDC25A"
9.78550508008979e-10,13,33,11.4385048991791,"GO:1905820 Positive regulation of chromosome separation ","https://amigo.geneontology.org/amigo/term/GO:1905820"," UBE2C  NCAPG  SMC4  NCAPH  SMC2  NCAPG2  RB1  SKA1  SKA3  NCAPD2  NCAPD3  DLGAP5  AURKB"
1.42967399675836e-09,16,56,8.29605849830569,"GO:0046605 Regulation of centrosome cycle ","https://amigo.geneontology.org/amigo/term/GO:0046605"," ALMS1  CDK5RAP2  SPICE1  CEP295  CEP120  KAT2B  STIL  PLK4  CENPJ  SASS6  XPO1  MDM1  ROCK2  PDCD6IP  GEN1  BRCA1"
1.75480408311495e-09,196,3659,1.55536926204911,"GO:0010604 Positive regulation of macromolecule metabolic process ","https://amigo.geneontology.org/amigo/term/GO:0010604"," MYB  DBF4  BRCA1  BCLAF1  RC3H2  TP53BP1  REST  NCOA1  EDRF1  BIRC2  MED23  KAT2B  WDR75  HEATR1  ATAD2B  CNOT1  ICE2  CCNT1  RC3H1  NCOA2  ZNF462  THRB  UHMK1  PAN3  ATAD2  PAXBP1  MYSM1  REL  LEO1  CDK12  TET2  ZNF507  PRDM10  NR1D2  USF3  EPM2AIP1  NRIP1  FANCB  MYBL1  DCP1A  ZFX  E2F2  BAZ1B  UFL1  MRE11  PIAS1  FNIP2  PPP1R12A  WNK1  TAF2  NEDD4  LRP6  KDM5A  HSP90AA1  TPX2  CLSPN  CDC5L  JAK2  HIF1A  NBN  MET  C5  RAPGEF2  CAPRIN2  RAD51AP1  PRLR  TCERG1  ECT2  SF3B1  CEBPZ  ATF2  NR5A2  APAF1  SHLD2  DEK  POT1  PRKAA1  RFC3  CLOCK  EPC2  KAT7  CDK5RAP2  DSCC1  DNA2  BRCA2  FANCI  PHIP  TAF5  GABPA  RNF20  KAT6B  NAA15  DLC1  RBPJ  ATF7IP  LARP7  TRAF6  MED14  RFX7  KPNA2  BLM  DDX3X  PRKDC  ARID4A  RFC1  KITLG  CCAR1  GPBP1  ROCK1  HLTF  TOP2B  ATRX  RRN3  EPS15  MSH2  EIF4G2  CAND1  KLF12  TRIM24  E2F8  TOP2A  AP3B1  RB1  UBR3  CCNA2  PIK3R1  GPC3  ARID5B  CENPJ  USP16  BACH1  CUL4B  ZNF148  NIPBL  RAD21  E2F7  CDK1  MGA  MSL2  DHX36  ATAD5  SOCS4  ZNF267  ZNF600  IL1RAP  ZNF107  TOPORS  ZNF770  OPA1  SPDYE18  DENND1B  ZNF850  ZNF224  SENP1  CKAP2  POLR3B  ITGA6  CDC7  SMCHD1  RAB3GAP1  DOCK7  NEK2  KIF14  FASTKD2  AKAP9  ROCK2  IL6ST  MARCHF7  NCBP1  CENPE  TMTC3  IQGAP1  DTL  NEK7  NBAS  TAOK1  ICE1  CEP295  NMD3  MALT1  AURKB  ARID2  ARRDC3  HECTD1  NAA16  ATR  BARD1  PBRM1  DIS3  SUPT16H  IDE  HSPH1  IREB2  USP1  CDC25A  UBE2C"
3.37579996219786e-09,16,59,7.87422501534099,"GO:0007062 Sister chromatid cohesion ","https://amigo.geneontology.org/amigo/term/GO:0007062"," SMC1A  STAG2  SMC3  DSCC1  BUB1B  NIPBL  RAD21  BUB1  ESCO2  PDS5B  PDS5A  MRE11  ATRX  SGO1  RB1  HASPIN"
5.32330997860353e-09,18,79,6.615844118902,"GO:0010972 Negative regulation of g2/m transition of mitotic cell cycle ","https://amigo.geneontology.org/amigo/term/GO:0010972"," BRCA1  MRE11  ORC1  CLSPN  CDC6  NBN  TICRR  DTL  TOPBP1  CDK1  CHEK1  ATR  BLM  RAD21  TAOK1  AURKB  RBBP8  BARD1"
5.54012427550538e-09,38,337,3.27411210763993,"GO:0034504 Protein localization to nucleus ","https://amigo.geneontology.org/amigo/term/GO:0034504"," NUP133  TNPO1  IPO11  NUP50  NUP188  NUP107  NUP155  CSE1L  NUP153  RANBP6  RANBP2  KPNA2  KPNA5  NOL8  IPO7  SYNE1  KAT7  BARD1  PIK3R1  MORC3  LARP7  TOPORS  TPR  HSP90AA1  XPO1  OSBPL8  JAK2  SPG11  ECT2  ATF2  CDK1  NF1  CD2AP  INTS13  RAB23  PIKFYVE  NMD3  RANBP17"
6.38767796457246e-09,102,1549,1.91200315293424,"GO:0015031 Protein transport ","https://amigo.geneontology.org/amigo/term/GO:0015031"," NUP133  TNPO1  IPO11  NUP50  NUP188  NUP107  GNPTAB  C2CD5  RAB23  ARRDC3  NUP155  STXBP3  BLZF1  CSE1L  NUP153  PEX1  XPO4  RANBP6  USO1  UHMK1  RANBP2  VPS8  KPNA2  PIK3R4  KPNA5  RANBP17  IPO7  XPO1  HSP90AA1  DNM1L  CENPF  WDR11  USP9X  MACF1  BARD1  GOLGA4  PIK3R1  ZDHHC17  AP2B1  HEATR5B  NUP160  TPR  NDC1  MON2  ARFGEF1  EXOC5  AP4E1  ERC1  DOP1A  EPS15  EXOC1  JAK2  HIF1A  SPG11  EXOC2  ECT2  EHBP1  ATF2  KTN1  COPB1  AP3B1  COG6  HOOK1  CLOCK  GCC2  WASHC4  DENND4C  CTDSPL2  KIF20B  EXOC6  DNAJC13  SEC31A  SEC24B  CLTC  EXOC6B  ABCA12  SYTL5  ANKRD50  NBAS  AHCTF1  NUP205  CUL4B  WASHC5  GAPVD1  AP1G1  NMD3  PDCD6IP  CDK1  MTM1  CHM  MYO6  NF1  CD2AP  DENND1B  ZBED6  PCM1  REST  ICE1  HSP90B1  NEDD4  KIF5B  SEC23IP"
6.79468762110362e-09,207,3988,1.50714503059741,"GO:0009893 Positive regulation of metabolic process ","https://amigo.geneontology.org/amigo/term/GO:0009893"," MYB  DBF4  BRCA1  BCLAF1  RC3H2  TP53BP1  REST  NCOA1  EDRF1  BIRC2  MED23  KAT2B  WDR75  HEATR1  ATAD2B  CNOT1  ICE2  CCNT1  RC3H1  NCOA2  ZNF462  THRB  UHMK1  PAN3  ATAD2  PAXBP1  MYSM1  REL  LEO1  CDK12  TET2  ZNF507  PRDM10  NR1D2  USF3  EPM2AIP1  NRIP1  FANCB  MYBL1  DCP1A  HIF1A  ZFX  E2F2  BAZ1B  UFL1  MRE11  PIAS1  FNIP2  PPP1R12A  WNK1  TAF2  NEDD4  LRP6  KDM5A  HSP90AA1  TPX2  CLSPN  CDC5L  JAK2  NBN  MET  C5  RAPGEF2  CAPRIN2  RAD51AP1  PRLR  TCERG1  ECT2  SF3B1  CEBPZ  ATF2  NR5A2  APAF1  SHLD2  DEK  POT1  PRKAA1  RFC3  CLOCK  EPC2  KAT7  CDK5RAP2  DSCC1  DNA2  BRCA2  FANCI  PHIP  TAF5  GABPA  RNF20  KAT6B  MORC3  NAA15  DLC1  RBPJ  ATF7IP  LARP7  TRAF6  MED14  RFX7  KPNA2  BLM  DDX3X  PRKDC  RB1CC1  ARID4A  RFC1  KITLG  CCAR1  GPBP1  ROCK1  HLTF  TOP2B  ATRX  RRN3  EPS15  SUCO  MSH2  EIF4G2  CAND1  KLF12  TRIM24  E2F8  TOP2A  AP3B1  RB1  UBR3  CCNA2  PIK3R1  GPC3  ARID5B  CENPJ  USP16  BACH1  CUL4B  ZNF148  NIPBL  RAD21  E2F7  CDK1  ELOVL6  MGA  MSL2  DHX36  ATAD5  SOCS4  ZNF267  ZNF600  IL1RAP  ZNF107  TOPORS  ZNF770  SLC5A3  OPA1  SPDYE18  DENND1B  PLIN5  ZNF850  ZNF224  PPP4R3B  SENP1  CKAP2  C9orf72  POLR3B  ITGA6  CDC7  SMCHD1  RAB3GAP1  DOCK7  NEK2  KIF14  FASTKD2  AKAP9  ROCK2  IL6ST  MARCHF7  NCBP1  CENPE  TMTC3  IQGAP1  IFNAR1  DTL  NEK7  NBAS  TAOK1  ICE1  ATP7A  CEP295  NMD3  MALT1  AURKB  ARID2  ARRDC3  HECTD1  ALMS1  NAA16  ATR  BARD1  PBRM1  DIS3  SUPT16H  IDE  HSPH1  IREB2  USP1  CDC25A  UBE2C"
8.07414459813747e-09,18,81,6.45248994312665,"GO:1902750 Negative regulation of cell cycle g2/m phase transition ","https://amigo.geneontology.org/amigo/term/GO:1902750"," BRCA1  MRE11  ORC1  CLSPN  CDC6  NBN  TICRR  DTL  TOPBP1  CDK1  CHEK1  ATR  BLM  RAD21  TAOK1  AURKB  RBBP8  BARD1"
1.23264141217127e-08,16,64,7.25905118601748,"GO:0044818 Mitotic g2/m transition checkpoint ","https://amigo.geneontology.org/amigo/term/GO:0044818"," BRCA1  MRE11  ORC1  CLSPN  CDC6  NBN  TICRR  DTL  TOPBP1  CDK1  CHEK1  ATR  BLM  TAOK1  RBBP8  BARD1"
1.24425394892793e-08,23,138,4.83936745734499,"GO:0045931 Positive regulation of mitotic cell cycle ","https://amigo.geneontology.org/amigo/term/GO:0045931"," CDC25C  CDC25A  MTBP  CCNE2  STIL  CENPJ  SASS6  RRM1  RRM2  UBE2C  BRCA2  CUL4B  CDK1  PKN2  CDC7  FBXO5  RB1  DTL  SKA1  SKA3  DDX3X  DLGAP5  CDC6"
1.27116681349597e-08,79,1092,2.10060455566074,"GO:0044087 Regulation of cellular component biogenesis ","https://amigo.geneontology.org/amigo/term/GO:0044087"," TPR  ROCK1  ALMS1  MACF1  CLIP1  ROCK2  SETDB2  CDK5RAP2  SSH2  ARHGAP18  ADD3  EPS8  SPICE1  CEP295  CEP120  MTM1  ATF7IP  SLITRK6  FNIP2  NCKAP1  SLK  HSP90AA1  MET  KAT2B  CAMSAP2  STIL  HJURP  CNOT1  MARCHF7  PLK4  RASA1  NEK7  CENPJ  SKA1  USP16  SASS6  CLASP2  DLC1  TSC1  CKAP5  DDX3X  SENP1  CCP110  TJP1  BIRC2  CAND1  MDM1  ECT2  PRKAA1  EPHA7  PIK3R1  PAN3  PTPN13  ATP7A  ARHGAP12  NECTIN3  IL1RAP  CLASP1  ANLN  MPHOSPH9  ARFGEF1  SPAG5  RAPGEF2  PIKFYVE  RAB3GAP1  KIF14  AKAP9  KIF21A  C9orf72  ICE1  PDCD6IP  CEP135  ATR  KIF24  REST  PIK3CA  BRCA1  VPS8  RB1"
1.27116681349597e-08,51,563,2.63027787202054,"GO:0051493 Regulation of cytoskeleton organization ","https://amigo.geneontology.org/amigo/term/GO:0051493"," TPR  CAMSAP2  CLIP1  NES  CKAP2  BORA  CDK5RAP2  SSH2  ARHGAP18  ADD3  PLEKHH2  SKA1  TAOK1  WASHC5  CEP120  NCKAP1  ROCK1  TPX2  MET  KAT2B  STIL  PLK4  RASA1  CENPJ  SASS6  CLASP2  DLC1  SKA3  TSC1  CKAP5  AURKB  CLASP1  TJP1  MDM1  ECT2  PIK3CA  PRKAA1  ROCK2  PIK3R1  C9orf72  EPS8  CD2AP  ARFGEF1  SPAG5  ALMS1  AKAP9  KIF21A  CLTC  CEP295  BRCA1  WASHC4"
1.36518911082486e-08,121,1987,1.7681835802881,"GO:0051254 Positive regulation of rna metabolic process ","https://amigo.geneontology.org/amigo/term/GO:0051254"," MYB  BRCA1  BCLAF1  RC3H2  TP53BP1  REST  NCOA1  EDRF1  KAT2B  WDR75  HEATR1  CNOT1  ICE2  CCNT1  RC3H1  NCOA2  ZNF462  THRB  PAN3  PAXBP1  MYSM1  REL  LEO1  CDK12  TET2  ZNF507  PRDM10  NR1D2  USF3  NRIP1  MYBL1  DCP1A  ZFX  E2F2  BAZ1B  PPP1R12A  WNK1  TAF2  LRP6  KDM5A  CDC5L  HIF1A  MET  CAPRIN2  TCERG1  SF3B1  CEBPZ  ATF2  NR5A2  DEK  CLOCK  CDK5RAP2  BRCA2  PHIP  TAF5  GABPA  RNF20  KAT6B  ATAD2  NAA15  RBPJ  ATF7IP  LARP7  TRAF6  MED14  RFX7  BLM  DDX3X  ARID4A  PIAS1  RFC1  CCAR1  GPBP1  ROCK1  HLTF  ATRX  RRN3  JAK2  BIRC2  CAND1  KLF12  TRIM24  TOP2A  PRKAA1  AP3B1  RB1  CCNA2  PIK3R1  ARID5B  CENPJ  USP16  BACH1  ZNF148  NIPBL  MGA  MSL2  DHX36  ZNF267  ZNF600  ZNF107  TOPORS  ZNF770  ZNF850  ZNF224  SENP1  CKAP2  TOP2B  ITGA6  E2F8  NCBP1  ICE1  E2F7  NMD3  PRKDC  ROCK2  KAT7  NAA16  MED23  EPC2  DIS3  SUPT16H"
1.36518911082486e-08,22,127,5.02989373519321,"GO:1901989 Positive regulation of cell cycle phase transition ","https://amigo.geneontology.org/amigo/term/GO:1901989"," CDC25C  CDC25A  MTBP  CCNE2  STIL  CENPJ  SASS6  RRM1  RRM2  UBE2C  CUL4B  CDC7  FBXO5  RB1  DTL  SKA1  SKA3  CDK1  ATAD5  DDX3X  DLGAP5  CDC6"
1.45881171638255e-08,60,728,2.39309379758818,"GO:0006886 Intracellular protein transport ","https://amigo.geneontology.org/amigo/term/GO:0006886"," NUP133  TNPO1  IPO11  NUP50  NUP188  NUP107  GNPTAB  C2CD5  RAB23  NUP155  STXBP3  CSE1L  NUP153  PEX1  XPO4  RANBP6  USO1  UHMK1  RANBP2  VPS8  KPNA2  PIK3R4  KPNA5  RANBP17  IPO7  XPO1  HSP90AA1  WDR11  USP9X  BARD1  PIK3R1  AP2B1  TPR  AP4E1  JAK2  SPG11  ECT2  ATF2  COPB1  AP3B1  CTDSPL2  KIF20B  EXOC6  SEC24B  CLTC  EXOC6B  SYTL5  AP1G1  CDK1  CHM  NF1  PCM1  GCC2  ABCA12  ICE1  HSP90B1  NEDD4  KIF5B  MYO6  SEC23IP"
1.4602347107916e-08,7,8,25.4066791510612,"GO:1905821 Positive regulation of chromosome condensation ","https://amigo.geneontology.org/amigo/term/GO:1905821"," NCAPD2  NCAPG  SMC4  NCAPH  SMC2  NCAPG2  NCAPD3"
1.79478256513651e-08,24,153,4.55469878338352,"GO:0010212 Response to ionizing radiation ","https://amigo.geneontology.org/amigo/term/GO:0010212"," USP28  RAD51AP1  ECT2  FIGNL1  CLOCK  INTS7  FANCD2  TOPBP1  ATR  BLM  TP53BP1  RAD54L  MSH2  PRKAA1  BRCA2  TICRR  DCLRE1C  RRM1  XRCC2  RAD54B  PRKDC  BRCA1  BARD1  NIPBL"
1.84280309691629e-08,10,21,13.8267641638428,"GO:0051383 Kinetochore organization ","https://amigo.geneontology.org/amigo/term/GO:0051383"," DLGAP5  NUF2  CENPC  KNTC1  CENPE  NDC80  SMC4  CENPK  SMC2  CENPF"
1.97005684302773e-08,9,16,16.3328651685393,"GO:0034501 Protein localization to kinetochore ","https://amigo.geneontology.org/amigo/term/GO:0034501"," SPDL1  TTK  KNL1  MTBP  ZWILCH  KNTC1  CDK1  CENPQ  AURKB"
1.97005684302773e-08,9,16,16.3328651685393,"GO:1903083 Protein localization to condensed chromosome ","https://amigo.geneontology.org/amigo/term/GO:1903083"," SPDL1  TTK  KNL1  MTBP  ZWILCH  KNTC1  CDK1  CENPQ  AURKB"
2.30327754802698e-08,24,155,4.49592847650115,"GO:0007127 Meiosis i ","https://amigo.geneontology.org/amigo/term/GO:0007127"," TRIP13  TOP2B  RAD54L  MND1  TOP2A  BRIP1  FANCD2  CENPC  EME1  ERCC4  RMI1  RAD54B  RAD51AP1  MRE11  NDC1  NDC80  FBXO5  BRCA2  CCNB2  CCNE2  KNL1  MYBL1  SYCP2  RAD21"
2.70093191880663e-08,8,12,19.3574698293799,"GO:0060623 Regulation of chromosome condensation ","https://amigo.geneontology.org/amigo/term/GO:0060623"," BAZ1B  NCAPD2  NCAPG  SMC4  NCAPH  SMC2  NCAPG2  NCAPD3"
2.70093191880663e-08,113,1833,1.79001153086738,"GO:1902680 Positive regulation of rna biosynthetic process ","https://amigo.geneontology.org/amigo/term/GO:1902680"," MYB  BRCA1  BCLAF1  TP53BP1  REST  NCOA1  EDRF1  KAT2B  WDR75  HEATR1  ICE2  CCNT1  NCOA2  ZNF462  THRB  PAXBP1  MYSM1  REL  LEO1  CDK12  TET2  ZNF507  PRDM10  NR1D2  USF3  NRIP1  MYBL1  ZFX  E2F2  BAZ1B  PPP1R12A  WNK1  TAF2  LRP6  KDM5A  CDC5L  HIF1A  MET  CAPRIN2  TCERG1  SF3B1  CEBPZ  ATF2  NR5A2  DEK  CLOCK  CDK5RAP2  BRCA2  PHIP  TAF5  GABPA  RNF20  KAT6B  ATAD2  NAA15  RBPJ  ATF7IP  LARP7  TRAF6  MED14  RFX7  BLM  DDX3X  ARID4A  PIAS1  RFC1  CCAR1  GPBP1  HLTF  ATRX  RRN3  JAK2  BIRC2  CAND1  KLF12  TRIM24  TOP2A  PRKAA1  AP3B1  RB1  CCNA2  PIK3R1  ARID5B  CENPJ  USP16  BACH1  ZNF148  NIPBL  MGA  MSL2  DHX36  ZNF267  ZNF600  ZNF107  TOPORS  ZNF770  ZNF850  ZNF224  SENP1  CKAP2  TOP2B  ITGA6  E2F8  ICE1  E2F7  NMD3  PRKDC  KAT7  NAA16  MED23  EPC2  NCBP1  SUPT16H"
2.80639948488765e-08,14,50,8.13013732833958,"GO:0090329 Regulation of dna-templated dna replication ","https://amigo.geneontology.org/amigo/term/GO:0090329"," DBF4  TICRR  RFC3  KAT7  DSCC1  SLFN11  ATRX  E2F8  E2F7  CDC7  FBXO5  BLM  MCM6  NBN"
3.01355293945145e-08,26,183,4.12536242265474,"GO:0051168 Nuclear export ","https://amigo.geneontology.org/amigo/term/GO:0051168"," RANBP2  TPR  NUP133  THOC1  XPO1  NUP188  NUP107  MDN1  NUP155  CSE1L  NUP153  THOC2  XPO4  NCBP1  UHMK1  NMD3  RANBP17  NUP160  WNK1  BARD1  MALT1  CTDSPL2  NEMF  TSC1  WASHC4  SMG1"
3.88529866521398e-08,44,461,2.77135142893509,"GO:0009314 Response to radiation ","https://amigo.geneontology.org/amigo/term/GO:0009314"," PER3  POLD3  USP28  RAD51AP1  ECT2  FIGNL1  CLOCK  DTL  INTS7  FANCD2  PTPRK  CUL4B  USP1  TOPBP1  CDC25A  ATR  ERCC4  AURKB  BLM  PIAS1  TP53BP1  RAD54L  MSH2  HIF1A  MSH6  SYNE1  PRKAA1  BRCA2  TICRR  SLC4A10  PIK3R1  DCLRE1C  RRM1  PBK  XRCC2  NF1  RAD54B  PRKDC  SMC1A  BRCA1  NEDD4  BARD1  NIPBL  DHX36"
4.53956796720951e-08,20,112,5.18503656144106,"GO:0044774 Mitotic dna integrity checkpoint signaling ","https://amigo.geneontology.org/amigo/term/GO:0044774"," BRCA1  MRE11  ORC1  CLSPN  CDC6  NBN  TICRR  DTL  FANCD2  EME1  TOPBP1  CDK1  E2F7  BLM  MSH2  ATF2  CHEK1  TAOK1  PRKDC  GTSE1"
4.89542726895492e-08,25,174,4.17186849771119,"GO:0006606 Protein import into nucleus ","https://amigo.geneontology.org/amigo/term/GO:0006606"," NUP133  TNPO1  IPO11  NUP50  NUP188  NUP107  NUP155  CSE1L  NUP153  RANBP6  RANBP2  KPNA2  KPNA5  IPO7  PIK3R1  TPR  HSP90AA1  JAK2  SPG11  ECT2  ATF2  CDK1  NF1  RAB23  RANBP17"
4.89542726895492e-08,35,318,3.19580869824669,"GO:0051054 Positive regulation of dna metabolic process ","https://amigo.geneontology.org/amigo/term/GO:0051054"," DBF4  FANCB  TP53BP1  RAD51AP1  SHLD2  POT1  RFC3  EPC2  KAT7  DSCC1  DNA2  PRKDC  TOP2B  ATRX  MSH2  E2F8  CCNA2  E2F7  CDK1  ATAD5  BRCA1  MRE11  CDC7  SMCHD1  NBN  NEK2  NEK7  DHX36  AURKB  ARID2  ATR  PBRM1  HSP90AA1  USP1  CDC25A"
6.8074942489384e-08,82,1197,1.98911344111423,"GO:0009790 Embryo development ","https://amigo.geneontology.org/amigo/term/GO:0009790"," BRCA1  ROCK1  PALS1  TDRD1  ROCK2  NIPBL  MYO6  KITLG  LRP6  MATR3  ZZZ3  OFD1  NUP133  PALB2  NCOA1  RRN3  MSH2  HIF1A  MIB1  RBBP8  TJP1  NBN  MAN2A1  ATF2  NEK2  PLS1  APAF1  CNOT1  THOC2  NSRP1  E2F8  TOP2A  KIDINS220  KIF20B  SEC24B  BRCA2  PLK4  PRKACB  LNPK  UBR3  NCAPG2  GPC3  GINS4  CHEK1  FREM2  CENPU  TRIP12  GABPA  CCNB2  WDR19  RACGAP1  ATP7A  TSC1  E2F7  COPS2  FRS2  LEO1  C2CD3  RBPJ  RRM2  DHX36  TRAF6  SLITRK6  ARID2  XRCC2  NF1  OPA1  PRKDC  ZBED6  CLASP1  WNK1  ITGAV  CLASP2  KIF16B  KAT2B  STIL  NES  SETDB2  MBNL1  DLC1  NR5A2  CDK1"
7.07794392192618e-08,13,45,8.38823692606464,"GO:0044786 Cell cycle dna replication ","https://amigo.geneontology.org/amigo/term/GO:0044786"," DBF4  MCM6  CDC45  POLA1  ATRX  E2F8  DNA2  E2F7  ATAD5  CDC7  FBXO5  BRCA2  BLM"
8.73422249756687e-08,25,179,4.05533585811032,"GO:0051170 Import into nucleus ","https://amigo.geneontology.org/amigo/term/GO:0051170"," NUP133  TNPO1  IPO11  NUP50  NUP188  NUP107  NUP155  CSE1L  NUP153  RANBP6  RANBP2  KPNA2  KPNA5  IPO7  TPR  PIK3R1  HSP90AA1  JAK2  SPG11  ECT2  ATF2  CDK1  NF1  RAB23  RANBP17"
8.75986845990349e-08,82,1204,1.9775488280845,"GO:0019953 Sexual reproduction ","https://amigo.geneontology.org/amigo/term/GO:0019953"," NCAPD2  MRE11  TRIP13  TOP2B  RAD54L  TDRD1  FBXO5  TTK  MND1  TOP2A  BRIP1  NUF2  FANCD2  CENPC  NCAPD3  EME1  FBXO43  CDC25C  CDC25A  ERCC4  RMI1  SYCP2  RAD54B  DDX3X  SMC3  RAD51AP1  ZFX  ARID4A  PIAS1  ATP2B4  NDC1  ASPM  PSME4  SMC1A  NDC80  ATRX  MSH2  SMCHD1  RBBP8  STAG2  KATNAL1  NBN  SMC4  MSH6  NEK2  CNTRL  MASTL  NCAPH  PIK3CA  IFT81  MCM8  SGO1  SYNE1  FIGNL1  AP3B1  HOOK1  CLOCK  SMC2  BRCA2  RB1  SSH2  CCNB2  RACGAP1  ZNF148  WASHC5  SKA3  MARF1  EXO1  LARP7  DHX36  CCNE2  NECTIN3  NRIP1  MYBL1  INTS13  KNL1  SKA1  CDC27  USP9X  RAD21  CDK1  XRCC2"
9.111877115025e-08,111,1830,1.7612124189026,"GO:0045893 Positive regulation of dna-templated transcription ","https://amigo.geneontology.org/amigo/term/GO:0045893"," MYB  BRCA1  BCLAF1  TP53BP1  REST  NCOA1  EDRF1  KAT2B  WDR75  HEATR1  ICE2  CCNT1  NCOA2  ZNF462  THRB  PAXBP1  MYSM1  REL  LEO1  CDK12  TET2  ZNF507  PRDM10  NR1D2  USF3  NRIP1  MYBL1  ZFX  E2F2  BAZ1B  PPP1R12A  WNK1  TAF2  LRP6  KDM5A  CDC5L  HIF1A  MET  CAPRIN2  TCERG1  SF3B1  CEBPZ  ATF2  NR5A2  DEK  CLOCK  CDK5RAP2  BRCA2  PHIP  TAF5  GABPA  RNF20  KAT6B  ATAD2  NAA15  RBPJ  ATF7IP  LARP7  TRAF6  MED14  RFX7  BLM  DDX3X  ARID4A  PIAS1  RFC1  CCAR1  GPBP1  HLTF  ATRX  RRN3  JAK2  BIRC2  CAND1  KLF12  TRIM24  TOP2A  PRKAA1  AP3B1  RB1  CCNA2  PIK3R1  ARID5B  CENPJ  USP16  BACH1  ZNF148  NIPBL  MGA  MSL2  DHX36  ZNF267  ZNF600  ZNF107  TOPORS  ZNF770  ZNF850  ZNF224  SENP1  CKAP2  ITGA6  E2F8  ICE1  E2F7  PRKDC  KAT7  NAA16  MED23  EPC2  NCBP1  SUPT16H"
1.02850517062827e-07,11,31,10.3031694253151,"GO:0034508 Centromere complex assembly ","https://amigo.geneontology.org/amigo/term/GO:0034508"," CENPI  OIP5  HJURP  DLGAP5  CENPC  KNTC1  CENPE  CENPK  CENPN  CENPF  RB1"
1.24604268102987e-07,13,47,8.03129067389168,"GO:0007143 Female meiotic nuclear division ","https://amigo.geneontology.org/amigo/term/GO:0007143"," SYCP2  TRIP13  NDC80  FBXO5  TTK  MASTL  NCAPH  TOP2A  CCNB2  WASHC5  SKA3  MARF1  SKA1"
2.00531514157796e-07,104,1701,1.77528823832056,"GO:0022414 Reproductive process ","https://amigo.geneontology.org/amigo/term/GO:0022414"," NCAPD2  MRE11  TRIP13  TOP2B  RAD54L  TDRD1  FBXO5  TTK  MND1  TOP2A  BRIP1  NUF2  FANCD2  CENPC  NCAPD3  EME1  FBXO43  CDC25C  CDC25A  ERCC4  RMI1  SYCP2  RAD54B  DDX3X  SMC3  RAD51AP1  ZFX  ARID4A  PIAS1  KITLG  ATP2B4  NDC1  ASPM  PSME4  SMC1A  NDC80  NCOA1  ATRX  MSH2  SMCHD1  RBBP8  STAG2  KATNAL1  NBN  SLC38A1  PRLR  SMC4  MSH6  NEK2  CNTRL  MASTL  NCAPH  PIK3CA  IFT81  MCM8  RIBC2  E2F8  SGO1  SYNE1  FIGNL1  AP3B1  HOOK1  CLOCK  SMC2  BRCA2  RB1  SSH2  GREB1L  PLK4  CEP78  ARID5B  THRB  CCNB2  WDR19  RACGAP1  ZNF148  WASHC5  ATP7A  SKA3  E2F7  FRS2  MARF1  RRM1  EXO1  LARP7  DHX36  CCNE2  NECTIN3  NRIP1  MYBL1  CD2AP  PRKDC  NUP107  NIPBL  INTS13  KNL1  SKA1  CDC27  CENPI  LNPEP  USP9X  RAD21  CDK1  XRCC2"
2.12569678784393e-07,10,26,11.1677710554115,"GO:0051315 Attachment of mitotic spindle microtubules to kinetochore ","https://amigo.geneontology.org/amigo/term/GO:0051315"," NDC80  NUF2  CENPC  KAT2B  SKA1  SKA3  CDK1  AURKB  CENPE  KIF2C"
2.46376592264878e-07,18,100,5.22651685393258,"GO:0032465 Regulation of cytokinesis ","https://amigo.geneontology.org/amigo/term/GO:0032465"," AURKB  WNK1  ECT2  RACGAP1  PRC1  CCP110  E2F8  KIF20B  BRCA2  E2F7  PKN2  CDC6  KIF14  CIT  KIF23  AHCTF1  PIK3R4  PRPF40A"
3.2261633461268e-07,12,42,8.29605849830569,"GO:0071459 Protein localization to chromosome centromeric region ","https://amigo.geneontology.org/amigo/term/GO:0071459"," SPDL1  TTK  KNL1  MTBP  ZWILCH  KNTC1  CDK1  BUB1B  CENPQ  RB1  HASPIN  AURKB"
3.52646176378277e-07,17,91,5.42434594119987,"GO:0090307 Mitotic spindle assembly ","https://amigo.geneontology.org/amigo/term/GO:0090307"," TPR  CLASP1  CEP192  KIF23  KIF11  RACGAP1  CLASP2  SPICE1  PRC1  TPX2  NEK2  SMC1A  KIF4A  STAG2  SMC3  AURKB  KIF15"
4.67004144034933e-07,119,2069,1.67003787556516,"GO:0071705 Nitrogen compound transport ","https://amigo.geneontology.org/amigo/term/GO:0071705"," TPR  NUP133  THOC1  TNPO1  IPO11  NUP50  NUP188  SHOC2  SLC38A1  NUP107  GNPTAB  C2CD5  RAB23  ARRDC3  NUP155  STXBP3  BLZF1  CSE1L  NUP153  THOC2  PEX1  XPO4  ATP13A3  NCBP1  RANBP6  USO1  UHMK1  RANBP2  VPS8  KPNA2  PIK3R4  KPNA5  RANBP17  IPO7  XPO1  NUP160  WNK1  HSP90AA1  DNM1L  CENPF  WDR11  ATP8A1  USP9X  MACF1  BARD1  ABCA12  GOLGA4  PIK3R1  ZDHHC17  AP2B1  HEATR5B  BCLAF1  NDC1  MON2  ARFGEF1  SYT1  EXOC5  AP4E1  ERC1  DOP1A  EPS15  EXOC1  JAK2  HIF1A  ATP11C  SPG11  EXOC2  ECT2  EHBP1  ATF2  KTN1  COPB1  AP3B1  COG6  HOOK1  CLOCK  GCC2  WASHC4  DENND4C  CTDSPL2  LRPPRC  KIF20B  EXOC6  DNAJC13  SEC31A  SEC24B  CLTC  EXOC6B  SYTL5  ANKRD50  NBAS  AHCTF1  NUP205  CUL4B  WASHC5  GAPVD1  AP1G1  NMD3  PDCD6IP  CDK1  ARL6IP1  MTM1  CHM  MYO6  NF1  CD2AP  DENND1B  ZBED6  PCM1  REST  ICE1  HSP90B1  NEDD4  RAB3GAP1  KIF5B  CKAP5  ATP11B  SEC23IP  SMG1"
5.44455650305196e-07,21,142,4.29408661708076,"GO:0051028 Mrna transport ","https://amigo.geneontology.org/amigo/term/GO:0051028"," TPR  NUP133  THOC1  NUP107  THOC2  NCBP1  NUP160  WNK1  BCLAF1  NDC1  XPO1  NUP50  NUP188  NUP155  NUP153  LRPPRC  RANBP2  AHCTF1  NUP205  RANBP17  SMG1"
5.95414955123761e-07,24,183,3.8080268516813,"GO:0070507 Regulation of microtubule cytoskeleton organization ","https://amigo.geneontology.org/amigo/term/GO:0070507"," TPR  CAMSAP2  CLIP1  CKAP2  BORA  SKA1  ROCK1  TPX2  CLASP2  SKA3  CKAP5  AURKB  CLASP1  PRKAA1  SPAG5  MET  AKAP9  CDK5RAP2  KIF21A  CLTC  TAOK1  STIL  CENPJ  SASS6"
6.22660458102572e-07,77,1154,1.93742440666671,"GO:0050790 Regulation of catalytic activity ","https://amigo.geneontology.org/amigo/term/GO:0050790"," MRE11  PPP1R12A  ATP2B4  ZC3H15  ARFGEF1  LRP6  HSP90AA1  RBL1  TPX2  CLSPN  MSH2  NBN  MET  RAPGEF2  CAND1  FBXO5  MSH3  PRLR  KAT2B  ECT2  RAB3GAP1  MSH6  DOCK7  APAF1  POT1  NES  RFC3  DSCC1  RB1  DLC1  TSC1  ARL6IP1  TRAF6  SOCS4  NF1  ZNF675  ARHGAP11A  DDX3X  RASAL2  IQGAP1  RASA1  RASA2  GAPVD1  RALGAPA1  SPDYE18  DCP1A  WNK1  ROCK1  SENP1  PUM3  REST  ITGA6  KIF14  CENPE  RAPGEF6  ATP7A  CDK12  MALT1  BLM  ARRDC3  DOCK9  JAK2  HIPK3  EPHA7  RALGAPB  SLC8A1  SLC5A3  PLIN5  CDC6  HIF1A  BIRC2  CCNT1  CDC25C  CDC25A  UBE2C  CCNE2  IPO7"
6.44976522193272e-07,15,73,5.96634344056231,"GO:0006303 Double-strand break repair via nonhomologous end joining ","https://amigo.geneontology.org/amigo/term/GO:0006303"," MRE11  POLQ  DCLRE1C  DCLRE1A  TP53BP1  NBN  SHLD2  POT1  TOPBP1  PRKDC  TOP2B  DEK  SMCHD1  POLA1  ERCC4"
6.77970491708453e-07,153,2885,1.53987498296107,"GO:0010605 Negative regulation of macromolecule metabolic process ","https://amigo.geneontology.org/amigo/term/GO:0010605"," ATF2  ZNF148  PER3  RC3H2  DIS3  REST  CBX5  TDRD1  DICER1  ZC3H14  ZNF451  XRN1  FASTKD2  HELLS  CNOT1  RC3H1  SETDB2  NCBP1  NCOR1  THRB  PAN3  SMG1  ATF7IP  PHC3  NR1D2  ZBTB33  NRIP1  FANCB  PARPBP  ZBTB6  MIER1  DDX3X  DCP1A  LARP7  IBTK  BRCA1  UFL1  MRE11  DEPDC1  BCLAF1  ARID4A  POLQ  FNIP2  ATP2B4  WNK1  TP53BP1  LRP6  DNAJC10  SENP1  MSH2  BTAF1  SMCHD1  TRPS1  FBXO5  MSH3  TCERG1  KAT2B  MSH6  CENPF  KLF12  PTBP3  SHLD2  POT1  E2F8  EPRS1  RB1  CLTC  CEP78  ARID5B  WWC2  PTPRK  BACH1  KAT6B  MORC3  REL  NIPBL  ZNF12  E2F7  RBPJ  ARL6IP1  SLFN11  DHX36  ERCC4  AURKB  SOCS4  CEP63  ZNF438  ZNF136  ZNF675  ENPP1  ZNF224  PIAS1  RFC1  CCAR1  ROCK1  ATP2B1  KDM5A  RBL1  ATRX  RBBP8  CAPRIN2  ERBIN  NUP155  PIK3CA  TRIM24  HAT1  PRKAA1  CLOCK  IREB2  BRIP1  LRPPRC  NCOA2  C9orf72  CHEK1  GABPA  RAD21  OXR1  COPS2  PBK  CDK1  MTM1  SUZ12  FOCAD  NF1  CD2AP  PRKDC  ZBED6  TPR  NEDD4  HIF1A  NBN  MYB  PDS5A  USP9X  MARCHF7  ITGAV  SPOPL  NBAS  SUV39H2  TRIP12  USP25  PTPN13  TSC1  ATR  TRAF6  TAF9B  BLM  HIPK3  ROCK2  SLC8A1  BARD1  CDC6  IPO7"
7.06328153025129e-07,27,228,3.43849793021881,"GO:0000082 G1/s transition of mitotic cell cycle ","https://amigo.geneontology.org/amigo/term/GO:0000082"," RBL1  RB1  MTBP  CCNE2  STIL  CENPJ  SASS6  E2F7  RRM1  RRM2  PIAS1  RBBP8  CUL4B  KIF14  SLFN11  DDX3X  PRKDC  GTSE1  CCNA2  PBRM1  CDK1  ARID2  DBF4  CDC6  CDC7  CUL2  CDC25A"
7.32178353845115e-07,77,1159,1.9290662340754,"GO:0043687 Post-translational protein modification ","https://amigo.geneontology.org/amigo/term/GO:0043687"," ANKIB1  CDC27  UFL1  UBA6  PIAS1  USP28  RC3H2  CCAR1  NEDD4  RAD18  SENP1  HACE1  HECTD1  CUL2  BIRC2  UBE4A  CAND1  ZNF451  USP9X  USPL1  RC3H1  MARCHF7  BARD1  UBR3  FBXO38  TRIP12  USP25  CUL4B  USP24  USP1  OTUD4  COPS2  MSL2  UBE2C  TRAF6  TOPORS  DZIP3  BAZ1B  BRCA1  WNK1  HSP90AA1  JAK2  FBXO5  TRIM24  USP15  FANCI  DTL  CCNA2  CEP78  RANBP2  RNF20  USP16  TTC3  CEP63  PJA2  DDX3X  UBR7  HLTF  G2E3  MIB1  CDCA3  SPOPL  FBXO43  MTBP  AURKB  SOCS4  TRIM59  HIF1A  DSCC1  ESCO2  ARRDC3  NBN  SMC6  MALT1  LNPEP  TPP2  CDK1"
8.17785792873495e-07,18,108,4.83936745734499,"GO:0044773 Mitotic dna damage checkpoint signaling ","https://amigo.geneontology.org/amigo/term/GO:0044773"," BRCA1  MRE11  CLSPN  NBN  TICRR  DTL  FANCD2  EME1  TOPBP1  CDK1  E2F7  BLM  MSH2  ATF2  CHEK1  TAOK1  PRKDC  GTSE1"
8.61419994538681e-07,21,146,4.17644040839362,"GO:0051053 Negative regulation of dna metabolic process ","https://amigo.geneontology.org/amigo/term/GO:0051053"," FANCB  PARPBP  XRN1  MRE11  POLQ  TP53BP1  MSH2  MSH3  MSH6  SHLD2  POT1  SLFN11  ERCC4  CHEK1  SMCHD1  NBN  FBXO5  PDS5A  ATR  BLM  CDC6"
1.19806551596254e-06,89,1431,1.80588555012035,"GO:0016310 Phosphorylation ","https://amigo.geneontology.org/amigo/term/GO:0016310"," DGKH  GNPTAB  IBTK  MRE11  FNIP2  WNK1  PKN2  SLK  ROCK1  LRP6  DNAJC10  HSP90AA1  RBL1  ERC1  TPX2  CLSPN  NBN  RAPGEF2  HIPK3  PRLR  ECT2  ATF2  NEK2  PIK3CA  PRKAA1  ROCK2  EPHA7  RB1  PLK4  PRKACB  CHEK1  NEK7  UHMK1  SMG1  MORC3  TAOK1  SNRK  MELK  COPS2  CDK12  CDK1  ATR  TRAF6  HASPIN  SOCS4  ZNF675  ENPP1  DDX3X  PRKDC  KITLG  MAPK6  TRPM7  JAK2  CDC7  MET  TTK  MASTL  CIT  SCYL2  C9orf72  PAN3  CDK19  RSKR  PBK  BUB1  MAP3K2  AURKB  PIK3R4  SPDYE18  ITGA6  DOCK7  KIF14  AKAP9  IL6ST  BARD1  CENPE  IQGAP1  PTPN13  BLM  PIKFYVE  PHIP  SLC8A1  NF1  CDC6  CCNT1  CDC25C  CDC25A  CCNE2  IPO7"
1.44905649483975e-06,14,67,6.06726666293998,"GO:0007131 Reciprocal meiotic recombination ","https://amigo.geneontology.org/amigo/term/GO:0007131"," TRIP13  TOP2B  RAD54L  MND1  TOP2A  BRIP1  FANCD2  EME1  ERCC4  RMI1  RAD54B  RAD51AP1  MRE11  RAD21"
1.44905649483975e-06,161,3115,1.50074766092946,"GO:0009892 Negative regulation of metabolic process ","https://amigo.geneontology.org/amigo/term/GO:0009892"," ATF2  ZNF148  PER3  RC3H2  DIS3  REST  CBX5  TDRD1  DICER1  ZC3H14  ZNF451  XRN1  FASTKD2  HELLS  CNOT1  RC3H1  SETDB2  NCBP1  NCOR1  THRB  PAN3  SMG1  MTM1  ATF7IP  PHC3  NR1D2  ZBTB33  NRIP1  FANCB  PARPBP  ZBTB6  MIER1  DDX3X  DCP1A  LARP7  IBTK  BRCA1  UFL1  MRE11  DEPDC1  BCLAF1  ARID4A  POLQ  FNIP2  ATP2B4  WNK1  TP53BP1  LRP6  DNAJC10  SENP1  MSH2  BTAF1  SMCHD1  TRPS1  FBXO5  MSH3  TCERG1  KAT2B  MSH6  CENPF  KLF12  PTBP3  SHLD2  POT1  E2F8  EPRS1  RB1  CLTC  CEP78  ARID5B  WWC2  PTPRK  BACH1  KAT6B  MORC3  REL  NIPBL  ZNF12  E2F7  RBPJ  ARL6IP1  SLFN11  DHX36  ERCC4  AURKB  SOCS4  CEP63  ZNF438  ZNF136  ZNF675  ENPP1  ZNF224  PIAS1  RFC1  CCAR1  ROCK1  ATP2B1  KDM5A  RBL1  ATRX  HIF1A  RBBP8  CAPRIN2  ERBIN  ARRDC3  LNPEP  NUP155  PIK3CA  TRIM24  HAT1  PRKAA1  CLOCK  IREB2  BRIP1  LRPPRC  NCOA2  IQGAP1  C9orf72  CHEK1  GABPA  RAD21  OXR1  COPS2  PBK  CDK1  SUZ12  FOCAD  NF1  CD2AP  PLIN5  PRKDC  ZBED6  TPR  NEDD4  NBN  EIF4G2  MYB  PDS5A  USP9X  ROCK2  MARCHF7  ITGAV  SPOPL  NBAS  SUV39H2  TRIP12  USP25  PTPN13  TSC1  ATR  TRAF6  TAF9B  BLM  RAPGEF2  HIPK3  DOCK7  SLC8A1  MET  BARD1  CDC6  IPO7"
1.44905649483975e-06,14,67,6.06726666293998,"GO:0140527 Reciprocal homologous recombination ","https://amigo.geneontology.org/amigo/term/GO:0140527"," TRIP13  TOP2B  RAD54L  MND1  TOP2A  BRIP1  FANCD2  EME1  ERCC4  RMI1  RAD54B  RAD51AP1  MRE11  RAD21"
1.60279483685353e-06,84,1332,1.83111201088729,"GO:0006468 Protein phosphorylation ","https://amigo.geneontology.org/amigo/term/GO:0006468"," IBTK  MRE11  FNIP2  WNK1  PKN2  SLK  ROCK1  LRP6  DNAJC10  HSP90AA1  ERC1  TPX2  CLSPN  NBN  RAPGEF2  HIPK3  PRLR  ECT2  ATF2  NEK2  PRKAA1  ROCK2  EPHA7  PLK4  PRKACB  CHEK1  NEK7  UHMK1  SMG1  MORC3  SNRK  MELK  COPS2  CDK12  CDK1  ATR  TRAF6  HASPIN  SOCS4  ZNF675  ENPP1  DDX3X  PRKDC  KITLG  MAPK6  TRPM7  JAK2  CDC7  MET  TTK  MASTL  PIK3CA  CIT  SCYL2  C9orf72  PAN3  CDK19  TAOK1  RSKR  PBK  BUB1  MAP3K2  AURKB  PIK3R4  SPDYE18  DOCK7  KIF14  AKAP9  IL6ST  CENPE  IQGAP1  PTPN13  BLM  RB1  PIKFYVE  PHIP  SLC8A1  NF1  CDC6  CCNT1  CDC25C  CDC25A  CCNE2  IPO7"
1.61245033371383e-06,23,179,3.7309089894615,"GO:0051236 Establishment of rna localization ","https://amigo.geneontology.org/amigo/term/GO:0051236"," TPR  NUP133  THOC1  NUP188  NUP107  NUP155  NUP153  THOC2  NCBP1  NUP160  WNK1  BCLAF1  NDC1  XPO1  NUP50  LRPPRC  RANBP2  AHCTF1  NUP205  RANBP17  ATR  CKAP5  SMG1"
1.73425244304128e-06,38,419,2.63335508418772,"GO:0001701 In utero embryonic development ","https://amigo.geneontology.org/amigo/term/GO:0001701"," MATR3  PALB2  NCOA1  RRN3  MSH2  HIF1A  MIB1  RBBP8  TJP1  NBN  MAN2A1  ATF2  NEK2  CNOT1  THOC2  NSRP1  E2F8  KIDINS220  BRCA2  PLK4  UBR3  NCAPG2  GINS4  CHEK1  GABPA  CCNB2  WDR19  ATP7A  E2F7  COPS2  C2CD3  RBPJ  RRM2  TRAF6  XRCC2  ZBED6  STIL  MBNL1"
1.73425244304128e-06,14,68,5.97804215319086,"GO:0007080 Mitotic metaphase chromosome alignment ","https://amigo.geneontology.org/amigo/term/GO:0007080"," SPDL1  NDC80  NUF2  CENPC  TTK  KAT2B  CENPE  SKA1  SKA3  CDK1  AURKB  KIF14  KIF2C  EML4"
1.89103113767777e-06,21,153,3.98536143546058,"GO:0031109 Microtubule polymerization or depolymerization ","https://amigo.geneontology.org/amigo/term/GO:0031109"," CEP192  CAMSAP2  CLIP1  CKAP2  NEDD1  SKA1  CKAP5  KIF24  TPX2  KIF2C  CENPJ  CLASP2  SKA3  AURKB  CLASP1  FBXO5  MET  AKAP9  CDK5RAP2  KIF21A  TAOK1"
1.94928256355188e-06,27,240,3.26657303370786,"GO:0006282 Regulation of dna repair ","https://amigo.geneontology.org/amigo/term/GO:0006282"," SHLD2  DEK  FANCB  PARPBP  MRE11  POLQ  TP53BP1  RAD51AP1  POT1  FIGNL1  EPC2  KAT7  CHEK1  USP1  PRKDC  TOP2B  BRCA1  SMCHD1  ARID2  PPP4R3B  NBN  TAF2  KAT2B  BARD1  TAF5  PBRM1  ATR"
2.03804494104462e-06,28,256,3.17583489388265,"GO:1902115 Regulation of organelle assembly ","https://amigo.geneontology.org/amigo/term/GO:1902115"," TPR  ALMS1  CDK5RAP2  SPICE1  CEP295  CEP120  MTM1  KAT2B  STIL  CNOT1  MARCHF7  PLK4  CENPJ  SASS6  CCP110  MDM1  PRKAA1  PAN3  IL1RAP  MPHOSPH9  SPAG5  PIKFYVE  RAB3GAP1  C9orf72  PDCD6IP  CEP135  KIF24  BRCA1"
2.09760597052206e-06,30,288,3.02460466084062,"GO:0071824 Protein-dna complex organization ","https://amigo.geneontology.org/amigo/term/GO:0071824"," CDC45  CENPI  OIP5  ATAD2B  HJURP  DLGAP5  CENPC  CHD1  ATAD2  CHAF1B  KNTC1  ATRX  SUPT16H  TAF1B  HAT1  CENPE  ARID2  LIN54  PIAS1  RRN3  CAND1  CENPK  KAT6B  CENPN  TAF2  TAF5  MED23  CENPF  MED14  RB1"
2.12368031406082e-06,9,25,10.4530337078652,"GO:0051988 Regulation of attachment of spindle microtubules to kinetochore ","https://amigo.geneontology.org/amigo/term/GO:0051988"," KAT2B  CDK1  AURKB  SPAG5  ECT2  NEK2  RACGAP1  ZWILCH  KNTC1"
2.501328310335e-06,52,685,2.20420824334545,"GO:0043009 Chordate embryonic development ","https://amigo.geneontology.org/amigo/term/GO:0043009"," BRCA1  NIPBL  LRP6  MATR3  NUP133  PALB2  NCOA1  RRN3  MSH2  HIF1A  MIB1  RBBP8  TJP1  NBN  MAN2A1  ATF2  NEK2  APAF1  CNOT1  THOC2  NSRP1  E2F8  KIDINS220  KIF20B  SEC24B  BRCA2  PLK4  PRKACB  UBR3  NCAPG2  GINS4  CHEK1  CENPU  GABPA  CCNB2  WDR19  ATP7A  TSC1  E2F7  COPS2  C2CD3  RBPJ  RRM2  TRAF6  XRCC2  NF1  OPA1  PRKDC  ZBED6  STIL  MBNL1  DLC1"
2.66411270759863e-06,8,19,12.2257704185558,"GO:0007076 Mitotic chromosome condensation ","https://amigo.geneontology.org/amigo/term/GO:0007076"," NCAPD2  NCAPG  NCAPH  SMC2  NUSAP1  NCAPD3  BAZ1B  SMC4"
2.66411270759863e-06,53,706,2.17977174424321,"GO:0009792 Embryo development ending in birth or egg hatching ","https://amigo.geneontology.org/amigo/term/GO:0009792"," BRCA1  NIPBL  LRP6  MATR3  NUP133  PALB2  NCOA1  RRN3  MSH2  HIF1A  MIB1  RBBP8  TJP1  NBN  MAN2A1  ATF2  NEK2  APAF1  CNOT1  THOC2  NSRP1  E2F8  KIDINS220  KIF20B  SEC24B  BRCA2  PLK4  PRKACB  UBR3  NCAPG2  GINS4  CHEK1  CENPU  GABPA  CCNB2  WDR19  ATP7A  TSC1  E2F7  COPS2  C2CD3  RBPJ  RRM2  TRAF6  XRCC2  NF1  OPA1  PRKDC  ZBED6  STIL  MBNL1  DLC1  NR5A2"
3.22324994053763e-06,28,262,3.10310585051129,"GO:0044843 Cell cycle g1/s phase transition ","https://amigo.geneontology.org/amigo/term/GO:0044843"," RBL1  RB1  MTBP  CCNE2  STIL  CCNA2  CENPJ  SASS6  E2F7  RRM1  RRM2  PIAS1  RBBP8  CUL4B  ATP2B4  KIF14  SLFN11  DDX3X  PRKDC  GTSE1  PBRM1  CDK1  ARID2  DBF4  CDC6  CDC7  CUL2  CDC25A"
3.22324994053763e-06,6,9,19.3574698293799,"GO:0046601 Positive regulation of centriole replication ","https://amigo.geneontology.org/amigo/term/GO:0046601"," CEP120  STIL  PLK4  CENPJ  SASS6  CEP295"
3.39525462846099e-06,20,145,4.00499375780275,"GO:0000018 Regulation of dna recombination ","https://amigo.geneontology.org/amigo/term/GO:0000018"," SHLD2  FANCB  PARPBP  POLQ  TP53BP1  MSH2  RAD51AP1  MSH3  MSH6  FIGNL1  EPC2  CHEK1  ATAD5  SMARCAD1  SMCHD1  ARID2  BLM  NBN  MRE11  KPNA2"
3.45013050864361e-06,18,119,4.39203096969125,"GO:0046822 Regulation of nucleocytoplasmic transport ","https://amigo.geneontology.org/amigo/term/GO:0046822"," UHMK1  TPR  WNK1  NEDD4  NUP153  BARD1  PIK3R1  PPP1R12A  HSP90AA1  XPO1  JAK2  ECT2  THOC2  CTDSPL2  CDK1  NF1  RAB23  XPO4"
3.91749667635347e-06,73,1125,1.88412706339298,"GO:0031399 Regulation of protein modification process ","https://amigo.geneontology.org/amigo/term/GO:0031399"," BIRC2  OTUD4  IBTK  UFL1  MRE11  RB1CC1  PIAS1  FNIP2  WNK1  LRP6  DNAJC10  HSP90AA1  TPX2  CLSPN  NBN  RAPGEF2  FBXO5  PRLR  ECT2  EPHA7  FANCI  CEP78  TRAF6  SOCS4  CEP63  ZNF675  ENPP1  DDX3X  KITLG  PIK3CA  PRKAA1  C9orf72  OXR1  PBK  MTBP  SPDYE18  PRKDC  ZZZ3  HIF1A  RAB3GAP1  DOCK7  KIF14  AKAP9  ROCK2  IL6ST  MARCHF7  CENPE  IQGAP1  SPOPL  TAOK1  PTPN13  CEP295  CDK12  BLM  ARRDC3  RB1  JAK2  HIPK3  KAT2B  PHIP  SLC8A1  NF1  ATP2B4  FKTN  COPS2  MALT1  CDC6  CCNT1  CDC25C  CDC25A  UBE2C  CCNE2  IPO7"
4.21225954905769e-06,20,147,3.95050404681223,"GO:2000779 Regulation of double-strand break repair ","https://amigo.geneontology.org/amigo/term/GO:2000779"," SHLD2  DEK  FANCB  PARPBP  MRE11  POLQ  TP53BP1  RAD51AP1  POT1  FIGNL1  EPC2  CHEK1  PRKDC  TOP2B  SMCHD1  ARID2  PPP4R3B  NBN  PBRM1  ATR"
4.50045679036096e-06,23,190,3.51490899533478,"GO:0000723 Telomere maintenance ","https://amigo.geneontology.org/amigo/term/GO:0000723"," MRE11  POT1  DCLRE1C  ATR  BLM  PRKDC  XRN1  HSP90AA1  NBN  ERCC4  ATRX  DNA2  BRCA2  CCNE2  NEK2  NEK7  SMG1  SMC6  DHX36  AURKB  SHLD2  RFC1  EXO1"
4.66991638038645e-06,22,176,3.62952559300874,"GO:0050657 Nucleic acid transport ","https://amigo.geneontology.org/amigo/term/GO:0050657"," TPR  NUP133  THOC1  NUP188  NUP107  NUP155  NUP153  THOC2  NCBP1  NUP160  WNK1  BCLAF1  NDC1  XPO1  NUP50  LRPPRC  RANBP2  AHCTF1  NUP205  RANBP17  CKAP5  SMG1"
4.66991638038645e-06,22,176,3.62952559300874,"GO:0050658 Rna transport ","https://amigo.geneontology.org/amigo/term/GO:0050658"," TPR  NUP133  THOC1  NUP188  NUP107  NUP155  NUP153  THOC2  NCBP1  NUP160  WNK1  BCLAF1  NDC1  XPO1  NUP50  LRPPRC  RANBP2  AHCTF1  NUP205  RANBP17  CKAP5  SMG1"
5.06218963011348e-06,11,44,7.25905118601748,"GO:0007095 Mitotic g2 dna damage checkpoint signaling ","https://amigo.geneontology.org/amigo/term/GO:0007095"," BRCA1  MRE11  CLSPN  NBN  TICRR  DTL  TOPBP1  CDK1  BLM  CHEK1  TAOK1"
5.07698100619424e-06,215,4545,1.37354983937844,"GO:0006950 Response to stress ","https://amigo.geneontology.org/amigo/term/GO:0006950"," RECQL  BAZ1B  BRCA1  UFL1  MRE11  USP28  POLQ  TP53BP1  RAD18  HLTF  MCM6  DNAJC10  POLD3  HSP90AA1  PALB2  RAD54L  WDR76  CLSPN  CDC45  MSH2  CDC7  POLE2  HIF1A  POLI  RBBP8  UGGT2  NBN  NEIL3  UBE4A  RAD51AP1  MSH3  MSH6  TTF2  SHLD2  DEK  MCM8  MACF1  GINS2  PRKAA1  RFC3  BRIP1  UGGT1  ZGRF1  BRCA2  TICRR  IFNAR1  DTL  FANCD2  MMS22L  GINS4  DCLRE1C  TRIP12  EME1  CUL4B  REL  SMC6  TOPBP1  OTUD4  NIPBL  RAD21  OXR1  HSP90B1  CDK1  MALT1  SLFN11  CST9  EXO1  ATR  TRAF6  ERCC4  RMI1  FANCB  PARPBP  XRCC2  RAD54B  BLM  WDHD1  DCLRE1A  TRIM59  PRKDC  PPP4R3B  IL6ST  TAF9B  MATR3  PIAS1  TPR  WNK1  NEDD4  REST  JAK2  TAX1BP1  DHX15  ECT2  ATF2  USP9X  POT1  TOP2A  FIGNL1  USP15  EPC2  KAT7  EPRS1  DNA2  PIK3R1  CHEK1  NEK7  SUV39H2  PTPRK  USP25  USP16  SMG1  MORC3  TAOK1  USP1  CIP2A  TSC1  E2F7  FAM111A  RRM1  MSL2  DHX36  AURKB  CEP63  SLC8A1  MYO6  TOPORS  OPA1  DDX3X  POLR3B  RB1CC1  RFC1  MTREX  FNIP2  ATP2B4  MCM10  PSME4  TRIP13  SMC1A  TOP2B  ATRX  EXOC1  SUPT16H  CDC5L  SMCHD1  POLA1  DGKH  C5  SMC3  BIRC2  ERBIN  KAT2B  STXBP3  EDEM3  MYB  GPAM  APAF1  PIK3CA  PDS5A  AP3B1  CLOCK  WASHC4  BARD1  RB1  FANCI  INTS7  LNPK  CCNA2  EMSY  CHAF1B  SMARCAD1  ATP7A  DDIAS  MARF1  PBK  RBPJ  KIF5B  ESCO2  NR1D2  ATAD5  GEN1  IL1RAP  PIK3R4  NF1  CD2AP  IPO7  PLOD2  BCLAF1  ARFGEF1  CLASP1  RBL1  CBX5  PARP4  MET  FBXO5  RAB23  MARCHF7  NCBP1  SLC39A8  TMTC3  BACH1  CLASP2  AP1G1  ARID2  PJA2  MASTL  ROCK2  MYOF  HSPA4L  TAF2  GTSE1  ITGAV  TAF5  PBRM1  HSPH1  ZNF148"
5.81043509765072e-06,116,2104,1.60085539463503,"GO:0043933 Protein-containing complex organization ","https://amigo.geneontology.org/amigo/term/GO:0043933"," NDC1  CDC45  CEP192  CENPI  OIP5  EIF3A  CAND1  MDN1  SF3B1  CAMSAP2  ATAD2B  HJURP  DLGAP5  CLIP1  NES  CKAP2  SCAF11  NEDD1  SSH2  CLTC  CENPC  ARHGAP18  ADD3  PLEKHH2  CHD1  NUP205  ATAD2  CHAF1B  WASHC5  CKAP5  KNTC1  KIF24  POLQ  FNIP2  WNK1  TP53BP1  HSP90AA1  ATRX  EPS15  TPX2  SUPT16H  DICER1  PRLR  ECT2  TAF1B  HAT1  MOSPD2  CENPE  KIF2C  RASA1  DDX46  NEK7  CENPJ  SKA1  WDCP  CLASP2  PDCD6IP  UBE2C  AURKB  ARID2  LIN54  PIK3R4  BLM  OPA1  DDX3X  PRKDC  PIAS1  SYT1  RRN3  TRPM7  BIRC2  FBXO5  PIK3CA  CENPK  EPS8  USP16  KAT6B  CENPN  RRM1  CDK1  KIF5B  RRM2  CD2AP  CLASP1  TPR  ARFGEF1  NUP133  DNM1L  MET  NUP107  KIF14  FASTKD2  NUP153  AKAP9  CDK5RAP2  NCBP1  KIF21A  AHCTF1  WDR19  TAOK1  ICE1  NEMF  ATR  TAF2  TAF5  NCKAP1  JAK2  MED23  CENPF  VPS8  TRAPPC11  MED14  ANLN  RB1  PRKACB  IL1RAP"
6.10561046641527e-06,10,36,8.06561242890831,"GO:0006301 Postreplication repair ","https://amigo.geneontology.org/amigo/term/GO:0006301"," RAD18  POLE2  POLI  BRCA1  POLQ  POLD3  MSH2  DTL  BARD1  USP1"
6.38212410058065e-06,11,45,7.09773893743931,"GO:0030261 Chromosome condensation ","https://amigo.geneontology.org/amigo/term/GO:0030261"," NCAPD2  NCAPG  NCAPH  TOP2A  SMC2  NUSAP1  NCAPD3  BAZ1B  SMC4  NCAPG2  CDK1"
6.74971641586042e-06,5,6,24.1968372867249,"GO:0010032 Meiotic chromosome condensation ","https://amigo.geneontology.org/amigo/term/GO:0010032"," NCAPD2  NCAPD3  SMC4  NCAPH  SMC2"
6.81599894889854e-06,7,15,13.550228880566,"GO:0006999 Nuclear pore organization ","https://amigo.geneontology.org/amigo/term/GO:0006999"," NDC1  NUP205  TPR  NUP133  NUP107  NUP153  AHCTF1"
6.91532797533471e-06,12,55,6.33517194416071,"GO:1901976 Regulation of cell cycle checkpoint ","https://amigo.geneontology.org/amigo/term/GO:1901976"," WDR76  CDK5RAP2  TPR  NDC80  KNL1  SKA1  SKA3  GEN1  BRCA1  BARD1  BRCA2  AURKB"
7.23471965306491e-06,71,1102,1.87075366318418,"GO:0070647 Protein modification by small protein conjugation or removal ","https://amigo.geneontology.org/amigo/term/GO:0070647"," ANKIB1  CDC27  UFL1  UBA6  PIAS1  USP28  RC3H2  CCAR1  NEDD4  RAD18  SENP1  HACE1  HECTD1  CUL2  BIRC2  UBE4A  CAND1  ZNF451  USP9X  USPL1  RC3H1  MARCHF7  BARD1  UBR3  FBXO38  TRIP12  USP25  CUL4B  USP24  USP1  OTUD4  COPS2  MSL2  UBE2C  TRAF6  TOPORS  DZIP3  BRCA1  WNK1  HSP90AA1  FBXO5  TRIM24  USP15  FANCI  DTL  CEP78  RANBP2  RNF20  USP16  TTC3  CEP63  PJA2  DDX3X  UBR7  HLTF  G2E3  MIB1  CDCA3  SPOPL  FBXO43  MTBP  SOCS4  TRIM59  HIF1A  ARRDC3  NBN  SMC6  MALT1  LNPEP  TPP2  CDK1"
7.2683070151955e-06,6,10,17.4217228464419,"GO:0110025 Dna strand resection involved in replication fork processing ","https://amigo.geneontology.org/amigo/term/GO:0110025"," MRE11  RBBP8  NBN  EXO1  BRCA1  BARD1"
7.48906017427384e-06,23,196,3.40730974037555,"GO:0071478 Cellular response to radiation ","https://amigo.geneontology.org/amigo/term/GO:0071478"," POLD3  USP28  RAD51AP1  ECT2  FIGNL1  CLOCK  INTS7  PTPRK  CUL4B  CDC25A  ATR  ERCC4  AURKB  BLM  TP53BP1  PIK3R1  PBK  BRCA1  NEDD4  BARD1  BRCA2  NIPBL  DHX36"
7.80929305535967e-06,14,77,5.27930995346726,"GO:0070192 Chromosome organization involved in meiotic cell cycle ","https://amigo.geneontology.org/amigo/term/GO:0070192"," NCAPD2  FANCD2  NCAPD3  MND1  MRE11  NDC1  TRIP13  ATRX  SMC4  NCAPH  BRIP1  SMC2  CCNE2  SYCP2"
8.5010816128451e-06,59,856,2.00132719614501,"GO:0016071 Mrna metabolic process ","https://amigo.geneontology.org/amigo/term/GO:0016071"," RC3H2  DIS3  CDC5L  ZC3H14  XRN1  SF3B1  FASTKD2  CNOT1  RC3H1  NCBP1  SLTM  SCAF11  DDX46  CWF19L2  PAN3  SMG1  SON  CWC22  VIRMA  CPSF2  PRPF40A  DCP1A  AQR  MTREX  PNN  PPWD1  TAF2  SENP1  NCOA1  HIPK3  TCERG1  NSRP1  PUS7L  TAF5  THRB  BCLAF1  ROCK1  HLTF  THOC1  REST  DHX15  ATF2  TTF2  PTBP3  THOC2  AP3B1  MBNL2  MBNL1  PAXBP1  CDK12  LARP7  NF1  NBAS  LEO1  DHX36  ROCK2  NCOA2  BARD1  IREB2"
1.15823223845409e-05,44,566,2.25723146420331,"GO:0080135 Regulation of cellular response to stress ","https://amigo.geneontology.org/amigo/term/GO:0080135"," WDR76  SHLD2  DEK  FANCB  PARPBP  TAF9B  UFL1  MRE11  POLQ  TP53BP1  RAD51AP1  POT1  FIGNL1  EPC2  KAT7  CHEK1  USP1  PRKDC  TOP2B  USP15  EPRS1  OXR1  DDIAS  PBK  ATR  ATAD5  OPA1  BRCA1  SMCHD1  MARCHF7  PIK3R1  USP25  TAOK1  ERCC4  ARID2  PPP4R3B  NBN  ROCK2  TAF2  KAT2B  BARD1  BRCA2  TAF5  PBRM1"
1.37593723544245e-05,27,266,2.94728394018755,"GO:0065004 Protein-dna complex assembly ","https://amigo.geneontology.org/amigo/term/GO:0065004"," CDC45  CENPI  OIP5  ATAD2B  HJURP  DLGAP5  CENPC  ATAD2  CHAF1B  KNTC1  ATRX  TAF1B  HAT1  CENPE  PIAS1  RRN3  CAND1  CENPK  KAT6B  CENPN  TAF2  TAF5  SUPT16H  MED23  CENPF  MED14  RB1"
1.44499429039258e-05,81,1342,1.75255781242151,"GO:0045944 Positive regulation of transcription by rna polymerase ii ","https://amigo.geneontology.org/amigo/term/GO:0045944"," MYB  BRCA1  BCLAF1  TP53BP1  REST  NCOA1  KAT2B  NCOA2  ZNF462  THRB  PAXBP1  MYSM1  REL  LEO1  CDK12  TET2  ZNF507  PRDM10  NR1D2  USF3  NRIP1  MYBL1  ZFX  E2F2  PPP1R12A  TAF2  LRP6  CDC5L  HIF1A  MET  CAPRIN2  TCERG1  CEBPZ  ATF2  NR5A2  CCNT1  PHIP  TAF5  GABPA  RNF20  RBPJ  LARP7  TRAF6  MED14  RFX7  DDX3X  ARID4A  GPBP1  HLTF  ATRX  JAK2  CAND1  KLF12  TOP2A  AP3B1  CLOCK  RB1  PIK3R1  USP16  BACH1  KAT6B  ZNF148  NIPBL  DHX36  ZNF267  ZNF600  ZNF107  ZNF770  ZNF850  ZNF224  SENP1  CKAP2  ITGA6  E2F8  E2F7  PRKDC  BAZ1B  MED23  SF3B1  DEK  NCBP1"
1.70508576018769e-05,24,221,3.1532530038809,"GO:0006403 Rna localization ","https://amigo.geneontology.org/amigo/term/GO:0006403"," TPR  NUP133  THOC1  NUP188  NUP107  NUP155  NUP153  THOC2  NCBP1  NUP160  WNK1  BCLAF1  NDC1  XPO1  NUP50  LRPPRC  RANBP2  AHCTF1  NUP205  DHX36  RANBP17  ATR  CKAP5  SMG1"
1.79502434236448e-05,166,3374,1.42857438871239,"GO:0031325 Positive regulation of cellular metabolic process ","https://amigo.geneontology.org/amigo/term/GO:0031325"," MYB  BRCA1  BCLAF1  TP53BP1  REST  NCOA1  EDRF1  MED23  KAT2B  WDR75  HEATR1  ATAD2B  ICE2  CCNT1  NCOA2  ZNF462  THRB  UHMK1  ATAD2  PAXBP1  MYSM1  REL  LEO1  CDK12  TET2  ZNF507  PRDM10  NR1D2  USF3  EPM2AIP1  NRIP1  MYBL1  HIF1A  ZFX  E2F2  BAZ1B  UFL1  MRE11  FNIP2  PPP1R12A  WNK1  TAF2  LRP6  KDM5A  HSP90AA1  TPX2  CLSPN  CDC5L  JAK2  NBN  MET  C5  RAPGEF2  CAPRIN2  PRLR  TCERG1  ECT2  SF3B1  CEBPZ  ATF2  NR5A2  SHLD2  DEK  POT1  PRKAA1  RFC3  CLOCK  CDK5RAP2  DSCC1  BRCA2  PHIP  TAF5  GABPA  RNF20  KAT6B  MORC3  NAA15  RBPJ  ATF7IP  LARP7  TRAF6  MED14  RFX7  KPNA2  BLM  DDX3X  RB1CC1  ARID4A  PIAS1  RFC1  KITLG  CCAR1  GPBP1  HLTF  ATRX  RRN3  MSH2  EIF4G2  BIRC2  CAND1  KLF12  TRIM24  TOP2A  AP3B1  RB1  CCNA2  PIK3R1  ARID5B  CENPJ  USP16  BACH1  ZNF148  NIPBL  RAD21  CDK1  MGA  MSL2  DHX36  ATAD5  ZNF267  ZNF600  IL1RAP  ZNF107  TOPORS  ZNF770  SLC5A3  OPA1  SPDYE18  DENND1B  PLIN5  PRKDC  ZNF850  ZNF224  PPP4R3B  ROCK1  SENP1  CKAP2  C9orf72  POLR3B  TOP2B  ITGA6  RAB3GAP1  DOCK7  KIF14  FASTKD2  AKAP9  E2F8  ROCK2  IL6ST  KAT7  NCBP1  CENPE  IQGAP1  IFNAR1  NBAS  ICE1  E2F7  NMD3  MALT1  NAA16  ATR  EPC2  SUPT16H  HSPH1  IREB2  USP1"
1.84569638423754e-05,7,17,11.9560843063817,"GO:0090306 Meiotic spindle assembly ","https://amigo.geneontology.org/amigo/term/GO:0090306"," ASPM  NDC80  FBXO5  CCNB2  WASHC5  SKA3  SKA1"
1.96617004006106e-05,8,24,9.67873491468997,"GO:0000212 Meiotic spindle organization ","https://amigo.geneontology.org/amigo/term/GO:0000212"," ASPM  NDC80  ATRX  FBXO5  CCNB2  WASHC5  SKA3  SKA1"
1.97573806029556e-05,24,223,3.12497270788196,"GO:0032200 Telomere organization ","https://amigo.geneontology.org/amigo/term/GO:0032200"," MRE11  POT1  DCLRE1C  ATR  BLM  PRKDC  XRN1  HSP90AA1  NBN  ERCC4  ATRX  HAT1  DNA2  BRCA2  CCNE2  NEK2  NEK7  SMG1  SMC6  DHX36  AURKB  SHLD2  RFC1  EXO1"
2.00066570690304e-05,43,559,2.2335542110823,"GO:0044089 Positive regulation of cellular component biogenesis ","https://amigo.geneontology.org/amigo/term/GO:0044089"," CLIP1  SETDB2  EPS8  CEP120  ATF7IP  SLITRK6  FNIP2  NCKAP1  HSP90AA1  STIL  CNOT1  PLK4  NEK7  CENPJ  SKA1  USP16  SASS6  TSC1  CKAP5  ROCK1  CCP110  CAND1  PIK3R1  PAN3  ATP7A  IL1RAP  CLASP1  ANLN  TPR  SPAG5  MET  RAB3GAP1  AKAP9  ROCK2  CDK5RAP2  CLASP2  ICE1  CEP295  PDCD6IP  CEP135  ATR  PIK3CA  DDX3X"
2.11054885891642e-05,21,178,3.42561966081724,"GO:0071897 Dna biosynthetic process ","https://amigo.geneontology.org/amigo/term/GO:0071897"," POLD3  POLE2  POLI  POT1  XRN1  POLQ  HSP90AA1  RFC3  KAT7  DSCC1  DTL  POLA1  CENPF  CCNA2  CHEK1  LIN9  ATR  RRM1  MRE11  RFC1  USP1"
2.12250527007471e-05,10,41,7.08200115709022,"GO:0033260 Nuclear dna replication ","https://amigo.geneontology.org/amigo/term/GO:0033260"," DBF4  MCM6  CDC45  POLA1  ATRX  DNA2  ATAD5  CDC7  BRCA2  BLM"
2.12405841521325e-05,5,7,20.7401462457642,"GO:0034087 Establishment of mitotic sister chromatid cohesion ","https://amigo.geneontology.org/amigo/term/GO:0034087"," NIPBL  SMC1A  STAG2  SMC3  RAD21"
2.27670012593123e-05,11,51,6.26271082715233,"GO:0007019 Microtubule depolymerization ","https://amigo.geneontology.org/amigo/term/GO:0007019"," CAMSAP2  CKAP2  KIF24  TPX2  KIF2C  AURKB  CLASP1  KIF21A  TAOK1  CLASP2  CKAP5"
2.68019823966698e-05,94,1659,1.64520991316611,"GO:0045934 Negative regulation of nucleobase-containing compound metabolic process ","https://amigo.geneontology.org/amigo/term/GO:0045934"," ATF2  ZNF148  PER3  REST  ZNF451  NCOR1  THRB  PHC3  NR1D2  ZBTB33  NRIP1  FANCB  PARPBP  ZBTB6  MIER1  XRN1  LARP7  BRCA1  MRE11  DEPDC1  BCLAF1  ARID4A  POLQ  FNIP2  TP53BP1  CBX5  MSH2  BTAF1  TRPS1  MSH3  TCERG1  KAT2B  MSH6  CENPF  KLF12  SHLD2  CNOT1  POT1  E2F8  RB1  ARID5B  WWC2  PTPRK  BACH1  KAT6B  MORC3  NIPBL  ZNF12  E2F7  RBPJ  ATF7IP  SLFN11  DHX36  ERCC4  AURKB  ZNF438  ZNF136  ZNF675  ZNF224  PIAS1  RFC1  CCAR1  KDM5A  RBL1  RBBP8  TRIM24  CLOCK  LRPPRC  NCOA2  CHEK1  GABPA  COPS2  SUZ12  ZBED6  TPR  NEDD4  HIF1A  SMCHD1  NBN  FBXO5  MYB  PDS5A  NBAS  SUV39H2  ATR  TRAF6  TAF9B  BLM  DICER1  SETDB2  BARD1  CDC6  USP9X  IREB2"
2.70683463629558e-05,8,25,9.29158551810237,"GO:0090266 Regulation of mitotic cell cycle spindle assembly checkpoint ","https://amigo.geneontology.org/amigo/term/GO:0090266"," CDK5RAP2  TPR  NDC80  KNL1  SKA1  SKA3  GEN1  AURKB"
2.70683463629558e-05,8,25,9.29158551810237,"GO:1903504 Regulation of mitotic spindle checkpoint ","https://amigo.geneontology.org/amigo/term/GO:1903504"," CDK5RAP2  TPR  NDC80  KNL1  SKA1  SKA3  GEN1  AURKB"
2.75083008229679e-05,17,124,3.98077000523539,"GO:0051261 Protein depolymerization ","https://amigo.geneontology.org/amigo/term/GO:0051261"," CAMSAP2  NES  CKAP2  ADD3  PLEKHH2  KIF24  TPX2  KIF2C  AURKB  PIK3CA  EPS8  CLASP1  KIF21A  TAOK1  CLTC  CLASP2  CKAP5"
2.85259880505778e-05,39,491,2.30633805502796,"GO:0072594 Establishment of protein localization to organelle ","https://amigo.geneontology.org/amigo/term/GO:0072594"," NUP133  TNPO1  IPO11  NUP50  NUP188  NUP107  GNPTAB  NUP155  CSE1L  NUP153  PEX1  RANBP6  RANBP2  VPS8  NIPBL  SRP72  KPNA2  PIK3R4  KPNA5  IPO7  HSP90AA1  USP9X  BRCA2  PIK3R1  TPR  JAK2  SPG11  ECT2  ATF2  PRKAA1  AP3B1  CDK1  NF1  RAB23  RAB3GAP1  POT1  GCC2  NEDD4  RANBP17"
3.19246579745927e-05,20,168,3.4566910409607,"GO:0051494 Negative regulation of cytoskeleton organization ","https://amigo.geneontology.org/amigo/term/GO:0051494"," CAMSAP2  CKAP2  CDK5RAP2  SSH2  ADD3  PLEKHH2  TPX2  MET  KAT2B  DLC1  CLASP1  TJP1  MDM1  PIK3CA  PIK3R1  EPS8  CLASP2  ARFGEF1  TAOK1  BRCA1"
3.20025525478997e-05,21,183,3.33202349522114,"GO:0007292 Female gamete generation ","https://amigo.geneontology.org/amigo/term/GO:0007292"," TDRD1  SYCP2  ZFX  ASPM  TRIP13  NDC80  FBXO5  TTK  CNTRL  MASTL  NCAPH  MCM8  TOP2A  BRCA2  CCNB2  WASHC5  SKA3  MARF1  NRIP1  SKA1  USP9X"
3.28138144369493e-05,10,43,6.75260575443486,"GO:0036297 Interstrand cross-link repair ","https://amigo.geneontology.org/amigo/term/GO:0036297"," RAD51AP1  FANCD2  DCLRE1C  ERCC4  DCLRE1A  FANCB  MCM8  NEIL3  FANCI  ATR"
3.66596524139882e-05,114,2141,1.54606601626528,"GO:0051246 Regulation of protein metabolic process ","https://amigo.geneontology.org/amigo/term/GO:0051246"," UFL1  PUM3  BIRC2  LRPPRC  SPOPL  UHMK1  OTUD4  IBTK  MRE11  RB1CC1  PIAS1  FNIP2  WNK1  NEDD4  LRP6  DNAJC10  HSP90AA1  XPO1  TPX2  CLSPN  NBN  RAPGEF2  EIF4G2  FBXO5  PRLR  ECT2  APAF1  CNOT1  EPHA7  EPRS1  NCBP1  FANCI  CEP78  EIF5B  DLC1  TSC1  ARL6IP1  DHX36  TRAF6  SOCS4  CEP63  ZNF675  ENPP1  DDX3X  BCLAF1  KITLG  RASAL2  CAPRIN2  XRN1  PIK3CA  PRKAA1  IREB2  PRKACB  UBR3  GPC3  C9orf72  CUL4B  OXR1  C2CD3  PBK  MTM1  MTBP  SPDYE18  PRKDC  ZZZ3  TPR  ROCK1  SENP1  REST  HIF1A  RAB3GAP1  DOCK7  KIF14  FASTKD2  USP9X  AKAP9  ROCK2  IL6ST  MARCHF7  ITGAV  CENPE  TMTC3  IQGAP1  DTL  USP25  USP16  TAOK1  PTPN13  CEP295  CDK12  MALT1  BLM  ARRDC3  RB1  HECTD1  JAK2  HIPK3  KAT2B  PHIP  SLC8A1  NF1  ATP2B4  FKTN  BARD1  COPS2  MTIF2  CDC6  IDE  CCNT1  CDC25C  CDC25A  UBE2C  CCNE2  IPO7"
3.67845653474479e-05,8,26,8.9342168443292,"GO:0006312 Mitotic recombination ","https://amigo.geneontology.org/amigo/term/GO:0006312"," MSH2  MSH3  BRCA2  SMC6  ERCC4  GEN1  MRE11  RAD54B"
3.67845653474479e-05,8,26,8.9342168443292,"GO:0090231 Regulation of spindle checkpoint ","https://amigo.geneontology.org/amigo/term/GO:0090231"," CDK5RAP2  TPR  NDC80  KNL1  SKA1  SKA3  GEN1  AURKB"
3.74584879379417e-05,148,2969,1.44740933045549,"GO:0009891 Positive regulation of biosynthetic process ","https://amigo.geneontology.org/amigo/term/GO:0009891"," MYB  BRCA1  BCLAF1  TP53BP1  REST  NCOA1  EDRF1  MED23  KAT2B  WDR75  HEATR1  ATAD2B  ICE2  CCNT1  NCOA2  ZNF462  THRB  UHMK1  ATAD2  PAXBP1  MYSM1  REL  LEO1  CDK12  TET2  ZNF507  PRDM10  NR1D2  USF3  EPM2AIP1  NRIP1  MYBL1  ZFX  E2F2  BAZ1B  PPP1R12A  WNK1  TAF2  LRP6  KDM5A  HSP90AA1  CDC5L  JAK2  HIF1A  MET  C5  CAPRIN2  TCERG1  SF3B1  CEBPZ  ATF2  NR5A2  SHLD2  DEK  POT1  PRKAA1  RFC3  CLOCK  CDK5RAP2  DSCC1  BRCA2  PHIP  TAF5  GABPA  RNF20  KAT6B  NAA15  RBPJ  ATF7IP  LARP7  TRAF6  MED14  RFX7  KPNA2  BLM  DDX3X  ARID4A  PIAS1  RFC1  CCAR1  GPBP1  HLTF  ATRX  RRN3  SUCO  MSH2  EIF4G2  BIRC2  CAND1  KLF12  TRIM24  TOP2A  AP3B1  RB1  CCNA2  PIK3R1  ARID5B  CENPJ  USP16  BACH1  ZNF148  NIPBL  RAD21  CDK1  MGA  MSL2  DHX36  ATAD5  ZNF267  ZNF600  IL1RAP  ZNF107  TOPORS  ZNF770  SLC5A3  OPA1  DENND1B  PLIN5  PRKDC  ZNF850  ZNF224  PPP4R3B  SENP1  CKAP2  POLR3B  ROCK1  TOP2B  ITGA6  RAB3GAP1  FASTKD2  E2F8  ROCK2  KAT7  NCBP1  NBAS  ICE1  ATP7A  E2F7  NMD3  MALT1  NAA16  ATR  EPC2  SUPT16H  HSPH1  IL6ST  IREB2  USP1"
4.03970709002886e-05,10,44,6.59913744183407,"GO:0045740 Positive regulation of dna replication ","https://amigo.geneontology.org/amigo/term/GO:0045740"," DBF4  KAT7  DNA2  ATRX  E2F8  E2F7  CDK1  CDC7  ATAD5  CDC25A"
4.72001311859808e-05,98,1776,1.60222300952638,"GO:0065009 Regulation of molecular function ","https://amigo.geneontology.org/amigo/term/GO:0065009"," TP53BP1  MRE11  PPP1R12A  ATP2B4  ZC3H15  ARFGEF1  ROCK1  NEDD4  LRP6  HSP90AA1  RBL1  ERC1  TPX2  CLSPN  MSH2  NBN  MET  RAPGEF2  CAND1  FBXO5  MSH3  PRLR  KAT2B  ECT2  RAB3GAP1  MSH6  DOCK7  IDE  APAF1  HJURP  POT1  NES  RFC3  DSCC1  RB1  ARID5B  DLC1  TSC1  ARL6IP1  TRAF6  SOCS4  NF1  ZNF675  ARHGAP11A  DDX3X  RASAL2  IQGAP1  RASA1  RASA2  GAPVD1  RALGAPA1  SPDYE18  DCP1A  UFL1  WNK1  KDM5A  SENP1  PUM3  REST  ITGA6  BTAF1  HIF1A  ERBIN  ATF2  KIF14  USP9X  AKAP9  NCBP1  ITGAV  CENPE  CTTNBP2NL  RAPGEF6  ATP7A  CDK12  NMD3  MALT1  BLM  ARRDC3  DNAJC10  DOCK9  JAK2  TAX1BP1  HIPK3  CLOCK  EPHA7  RALGAPB  SLC8A1  ENPP1  SLC5A3  PLIN5  CDC6  BIRC2  CCNT1  CDC25C  CDC25A  UBE2C  CCNE2  IPO7"
5.0082733086414e-05,22,204,3.13135541357617,"GO:0051302 Regulation of cell division ","https://amigo.geneontology.org/amigo/term/GO:0051302"," AURKB  ZZZ3  WNK1  ECT2  RACGAP1  PRC1  ASPM  CCP110  E2F8  KIF20B  BRCA2  E2F7  PKN2  CDC6  KIF14  CIT  KIF23  AHCTF1  PIK3R4  PRPF40A  BLM  KAT2B"
5.15890848649756e-05,5,8,18.1476279650437,"GO:0061511 Centriole elongation ","https://amigo.geneontology.org/amigo/term/GO:0061511"," CCP110  CENPJ  C2CD3  CEP120  CEP295"
5.27128558923923e-05,62,973,1.85020009674443,"GO:0032446 Protein modification by small protein conjugation ","https://amigo.geneontology.org/amigo/term/GO:0032446"," ANKIB1  CDC27  UFL1  UBA6  PIAS1  RC3H2  CCAR1  NEDD4  RAD18  HACE1  HECTD1  CUL2  BIRC2  UBE4A  CAND1  ZNF451  RC3H1  MARCHF7  BARD1  UBR3  FBXO38  TRIP12  CUL4B  MSL2  UBE2C  TRAF6  TOPORS  DZIP3  BRCA1  WNK1  HSP90AA1  FBXO5  TRIM24  FANCI  DTL  CEP78  RANBP2  RNF20  TTC3  CEP63  PJA2  DDX3X  UBR7  HLTF  G2E3  MIB1  CDCA3  SPOPL  FBXO43  MTBP  SOCS4  TRIM59  HIF1A  ARRDC3  NBN  SMC6  COPS2  MALT1  SENP1  LNPEP  USP9X  TPP2"
5.38749057585122e-05,145,2915,1.44433951557123,"GO:0031328 Positive regulation of cellular biosynthetic process ","https://amigo.geneontology.org/amigo/term/GO:0031328"," MYB  BRCA1  BCLAF1  TP53BP1  REST  NCOA1  EDRF1  MED23  KAT2B  WDR75  HEATR1  ATAD2B  ICE2  CCNT1  NCOA2  ZNF462  THRB  UHMK1  ATAD2  PAXBP1  MYSM1  REL  LEO1  CDK12  TET2  ZNF507  PRDM10  NR1D2  USF3  EPM2AIP1  NRIP1  MYBL1  ZFX  E2F2  BAZ1B  PPP1R12A  WNK1  TAF2  LRP6  KDM5A  HSP90AA1  CDC5L  JAK2  HIF1A  MET  C5  CAPRIN2  TCERG1  SF3B1  CEBPZ  ATF2  NR5A2  SHLD2  DEK  POT1  PRKAA1  RFC3  CLOCK  CDK5RAP2  DSCC1  BRCA2  PHIP  TAF5  GABPA  RNF20  KAT6B  NAA15  RBPJ  ATF7IP  LARP7  TRAF6  MED14  RFX7  KPNA2  BLM  DDX3X  ARID4A  PIAS1  RFC1  CCAR1  GPBP1  HLTF  ATRX  RRN3  MSH2  EIF4G2  BIRC2  CAND1  KLF12  TRIM24  TOP2A  AP3B1  RB1  CCNA2  PIK3R1  ARID5B  CENPJ  USP16  BACH1  ZNF148  NIPBL  RAD21  CDK1  MGA  MSL2  DHX36  ATAD5  ZNF267  ZNF600  IL1RAP  ZNF107  TOPORS  ZNF770  OPA1  DENND1B  PLIN5  PRKDC  ZNF850  ZNF224  PPP4R3B  SENP1  CKAP2  POLR3B  ROCK1  TOP2B  ITGA6  RAB3GAP1  FASTKD2  E2F8  ROCK2  KAT7  NCBP1  NBAS  ICE1  E2F7  NMD3  MALT1  NAA16  ATR  EPC2  SUPT16H  HSPH1  IL6ST  IREB2  USP1"
7.38615917366329e-05,72,1202,1.73927349548505,"GO:0009628 Response to abiotic stimulus ","https://amigo.geneontology.org/amigo/term/GO:0009628"," PER3  POLD3  HSP90AA1  HIF1A  PKD1L1  TPR  USP28  WNK1  REST  RAD51AP1  ECT2  ATF2  FIGNL1  CLOCK  DTL  INTS7  FANCD2  SUV39H2  PTPRK  CUL4B  USP1  TOPBP1  CDC25A  HSP90B1  DHX36  ATR  ERCC4  AURKB  BLM  DDX3X  PIAS1  TP53BP1  RAD54L  MSH2  TJP1  BIRC2  MSH6  MYB  APAF1  PIK3CA  AKAP9  SYNE1  PRKAA1  USP15  BRIP1  BRCA2  TICRR  SLC4A10  CCNA2  PIK3R1  DCLRE1C  RAD21  ATP7A  RRM1  PBK  SLITRK6  XRCC2  NF1  RAD54B  PRKDC  SMC1A  CHEK1  PLOD2  MAP3K2  BRCA1  ATP2B4  NEDD4  BARD1  NIPBL  SLC8A1  ROCK2  TSC1"
7.55368906374008e-05,142,2859,1.44216197049945,"GO:0010557 Positive regulation of macromolecule biosynthetic process ","https://amigo.geneontology.org/amigo/term/GO:0010557"," MYB  BRCA1  BCLAF1  TP53BP1  REST  NCOA1  EDRF1  MED23  KAT2B  WDR75  HEATR1  ATAD2B  ICE2  CCNT1  NCOA2  ZNF462  THRB  UHMK1  ATAD2  PAXBP1  MYSM1  REL  LEO1  CDK12  TET2  ZNF507  PRDM10  NR1D2  USF3  EPM2AIP1  NRIP1  MYBL1  ZFX  E2F2  BAZ1B  PPP1R12A  WNK1  TAF2  LRP6  KDM5A  HSP90AA1  CDC5L  JAK2  HIF1A  MET  C5  CAPRIN2  TCERG1  SF3B1  CEBPZ  ATF2  NR5A2  SHLD2  DEK  POT1  PRKAA1  RFC3  CLOCK  CDK5RAP2  DSCC1  BRCA2  PHIP  TAF5  GABPA  RNF20  KAT6B  NAA15  RBPJ  ATF7IP  LARP7  TRAF6  MED14  RFX7  KPNA2  BLM  DDX3X  ARID4A  PIAS1  RFC1  CCAR1  GPBP1  HLTF  ATRX  RRN3  MSH2  EIF4G2  BIRC2  CAND1  KLF12  TRIM24  TOP2A  AP3B1  RB1  CCNA2  PIK3R1  ARID5B  CENPJ  USP16  BACH1  ZNF148  NIPBL  RAD21  CDK1  MGA  MSL2  DHX36  ATAD5  ZNF267  ZNF600  IL1RAP  ZNF107  TOPORS  ZNF770  OPA1  DENND1B  PRKDC  ZNF850  ZNF224  SENP1  CKAP2  POLR3B  ROCK1  TOP2B  ITGA6  FASTKD2  E2F8  ROCK2  KAT7  NCBP1  NBAS  ICE1  E2F7  NMD3  MALT1  NAA16  ATR  EPC2  SUPT16H  HSPH1  IL6ST  IREB2  USP1"
7.89832634674213e-05,26,276,2.73529464980369,"GO:0032386 Regulation of intracellular transport ","https://amigo.geneontology.org/amigo/term/GO:0032386"," UHMK1  TPR  WNK1  NEDD4  NUP153  BARD1  PIK3R1  PPP1R12A  HSP90AA1  XPO1  JAK2  ECT2  THOC2  CTDSPL2  KIF20B  DNAJC13  SEC24B  ABCA12  CDK1  NF1  SPAG5  PCM1  RAB23  XPO4  GCC2  ICE1"
7.94105877746242e-05,6,14,12.4440877474585,"GO:0001833 Inner cell mass cell proliferation ","https://amigo.geneontology.org/amigo/term/GO:0001833"," PALB2  BRCA2  NCAPG2  GINS4  CHEK1  COPS2"
7.94105877746242e-05,6,14,12.4440877474585,"GO:0051231 Spindle elongation ","https://amigo.geneontology.org/amigo/term/GO:0051231"," KIF4A  KIF23  KIF11  RACGAP1  PRC1  AURKB"
0.000109160281197296,5,9,16.1312248578166,"GO:0034085 Establishment of sister chromatid cohesion ","https://amigo.geneontology.org/amigo/term/GO:0034085"," NIPBL  SMC1A  STAG2  SMC3  RAD21"
0.000109160281197296,5,9,16.1312248578166,"GO:0090522 Vesicle tethering involved in exocytosis ","https://amigo.geneontology.org/amigo/term/GO:0090522"," EXOC6  EXOC6B  EXOC5  EXOC1  EXOC2"
0.000110447748199947,9,39,6.7006626332469,"GO:0071539 Protein localization to centrosome ","https://amigo.geneontology.org/amigo/term/GO:0071539"," PCM1  STIL  CCDC14  CEP350  CEP78  C2CD3  CEP192  SPAG5  CEP83"
0.000111759648827461,11,60,5.32330420307948,"GO:0072698 Protein localization to microtubule cytoskeleton ","https://amigo.geneontology.org/amigo/term/GO:0072698"," PCM1  STIL  CCDC14  CEP350  CEP78  C2CD3  CEP192  TTK  KIF20B  SPAG5  CEP83"
0.000112112566619386,34,426,2.31744357112295,"GO:1902903 Regulation of supramolecular fiber organization ","https://amigo.geneontology.org/amigo/term/GO:1902903"," CAMSAP2  CLIP1  CKAP2  SSH2  ARHGAP18  ADD3  PLEKHH2  WASHC5  NCKAP1  TPX2  MET  RASA1  SKA1  CLASP2  DLC1  TSC1  CKAP5  AURKB  CLASP1  TJP1  PIK3CA  RB1  PIK3R1  C9orf72  EPS8  ARFGEF1  ALMS1  AKAP9  ROCK2  CDK5RAP2  KIF21A  TAOK1  WASHC4  ROCK1"
0.000112210076413644,15,110,3.95948246510044,"GO:0031110 Regulation of microtubule polymerization or depolymerization ","https://amigo.geneontology.org/amigo/term/GO:0031110"," CAMSAP2  CLIP1  CKAP2  SKA1  TPX2  CLASP2  SKA3  CKAP5  AURKB  CLASP1  MET  AKAP9  CDK5RAP2  KIF21A  TAOK1"
0.000117875561489505,12,72,4.83936745734499,"GO:0006473 Protein acetylation ","https://amigo.geneontology.org/amigo/term/GO:0006473"," KAT2B  CLOCK  KAT7  NAA15  NAA16  PRKAA1  DSCC1  TAOK1  CEP295  ESCO2  DDX3X  HAT1"
0.000120345243531616,7,22,9.2387924185677,"GO:0000729 Dna double-strand break processing ","https://amigo.geneontology.org/amigo/term/GO:0000729"," RBBP8  NBN  DNA2  BLM  BRIP1  MRE11  SMARCAD1"
0.000120345243531616,7,22,9.2387924185677,"GO:0001832 Blastocyst growth ","https://amigo.geneontology.org/amigo/term/GO:0001832"," PALB2  NBN  BRCA2  NCAPG2  GINS4  CHEK1  COPS2"
0.000122596929663241,114,2201,1.50391973685778,"GO:0008219 Cell death ","https://amigo.geneontology.org/amigo/term/GO:0008219"," SLK  DNM1L  JAK2  DICER1  TAX1BP1  BIRC2  TOP2A  PRKDC  TAF9B  BRCA1  BCLAF1  USP28  CCAR1  DNAJC10  HSP90AA1  HIF1A  RAPGEF2  PRLR  ECT2  PRKAA1  RASA1  PHIP  CHEK1  SON  TAOK1  DLC1  MELK  CDK1  ARL6IP1  MALT1  AURKB  ZDHHC17  TOPORS  OPA1  E2F2  UFL1  RB1CC1  PIAS1  KITLG  PKN2  ROCK1  EXOC5  THOC1  PALB2  NCOA1  RRN3  TPX2  G2E3  TRPM7  MSH2  SPG11  NBN  HIPK3  ATF2  MSH6  KIF14  CASP8AP2  MYB  GPAM  HELLS  APAF1  PIK3CA  SYNE1  FIGNL1  NES  EPHA7  USP15  CKAP2  SLTM  ITGAV  BRCA2  RB1  CDCA7  PIK3R1  THRB  CDK19  BUB1B  RAD21  OXR1  DDIAS  FRS2  BUB1  PDCD6IP  TRAF6  ATAD5  SYCP2  XRCC2  NF1  SLC39A10  CD2AP  DDX3X  ITGA6  MRE11  LRP6  SENP1  REST  TJP1  MET  FASTKD2  TRIM24  CIT  IL6ST  MARCHF7  BARD1  NAA15  HSP90B1  NAA16  FNIP2  STIL  SEMA6A  EPC2  NCKAP1  CUL2  EIF4G2"
0.000123617225797498,6,15,11.614481897628,"GO:0044771 Meiotic cell cycle phase transition ","https://amigo.geneontology.org/amigo/term/GO:0044771"," TTK  CDC25C  CDC25A  NDC80  CCNB2  KNL1"
0.000124529335362719,16,125,3.71663420724095,"GO:0001824 Blastocyst development ","https://amigo.geneontology.org/amigo/term/GO:0001824"," MATR3  PALB2  RBBP8  TJP1  NBN  NEK2  CNOT1  THOC2  BRCA2  NCAPG2  GINS4  CHEK1  GABPA  COPS2  RRM2  ZBED6"
0.000125883665464295,30,355,2.45376378118901,"GO:0071214 Cellular response to abiotic stimulus ","https://amigo.geneontology.org/amigo/term/GO:0071214"," POLD3  USP28  WNK1  RAD51AP1  ECT2  FIGNL1  CLOCK  INTS7  PTPRK  CUL4B  CDC25A  ATR  ERCC4  AURKB  BLM  DDX3X  TP53BP1  PIK3CA  USP15  PIK3R1  PBK  CHEK1  MAP3K2  BRCA1  NEDD4  REST  BARD1  BRCA2  NIPBL  DHX36"
0.000125883665464295,29,337,2.49866450319889,"GO:0097193 Intrinsic apoptotic signaling pathway ","https://amigo.geneontology.org/amigo/term/GO:0097193"," PRKDC  TAF9B  BRCA1  USP28  DNAJC10  HIF1A  TOPORS  E2F2  RRN3  MSH2  JAK2  NBN  ATF2  MSH6  HELLS  APAF1  FIGNL1  USP15  BRCA2  PIK3R1  MELK  DDIAS  ATAD5  OPA1  BCLAF1  MARCHF7  DDX3X  FNIP2  CUL2"
0.000125883665464295,30,355,2.45376378118901,"GO:0104004 Cellular response to environmental stimulus ","https://amigo.geneontology.org/amigo/term/GO:0104004"," POLD3  USP28  WNK1  RAD51AP1  ECT2  FIGNL1  CLOCK  INTS7  PTPRK  CUL4B  CDC25A  ATR  ERCC4  AURKB  BLM  DDX3X  TP53BP1  PIK3CA  USP15  PIK3R1  PBK  CHEK1  MAP3K2  BRCA1  NEDD4  REST  BARD1  BRCA2  NIPBL  DHX36"
0.000126093172405132,10,50,5.80724094881398,"GO:0030866 Cortical actin cytoskeleton organization ","https://amigo.geneontology.org/amigo/term/GO:0030866"," ANLN  NCKAP1  ROCK1  ROCK2  IQGAP1  EPB41L2  ECT2  PLS1  RACGAP1  PDCD6IP"
0.000126093172405132,10,50,5.80724094881398,"GO:1900087 Positive regulation of g1/s transition of mitotic cell cycle ","https://amigo.geneontology.org/amigo/term/GO:1900087"," MTBP  CCNE2  STIL  CENPJ  SASS6  RRM1  RRM2  CUL4B  DDX3X  CDC6"
0.000131204769475845,9,40,6.53314606741573,"GO:1905508 Protein localization to microtubule organizing center ","https://amigo.geneontology.org/amigo/term/GO:1905508"," PCM1  STIL  CCDC14  CEP350  CEP78  C2CD3  CEP192  SPAG5  CEP83"
0.000134426005634222,15,112,3.88877742108079,"GO:0046785 Microtubule polymerization ","https://amigo.geneontology.org/amigo/term/GO:0046785"," CEP192  CLIP1  NEDD1  CKAP5  TPX2  CAMSAP2  CENPJ  SKA1  CLASP2  FBXO5  CLASP1  MET  AKAP9  CDK5RAP2  KIF21A"
0.000150519537270905,10,51,5.6933734792294,"GO:0045910 Negative regulation of dna recombination ","https://amigo.geneontology.org/amigo/term/GO:0045910"," FANCB  PARPBP  POLQ  TP53BP1  MSH2  MSH3  MSH6  SHLD2  SMCHD1  BLM"
0.000162676785653493,110,2120,1.50659552917344,"GO:0006915 Apoptotic process ","https://amigo.geneontology.org/amigo/term/GO:0006915"," SLK  DNM1L  JAK2  DICER1  TAX1BP1  BIRC2  TOP2A  PRKDC  TAF9B  BRCA1  BCLAF1  USP28  CCAR1  DNAJC10  HSP90AA1  HIF1A  RAPGEF2  PRLR  ECT2  PRKAA1  RASA1  PHIP  CHEK1  SON  TAOK1  DLC1  MELK  CDK1  ARL6IP1  MALT1  AURKB  TOPORS  OPA1  E2F2  UFL1  RB1CC1  PIAS1  KITLG  PKN2  ROCK1  EXOC5  THOC1  PALB2  NCOA1  RRN3  TPX2  G2E3  MSH2  SPG11  NBN  HIPK3  ATF2  MSH6  KIF14  CASP8AP2  MYB  GPAM  HELLS  APAF1  PIK3CA  SYNE1  FIGNL1  NES  EPHA7  USP15  CKAP2  SLTM  ITGAV  BRCA2  RB1  CDCA7  PIK3R1  THRB  CDK19  BUB1B  RAD21  OXR1  DDIAS  FRS2  BUB1  PDCD6IP  TRAF6  ATAD5  SYCP2  XRCC2  NF1  SLC39A10  CD2AP  DDX3X  ITGA6  MRE11  LRP6  SENP1  REST  TJP1  FASTKD2  TRIM24  CIT  IL6ST  MARCHF7  BARD1  NAA15  HSP90B1  NAA16  FNIP2  STIL  SEMA6A  EPC2  NCKAP1  CUL2"
0.000178207573252722,113,2197,1.49344157309053,"GO:0012501 Programmed cell death ","https://amigo.geneontology.org/amigo/term/GO:0012501"," SLK  DNM1L  JAK2  DICER1  TAX1BP1  BIRC2  TOP2A  PRKDC  TAF9B  BRCA1  BCLAF1  USP28  CCAR1  DNAJC10  HSP90AA1  HIF1A  RAPGEF2  PRLR  ECT2  PRKAA1  RASA1  PHIP  CHEK1  SON  TAOK1  DLC1  MELK  CDK1  ARL6IP1  MALT1  AURKB  ZDHHC17  TOPORS  OPA1  E2F2  UFL1  RB1CC1  PIAS1  KITLG  PKN2  ROCK1  EXOC5  THOC1  PALB2  NCOA1  RRN3  TPX2  G2E3  TRPM7  MSH2  SPG11  NBN  HIPK3  ATF2  MSH6  KIF14  CASP8AP2  MYB  GPAM  HELLS  APAF1  PIK3CA  SYNE1  FIGNL1  NES  EPHA7  USP15  CKAP2  SLTM  ITGAV  BRCA2  RB1  CDCA7  PIK3R1  THRB  CDK19  BUB1B  RAD21  OXR1  DDIAS  FRS2  BUB1  PDCD6IP  TRAF6  ATAD5  SYCP2  XRCC2  NF1  SLC39A10  CD2AP  DDX3X  ITGA6  MRE11  LRP6  SENP1  REST  TJP1  MET  FASTKD2  TRIM24  CIT  IL6ST  MARCHF7  BARD1  NAA15  HSP90B1  NAA16  FNIP2  STIL  SEMA6A  EPC2  NCKAP1  CUL2"
0.000182287576963523,8,32,7.25905118601748,"GO:1902751 Positive regulation of cell cycle g2/m phase transition ","https://amigo.geneontology.org/amigo/term/GO:1902751"," CDC25C  CDC25A  RRM1  CDC7  FBXO5  DTL  CDK1  ATAD5"
0.000194783282187038,5,10,14.518102372035,"GO:0000912 Assembly of actomyosin apparatus involved in cytokinesis ","https://amigo.geneontology.org/amigo/term/GO:0000912"," ANLN  IQGAP1  ECT2  RACGAP1  PDCD6IP"
0.000194783282187038,5,10,14.518102372035,"GO:0000915 Actomyosin contractile ring assembly ","https://amigo.geneontology.org/amigo/term/GO:0000915"," ANLN  IQGAP1  ECT2  RACGAP1  PDCD6IP"
0.000194783282187038,5,10,14.518102372035,"GO:0051292 Nuclear pore complex assembly ","https://amigo.geneontology.org/amigo/term/GO:0051292"," NDC1  NUP107  NUP153  AHCTF1  NUP205"
0.000194783282187038,19,175,3.15250222935616,"GO:2000045 Regulation of g1/s transition of mitotic cell cycle ","https://amigo.geneontology.org/amigo/term/GO:2000045"," RBL1  RB1  MTBP  CCNE2  STIL  CENPJ  SASS6  E2F7  RRM1  RRM2  CUL4B  KIF14  SLFN11  DDX3X  PRKDC  GTSE1  PBRM1  ARID2  CDC6"
0.00019493175816036,111,2154,1.49629467344093,"GO:1902531 Regulation of intracellular signal transduction ","https://amigo.geneontology.org/amigo/term/GO:1902531"," ECT2  MALT1  ZDHHC17  MIER1  WDR76  SHOC2  PRKAA1  CDK5RAP2  DENND4C  FRMD6  ARHGAP18  EPS8  WWC2  DLC1  TSC1  DENND4A  TRAF6  PJA2  TRIM59  ARHGEF28  TAF9B  UFL1  FNIP2  ATP2B4  SEMA6A  HIF1A  MET  TAX1BP1  DHX15  RAPGEF2  USP9X  CNOT1  EPHA7  USP15  NCOR1  PRKACB  THRB  NEK7  TAOK1  PTPN13  AURKB  ZNF675  DDX3X  PRKDC  RB1CC1  KITLG  RC3H2  ARFGEF1  NCOA1  RRN3  OSBPL8  JAK2  EIF3A  BIRC2  ERBIN  SSX2IP  HELLS  TRIM24  FIGNL1  CLOCK  RC3H1  EPRS1  ARHGAP29  CEP55  GLCE  C9orf72  RASA2  RACGAP1  DDIAS  FRS2  PBK  RALGAPB  MTM1  RALGAPA1  DHX36  ATAD5  NF1  OPA1  PLIN5  REL  PIK3CA  BRCA1  BCLAF1  TPR  ROCK1  NEDD4  NDC80  FKTN  ARRDC3  KIF14  CIT  MARCHF7  KNL1  ITGAV  SLC39A8  IQGAP1  PIK3R1  SKA1  ARHGAP12  SKA3  ATR  GEN1  CD2AP  HIPK3  ROCK2  BARD1  BRCA2  ARHGAP21  ARHGAP32  CHEK1  ARHGAP11A"
0.000198890823178664,46,678,1.97000799148557,"GO:0048589 Developmental growth ","https://amigo.geneontology.org/amigo/term/GO:0048589"," WWC2  SYT1  MACF1  GOLGA4  CLASP2  ITSN2  ZFX  RC3H2  ASPM  RASAL2  PALB2  ATRX  SPG11  NBN  EIF4G2  PRLR  ATF2  GPAM  PLS1  PIK3CA  ARHGAP32  WDR36  EPHA7  BRCA2  SLC4A10  NCAPG2  GINS4  C9orf72  CHEK1  ARID5B  NPY1R  NIPBL  COPS2  RBPJ  CDK1  MTM1  RMI1  SLITRK6  ARID2  XRCC2  CD2AP  USP9X  IQGAP1  WDR11  STIL  NRCAM"
0.000216794462295407,18,161,3.24628376020657,"GO:0009411 Response to uv ","https://amigo.geneontology.org/amigo/term/GO:0009411"," POLD3  USP28  DTL  PTPRK  CUL4B  USP1  CDC25A  ERCC4  AURKB  MSH2  MSH6  PRKAA1  BRCA2  PIK3R1  PBK  NEDD4  DHX36  ATR"
0.000227137580498903,11,65,4.91381926438106,"GO:0030865 Cortical cytoskeleton organization ","https://amigo.geneontology.org/amigo/term/GO:0030865"," ANLN  NCKAP1  ROCK1  ROCK2  IQGAP1  EPB41L2  ECT2  PLS1  KIF21A  RACGAP1  PDCD6IP"
0.000227137580498903,11,65,4.91381926438106,"GO:0044380 Protein localization to cytoskeleton ","https://amigo.geneontology.org/amigo/term/GO:0044380"," PCM1  STIL  CCDC14  CEP350  CEP78  C2CD3  CEP192  TTK  KIF20B  SPAG5  CEP83"
0.000237147586604361,100,1900,1.52822130231947,"GO:0065003 Protein-containing complex assembly ","https://amigo.geneontology.org/amigo/term/GO:0065003"," CDC45  CEP192  CENPI  OIP5  EIF3A  CAND1  MDN1  SF3B1  ATAD2B  HJURP  DLGAP5  CLIP1  SCAF11  NEDD1  SSH2  CLTC  CENPC  ARHGAP18  ADD3  ATAD2  CHAF1B  WASHC5  CKAP5  KNTC1  POLQ  FNIP2  TP53BP1  HSP90AA1  ATRX  EPS15  TPX2  DICER1  PRLR  ECT2  TAF1B  CAMSAP2  HAT1  MOSPD2  CENPE  RASA1  DDX46  NEK7  CENPJ  SKA1  WDCP  CLASP2  PDCD6IP  UBE2C  BLM  OPA1  DDX3X  PRKDC  PIAS1  SYT1  RRN3  TRPM7  BIRC2  FBXO5  CENPK  EPS8  USP16  KAT6B  CENPN  RRM1  CDK1  RRM2  CD2AP  NDC1  ARFGEF1  CLASP1  DNM1L  MET  NUP107  KIF14  FASTKD2  NUP153  AKAP9  CDK5RAP2  NCBP1  KIF21A  AHCTF1  NUP205  WDR19  ICE1  NEMF  ATR  TAF2  TAF5  NCKAP1  SUPT16H  JAK2  MED23  CENPF  VPS8  TRAPPC11  MED14  ANLN  RB1  PRKACB  IL1RAP"
0.000245317840916086,10,54,5.37707495260554,"GO:0032467 Positive regulation of cytokinesis ","https://amigo.geneontology.org/amigo/term/GO:0032467"," WNK1  ECT2  RACGAP1  KIF20B  PKN2  CDC6  KIF14  CIT  KIF23  AURKB"
0.000266096578997506,6,17,10.2480722626129,"GO:0051382 Kinetochore assembly ","https://amigo.geneontology.org/amigo/term/GO:0051382"," DLGAP5  CENPC  KNTC1  CENPE  CENPK  CENPF"
0.000277603858544619,39,545,2.07782015599766,"GO:0007264 Small gtpase-mediated signal transduction ","https://amigo.geneontology.org/amigo/term/GO:0007264"," ROCK1  SHOC2  RAPGEF2  RALGPS2  CTNNAL1  ROCK2  ARHGAP32  DENND4C  ARHGAP18  EPS8  RAPGEF6  RACGAP1  DLC1  DENND4A  ARHGEF28  NCKAP1  MET  KITLG  ARFGEF1  DOCK9  DOCK7  SSX2IP  ARHGAP29  USO1  RASA2  RALGAPB  RALGAPA1  CHM  NF1  CD2AP  RB1  CCNA2  KIF14  ITGAV  ARHGAP12  HACE1  ARHGAP21  ECT2  ARHGAP11A"
0.000278862288641858,20,196,2.96287803510917,"GO:0072331 Signal transduction by p53 class mediator ","https://amigo.geneontology.org/amigo/term/GO:0072331"," TAF9B  USP28  E2F7  MYO6  E2F2  ATRX  RRN3  MSH2  TRIM24  USP15  EPRS1  BRCA2  ATAD5  TOPORS  MARCHF7  ATR  GTSE1  NBN  CHEK1  AURKB"
0.000281736518773758,9,44,5.93922369765066,"GO:0000731 Dna synthesis involved in dna repair ","https://amigo.geneontology.org/amigo/term/GO:0000731"," POLD3  POLE2  POLI  POLQ  DTL  POLA1  RRM1  RFC3  USP1"
0.000288862106513316,27,317,2.47311523056747,"GO:0000209 Protein polyubiquitination ","https://amigo.geneontology.org/amigo/term/GO:0000209"," ANKIB1  RC3H2  HACE1  HECTD1  UBE4A  RC3H1  BARD1  FBXO38  TRIP12  UBE2C  TRAF6  TOPORS  DZIP3  CDC27  BRCA1  BIRC2  DTL  RNF20  TTC3  CEP63  DDX3X  CUL4B  MARCHF7  NEDD4  NBN  LNPEP  TPP2"
0.000318398462044981,13,93,4.05882431906354,"GO:1901879 Regulation of protein depolymerization ","https://amigo.geneontology.org/amigo/term/GO:1901879"," CAMSAP2  NES  CKAP2  ADD3  PLEKHH2  TPX2  AURKB  PIK3CA  EPS8  CLASP1  KIF21A  TAOK1  CLASP2"
0.00033074412887614,5,11,13.1982748836681,"GO:0044837 Actomyosin contractile ring organization ","https://amigo.geneontology.org/amigo/term/GO:0044837"," ANLN  IQGAP1  ECT2  RACGAP1  PDCD6IP"
0.00033074412887614,5,11,13.1982748836681,"GO:0051256 Mitotic spindle midzone assembly ","https://amigo.geneontology.org/amigo/term/GO:0051256"," KIF23  RACGAP1  PRC1  KIF4A  AURKB"
0.000356671448078043,27,321,2.4422975952956,"GO:0051258 Protein polymerization ","https://amigo.geneontology.org/amigo/term/GO:0051258"," CEP192  CLIP1  NEDD1  SSH2  ARHGAP18  ADD3  WASHC5  CKAP5  HSP90AA1  TPX2  CAMSAP2  RASA1  CENPJ  SKA1  CLASP2  UBE2C  FBXO5  EPS8  CD2AP  ARFGEF1  CLASP1  MET  AKAP9  CDK5RAP2  KIF21A  NCKAP1  JAK2"
0.000358153131770193,55,887,1.80044110588934,"GO:0016567 Protein ubiquitination ","https://amigo.geneontology.org/amigo/term/GO:0016567"," ANKIB1  CDC27  UBA6  RC3H2  CCAR1  NEDD4  RAD18  HACE1  HECTD1  CUL2  BIRC2  UBE4A  CAND1  RC3H1  MARCHF7  BARD1  UBR3  FBXO38  TRIP12  CUL4B  MSL2  UBE2C  TRAF6  TOPORS  DZIP3  BRCA1  UFL1  WNK1  HSP90AA1  FBXO5  TRIM24  FANCI  DTL  CEP78  RNF20  TTC3  CEP63  PJA2  DDX3X  UBR7  HLTF  G2E3  MIB1  CDCA3  SPOPL  FBXO43  MTBP  SOCS4  TRIM59  ARRDC3  NBN  MALT1  LNPEP  USP9X  TPP2"
0.000360888362478533,12,81,4.30165996208443,"GO:0071479 Cellular response to ionizing radiation ","https://amigo.geneontology.org/amigo/term/GO:0071479"," RAD51AP1  ECT2  FIGNL1  CLOCK  INTS7  ATR  BLM  TP53BP1  BRCA1  BARD1  BRCA2  NIPBL"
0.000397048898183505,58,956,1.76161074807119,"GO:0097435 Supramolecular fiber organization ","https://amigo.geneontology.org/amigo/term/GO:0097435"," CEP192  CAMSAP2  PLS1  CLIP1  HOOK1  CKAP2  NEDD1  GAS2L3  IQGAP1  SSH2  ARHGAP18  ADD3  PLEKHH2  WASHC5  CKAP5  KIF24  MYO6  CD2AP  NCKAP1  TPX2  MET  KIF2C  RASA1  CENPJ  SKA1  CLASP2  DLC1  TSC1  HSP90B1  AURKB  CLASP1  TJP1  FBXO5  PIK3CA  RB1  PIK3R1  C9orf72  EPS8  CEP120  NF1  SLK  ARFGEF1  PCM1  ALMS1  AKAP9  ROCK2  CDK5RAP2  KIF21A  TAOK1  ARHGAP12  MTM1  NUP153  ATP7A  JAK2  KATNAL1  WASHC4  ROCK1  USP9X"
0.000401280319215895,21,218,2.79706559461224,"GO:0043087 Regulation of gtpase activity ","https://amigo.geneontology.org/amigo/term/GO:0043087"," ZC3H15  ARFGEF1  MET  RAPGEF2  ECT2  RAB3GAP1  DOCK7  TSC1  NF1  ARHGAP11A  RASAL2  IQGAP1  RASA1  RASA2  GAPVD1  RALGAPA1  WNK1  ITGA6  RAPGEF6  DOCK9  RALGAPB"
0.000418458431841853,134,2764,1.40768865257068,"GO:0007399 Nervous system development ","https://amigo.geneontology.org/amigo/term/GO:0007399"," GNB4  ZNF430  ZNF148  CCDC14  SLC4A7  NCKAP1  SDK2  NEDD4  LRP6  PALS1  REST  NRCAM  SEMA6A  SPG11  MET  ADGRG6  ECT2  TRAK2  DOCK7  EPHA7  RB1  BRINP3  NIPBL  CEP120  KIF5B  SLITRK6  MYO6  SYT1  RAPGEF2  CAMSAP2  MACF1  GOLGA4  FBXO38  CLASP2  B3GNT5  ITSN2  UFL1  UBA6  ATP2B4  ASPM  ROCK1  NUP133  MAPK6  HLTF  TOP2B  PCM1  SENP1  HSP90AA1  NCOA1  ATRX  JAK2  HIF1A  MIB1  NBN  SHOC2  EIF4G2  CAPRIN2  MAN2A1  KAT2B  PIKFYVE  ATF2  STXBP3  KIF14  MYB  PLS1  APAF1  CIT  THOC2  SYNE1  NES  KIDINS220  IL6ST  ARHGAP32  WDR36  ORC3  SCYL2  CDK5RAP2  TTLL7  KIF20B  SEC24B  BRCA2  PRKACB  SLC4A10  FANCD2  C9orf72  THRB  UHMK1  C21orf91  WDR19  CUL4B  TAOK1  RACGAP1  PTPN13  PBRM1  WASHC5  ARHGAP12  TSC1  COPS2  FRS2  RRM1  C2CD3  RBPJ  DHX36  TRAF6  NECTIN3  SUZ12  ZDHHC17  IL1RAP  XRCC2  NF1  SCN8A  CD2AP  SLC5A3  OPA1  ARHGEF28  TUG1  PRKDC  RAB3GAP1  CENPF  USP9X  KIF21A  IQGAP1  ITGA6  DICER1  STRN  STIL  MBNL1  DLC1  ATP7A  TOPORS  WNK1  SBF2  FKTN  CDK1"
0.000427424835656115,8,36,6.45248994312665,"GO:0031114 Regulation of microtubule depolymerization ","https://amigo.geneontology.org/amigo/term/GO:0031114"," CAMSAP2  CKAP2  TPX2  AURKB  CLASP1  KIF21A  TAOK1  CLASP2"
0.000429872498114281,130,2666,1.41586894851054,"GO:0050793 Regulation of developmental process ","https://amigo.geneontology.org/amigo/term/GO:0050793"," NEDD4  REST  PHIP  WWC2  BRWD3  USF3  SLITRK6  ENPP1  HIF1A  ATP2B4  TP53BP1  SYT1  SEMA6A  RAPGEF2  CAMSAP2  SHLD2  MACF1  GOLGA4  CLASP2  LEO1  TRAF6  ZNF675  ITSN2  UFL1  PIAS1  ZZZ3  OFD1  KITLG  RC3H2  WNK1  ASPM  ROCK1  MAPK6  ATP2B1  HLTF  PCM1  NCOA1  SUCO  MSH2  JAK2  MIB1  ATP11C  TJP1  SHOC2  EIF4G2  CAPRIN2  MAN2A1  PRLR  ECT2  CENPF  KIF14  MYB  PTBP3  GPAM  PLS1  PIK3CA  CNOT1  SYNE1  PRKAA1  AP3B1  IL6ST  CLOCK  ARHGAP32  WDR36  EPHA7  RC3H1  CDK5RAP2  SEC24B  RB1  LNPK  ABCA12  FANCD2  PIK3R1  TLCD3B  EPS8  TRIP12  C21orf91  GABPA  RACGAP1  MYSM1  BRINP3  PTPN13  PBRM1  NPY1R  NIPBL  FRS2  CDK12  RBPJ  CDK1  MTM1  MALT1  NR1D2  DHX36  ATAD5  SYCP2  IL1RAP  XRCC2  NF1  OPA1  IPO7  TUG1  PRKDC  ZBED6  E2F2  CLASP1  ROCK2  BRCA1  DNM1L  FBXO5  ATF2  TMEM131L  STRIP2  ITGAV  ARHGAP18  DLC1  SUZ12  SLC8A1  PRPF40A  DICER1  TRPS1  ANKRD26  KAT2B  DOCK7  ARID4A  NRCAM  NCOA2  RASA1  KAT6B  ARID2  BIRC2"
0.000440402060718911,58,960,1.75427070328756,"GO:0040007 Growth ","https://amigo.geneontology.org/amigo/term/GO:0040007"," WWC2  SYT1  CAPRIN2  MACF1  KAT7  GOLGA4  CLASP2  ENPP1  ITSN2  DDX3X  ZFX  RC3H2  ASPM  RASAL2  PALB2  ATRX  HIF1A  SPG11  NBN  EIF4G2  PRLR  ATF2  GPAM  PLS1  PIK3CA  ARHGAP32  WDR36  EPHA7  BRCA2  RB1  SLC4A10  NCAPG2  GPC3  GINS4  C9orf72  CHEK1  ARID5B  CCNB2  NPY1R  NIPBL  COPS2  RBPJ  CDK1  MTM1  RMI1  SLITRK6  ARID2  XRCC2  CD2AP  BRCA1  KIF14  USP9X  NCBP1  IQGAP1  TAF9B  WDR11  STIL  NRCAM"
0.000446739458655579,10,58,5.00624219725343,"GO:0009299 Mrna transcription ","https://amigo.geneontology.org/amigo/term/GO:0009299"," TAF2  NCOA1  HIPK3  NCBP1  TAF5  THRB  HLTF  ATF2  AP3B1  NCOA2"
0.000449738432122618,38,538,2.05088434995289,"GO:0051338 Regulation of transferase activity ","https://amigo.geneontology.org/amigo/term/GO:0051338"," MRE11  LRP6  HSP90AA1  RBL1  TPX2  CLSPN  NBN  RAPGEF2  FBXO5  PRLR  KAT2B  ECT2  RFC3  DSCC1  RB1  TRAF6  SOCS4  ZNF675  DDX3X  SPDYE18  PUM3  KIF14  CENPE  IQGAP1  CDK12  BLM  ARRDC3  JAK2  HIPK3  SLC8A1  NF1  CDC6  CCNT1  CDC25C  CDC25A  UBE2C  CCNE2  IPO7"
0.000477406199292065,193,4287,1.30720492549697,"GO:0048731 System development ","https://amigo.geneontology.org/amigo/term/GO:0048731"," GNB4  ZNF430  ZNF148  CCDC14  ITGA2B  SLC4A7  NCKAP1  SDK2  NEDD4  LRP6  PALS1  REST  NRCAM  SEMA6A  MSH2  SPG11  MET  MDM1  ADGRG6  MSH3  ECT2  TRAK2  DOCK7  EPHA7  ITGAV  RB1  GREB1L  BRINP3  NIPBL  CEP120  KIF5B  SLITRK6  MYO6  PRKDC  HIF1A  ATP2B4  TP53BP1  SYT1  RAPGEF2  CAMSAP2  SHLD2  MACF1  IL6ST  GOLGA4  FBXO38  CLASP2  B3GNT5  ITSN2  ZFX  AP2B1  UFL1  MATR3  RB1CC1  ARID4A  UBA6  KITLG  POLQ  RC3H2  WNK1  ASPM  ROCK1  NUP133  MAPK6  HLTF  TOP2B  PCM1  SENP1  HSP90AA1  NCOA1  ATRX  JAK2  MIB1  TJP1  NBN  SHOC2  EIF4G2  CAPRIN2  MAN2A1  PRLR  KAT2B  BBX  PIKFYVE  ATF2  MSH6  STXBP3  KIF14  MYB  CNTRL  HELLS  PLS1  APAF1  PIK3CA  CIT  THOC2  E2F8  SYNE1  NES  AP3B1  KIDINS220  CLOCK  ARHGAP32  WDR36  ORC3  RC3H1  SCYL2  BRIP1  MARCHF7  CDK5RAP2  TTLL7  KIF20B  ENPEP  SEC24B  BRCA2  PRKACB  SLC4A10  LNPK  ABCA12  FANCD2  GPC3  C9orf72  ARID5B  FREM2  THRB  UHMK1  DCLRE1C  C21orf91  CCNB2  WDR19  CUL4B  TAOK1  RACGAP1  USP1  PTPN13  PBRM1  NAA15  WASHC5  ATP7A  ARHGAP12  TSC1  E2F7  COPS2  FRS2  RRM1  C2CD3  RBPJ  CDK1  EXO1  DHX36  TRAF6  ATAD5  NECTIN3  SUZ12  NRIP1  ZDHHC17  ARID2  SYCP2  IL1RAP  XRCC2  NF1  SCN8A  CD2AP  SLC5A3  OPA1  ARHGEF28  TUG1  E2F2  BRCA1  NUP160  SMCHD1  TRPS1  NUP107  RAB23  RAB3GAP1  CENPF  USP9X  ROCK2  KIF21A  IQGAP1  RASA1  NPY1R  ITGA6  HECTD1  DICER1  STRN  WDR11  STIL  SETDB2  MBNL1  DLC1  SLC8A1  TOPORS  SBF2  FKTN"
0.000508711224581886,12,84,4.14802924915285,"GO:0010569 Regulation of double-strand break repair via homologous recombination ","https://amigo.geneontology.org/amigo/term/GO:0010569"," SHLD2  FANCB  PARPBP  POLQ  TP53BP1  RAD51AP1  FIGNL1  EPC2  CHEK1  SMCHD1  ARID2  NBN"
0.000508711224581886,24,274,2.54331720386014,"GO:0032984 Protein-containing complex disassembly ","https://amigo.geneontology.org/amigo/term/GO:0032984"," CAMSAP2  ATAD2B  NES  CKAP2  ADD3  PLEKHH2  ATAD2  KIF24  WNK1  TPX2  SUPT16H  KIF2C  AURKB  ARID2  PIK3R4  PIK3CA  EPS8  KIF5B  CLASP1  KIF21A  TAOK1  CLTC  CLASP2  CKAP5"
0.000518584096531272,5,12,12.0984186433625,"GO:0000022 Mitotic spindle elongation ","https://amigo.geneontology.org/amigo/term/GO:0000022"," KIF23  RACGAP1  PRC1  KIF4A  AURKB"
0.000518584096531272,5,12,12.0984186433625,"GO:0000727 Double-strand break repair via break-induced replication ","https://amigo.geneontology.org/amigo/term/GO:0000727"," MCM6  CDC45  CDC7  GINS2  GINS4"
0.000518584096531272,17,157,3.14404764744706,"GO:0007030 Golgi organization ","https://amigo.geneontology.org/amigo/term/GO:0007030"," HACE1  BLZF1  AKAP9  LYSMD3  CAMSAP2  SYNE1  HOOK1  USO1  CDK1  ARFGEF1  CLASP1  ARHGAP21  COG6  GCC2  CLASP2  TRAPPC11  SEC23IP"
0.000518584096531272,17,157,3.14404764744706,"GO:0033157 Regulation of intracellular protein transport ","https://amigo.geneontology.org/amigo/term/GO:0033157"," UHMK1  BARD1  PIK3R1  HSP90AA1  XPO1  JAK2  ECT2  CTDSPL2  KIF20B  CDK1  NF1  TPR  PCM1  RAB23  XPO4  GCC2  ICE1"
0.000518584096531272,5,12,12.0984186433625,"GO:0033314 Mitotic dna replication checkpoint signaling ","https://amigo.geneontology.org/amigo/term/GO:0033314"," ORC1  CLSPN  CDC6  TICRR  TOPBP1"
0.000518584096531272,5,12,12.0984186433625,"GO:0042276 Error-prone translesion synthesis ","https://amigo.geneontology.org/amigo/term/GO:0042276"," POLE2  POLQ  POLD3  POLI  USP1"
0.000534756971925196,35,483,2.1040728075413,"GO:0022411 Cellular component disassembly ","https://amigo.geneontology.org/amigo/term/GO:0022411"," DICER1  CAMSAP2  ATAD2B  TOP2A  NES  CKAP2  ADD3  PLEKHH2  ATAD2  NEMF  KIF24  UFL1  WNK1  TPX2  SUPT16H  PRKAA1  KIF2C  CDK1  ATR  AURKB  ARID2  PIK3R4  APAF1  PIK3CA  PIK3R1  EPS8  NEMP1  KIF5B  CLASP1  KIF21A  TAOK1  CLASP2  MTIF2  CLTC  CKAP5"
0.00054461880339503,9,48,5.44428838951311,"GO:1902116 Negative regulation of organelle assembly ","https://amigo.geneontology.org/amigo/term/GO:1902116"," CDK5RAP2  MTM1  KAT2B  MARCHF7  CCP110  MDM1  MPHOSPH9  KIF24  BRCA1"
0.000547304338896754,23,258,2.58849887253336,"GO:0015931 Nucleobase-containing compound transport ","https://amigo.geneontology.org/amigo/term/GO:0015931"," TPR  NUP133  THOC1  NUP188  SHOC2  NUP107  NUP155  NUP153  THOC2  NCBP1  NUP160  WNK1  BCLAF1  NDC1  XPO1  NUP50  LRPPRC  RANBP2  AHCTF1  NUP205  RANBP17  CKAP5  SMG1"
0.000564631684083055,20,207,2.80543041005506,"GO:1902806 Regulation of cell cycle g1/s phase transition ","https://amigo.geneontology.org/amigo/term/GO:1902806"," RBL1  RB1  MTBP  CCNE2  STIL  CENPJ  SASS6  E2F7  RRM1  RRM2  CUL4B  ATP2B4  KIF14  SLFN11  DDX3X  PRKDC  GTSE1  PBRM1  ARID2  CDC6"
0.000577257799696568,13,99,3.81283496639302,"GO:0006405 Rna export from nucleus ","https://amigo.geneontology.org/amigo/term/GO:0006405"," TPR  NUP133  THOC1  NUP188  NUP107  NUP155  NUP153  THOC2  NCBP1  NUP160  WNK1  XPO1  SMG1"
0.000577257799696568,13,99,3.81283496639302,"GO:1902117 Positive regulation of organelle assembly ","https://amigo.geneontology.org/amigo/term/GO:1902117"," CEP120  STIL  CNOT1  PLK4  CENPJ  SASS6  CCP110  PAN3  SPAG5  RAB3GAP1  CEP295  PDCD6IP  CEP135"
0.000577283281478484,7,28,7.25905118601748,"GO:0000076 Dna replication checkpoint signaling ","https://amigo.geneontology.org/amigo/term/GO:0000076"," ORC1  CLSPN  CDC6  TICRR  TOPBP1  DNA2  CDC45"
0.000606045968741738,62,1062,1.6951456630248,"GO:0060341 Regulation of cellular localization ","https://amigo.geneontology.org/amigo/term/GO:0060341"," C2CD5  GPC3  UHMK1  TPR  ATP2B4  WNK1  NEDD4  DNM1L  PIK3CA  NUP153  KAT7  BARD1  PIK3R1  KIF5B  LARP7  PIAS1  PPP1R12A  HSP90AA1  XPO1  JAK2  HIF1A  ECT2  PLS1  THOC2  PRKAA1  CLOCK  CTDSPL2  KIF20B  DNAJC13  SEC24B  KIF2C  ABCA12  C9orf72  GAPVD1  CEP120  CDK1  DHX36  TRAF6  CCNE2  NF1  CD2AP  SLC5A3  IPO7  ZBED6  UFL1  CENPQ  SPAG5  PCM1  EPB41L2  REST  KIAA0586  RAB23  XPO4  ROCK2  GCC2  BORA  CLTC  CENPJ  ICE1  CEP295  NMD3  CEP135"
0.000662004788902989,3,3,29.0362047440699,"GO:0010825 Positive regulation of centrosome duplication ","https://amigo.geneontology.org/amigo/term/GO:0010825"," CEP295  ROCK2  CEP120"
0.000662004788902989,3,3,29.0362047440699,"GO:0032875 Regulation of dna endoreduplication ","https://amigo.geneontology.org/amigo/term/GO:0032875"," E2F8  E2F7  FBXO5"
0.00066390716431163,96,1859,1.49944898086644,"GO:0022008 Neurogenesis ","https://amigo.geneontology.org/amigo/term/GO:0022008"," SLC4A7  NCKAP1  NEDD4  PALS1  REST  NRCAM  SEMA6A  SPG11  MET  ADGRG6  TRAK2  DOCK7  EPHA7  RB1  KIF5B  SLITRK6  MYO6  SYT1  RAPGEF2  CAMSAP2  MACF1  GOLGA4  FBXO38  CLASP2  ITSN2  UFL1  UBA6  ASPM  SDK2  NUP133  MAPK6  HLTF  TOP2B  PCM1  HSP90AA1  NCOA1  JAK2  HIF1A  MIB1  NBN  SHOC2  EIF4G2  CAPRIN2  MAN2A1  KAT2B  ECT2  MYB  PLS1  THOC2  SYNE1  KIDINS220  IL6ST  ARHGAP32  WDR36  ORC3  SCYL2  CDK5RAP2  KIF20B  SEC24B  SLC4A10  C9orf72  THRB  UHMK1  C21orf91  CUL4B  TAOK1  RACGAP1  BRINP3  PBRM1  NIPBL  WASHC5  COPS2  FRS2  RBPJ  CEP120  DHX36  SUZ12  ZDHHC17  XRCC2  NF1  CD2AP  ARHGEF28  TUG1  ROCK1  USP9X  KIF21A  IQGAP1  LRP6  ITGA6  DICER1  STRN  CIT  ATP7A  TOPORS  WNK1  CDK1"
0.000690046877813728,17,161,3.06593466241732,"GO:0035264 Multicellular organism growth ","https://amigo.geneontology.org/amigo/term/GO:0035264"," ZFX  RC3H2  RASAL2  PALB2  ATRX  GPAM  PLS1  PIK3CA  SLC4A10  ARID5B  NPY1R  NIPBL  RMI1  SLITRK6  XRCC2  WDR11  STIL"
0.000717827622633295,4,7,16.5921169966114,"GO:0008315 G2/mi transition of meiotic cell cycle ","https://amigo.geneontology.org/amigo/term/GO:0008315"," CDC25C  CDC25A  NDC80  CCNB2"
0.000717827622633295,7,29,7.00873907615481,"GO:0010971 Positive regulation of g2/m transition of mitotic cell cycle ","https://amigo.geneontology.org/amigo/term/GO:0010971"," CDC25C  CDC25A  RRM1  CDC7  FBXO5  DTL  CDK1"
0.000717827622633295,4,7,16.5921169966114,"GO:0046600 Negative regulation of centriole replication ","https://amigo.geneontology.org/amigo/term/GO:0046600"," CDK5RAP2  KAT2B  MDM1  BRCA1"
0.000717827622633295,4,7,16.5921169966114,"GO:0051096 Positive regulation of helicase activity ","https://amigo.geneontology.org/amigo/term/GO:0051096"," MSH2  MSH3  MSH6  POT1"
0.000717827622633295,4,7,16.5921169966114,"GO:1903722 Regulation of centriole elongation ","https://amigo.geneontology.org/amigo/term/GO:1903722"," CCP110  CEP120  CENPJ  CEP295"
0.000777743342670234,5,13,11.1677710554115,"GO:0090232 Positive regulation of spindle checkpoint ","https://amigo.geneontology.org/amigo/term/GO:0090232"," TPR  NDC80  GEN1  KNL1  AURKB"
0.00090356746305009,7,30,6.77511444028298,"GO:2001032 Regulation of double-strand break repair via nonhomologous end joining ","https://amigo.geneontology.org/amigo/term/GO:2001032"," MRE11  SHLD2  POT1  PRKDC  TOP2B  DEK  SMCHD1"
0.00103212719172171,131,2748,1.38418588845457,"GO:0031324 Negative regulation of cellular metabolic process ","https://amigo.geneontology.org/amigo/term/GO:0031324"," ATF2  ZNF148  PER3  RC3H2  DIS3  REST  CBX5  TDRD1  DICER1  ZC3H14  ZNF451  XRN1  FASTKD2  HELLS  CNOT1  RC3H1  SETDB2  NCBP1  NCOR1  THRB  PAN3  SMG1  MTM1  ATF7IP  PHC3  NR1D2  ZBTB33  NRIP1  ZBTB6  MIER1  DDX3X  DCP1A  LARP7  IBTK  BRCA1  DEPDC1  BCLAF1  ARID4A  FNIP2  ATP2B4  LRP6  DNAJC10  SENP1  BTAF1  SMCHD1  TRPS1  TCERG1  KAT2B  CENPF  KLF12  PTBP3  POT1  E2F8  EPRS1  RB1  CLTC  ARID5B  WWC2  PTPRK  BACH1  KAT6B  MORC3  REL  NIPBL  ZNF12  E2F7  RBPJ  DHX36  AURKB  SOCS4  ZNF438  ZNF136  ZNF675  ENPP1  ZNF224  PIAS1  RFC1  CCAR1  ROCK1  ATP2B1  KDM5A  RBL1  ATRX  HIF1A  RBBP8  CAPRIN2  ERBIN  NUP155  PIK3CA  TRIM24  HAT1  PRKAA1  CLOCK  IREB2  BRIP1  NCOA2  IQGAP1  C9orf72  CHEK1  GABPA  RAD21  COPS2  PBK  CDK1  SUZ12  FOCAD  NF1  CD2AP  PLIN5  PRKDC  ZBED6  TPR  WNK1  NEDD4  EIF4G2  FBXO5  MYB  ITGAV  NBAS  SUV39H2  TRIP12  PTPN13  TSC1  TRAF6  TAF9B  HIPK3  ROCK2  SLC8A1  MET  USP9X  IPO7"
0.00103877007017761,57,971,1.70449399630482,"GO:0043066 Negative regulation of apoptotic process ","https://amigo.geneontology.org/amigo/term/GO:0043066"," TAX1BP1  BIRC2  TAF9B  HIF1A  PRLR  PRKAA1  RASA1  PHIP  SON  CDK1  ARL6IP1  AURKB  OPA1  UFL1  RB1CC1  PIAS1  KITLG  ROCK1  PALB2  RRN3  MSH2  JAK2  KIF14  GPAM  HELLS  PIK3CA  SYNE1  FIGNL1  NES  RB1  PIK3R1  RAD21  OXR1  DDIAS  ATAD5  SYCP2  XRCC2  SLC39A10  CD2AP  BRCA1  MRE11  LRP6  ITGA6  TJP1  HIPK3  IL6ST  MARCHF7  BARD1  ITGAV  NAA15  HSP90B1  NAA16  DDX3X  PRKDC  STIL  TOPORS  MALT1"
0.00112691472430032,11,78,4.09484938698422,"GO:0006406 Mrna export from nucleus ","https://amigo.geneontology.org/amigo/term/GO:0006406"," TPR  NUP133  THOC1  NUP107  THOC2  NCBP1  NUP160  WNK1  XPO1  NUP155  SMG1"
0.00113530557377852,13,106,3.56104397804631,"GO:0043543 Protein acylation ","https://amigo.geneontology.org/amigo/term/GO:0043543"," KAT2B  CLOCK  KAT7  NAA15  NAA16  ZDHHC17  PRKAA1  DSCC1  TAOK1  CEP295  ESCO2  DDX3X  HAT1"
0.00114367969596959,16,152,3.05644260463894,"GO:0006997 Nucleus organization ","https://amigo.geneontology.org/amigo/term/GO:0006997"," NDC1  USPL1  NUP205  NUP155  SYNE1  CDK1  ATR  PSME4  RRN3  CHEK1  TPR  NUP133  NUP107  NUP153  AHCTF1  NEMP1"
0.00114367969596959,5,14,10.3700731228821,"GO:0007056 Spindle assembly involved in female meiosis ","https://amigo.geneontology.org/amigo/term/GO:0007056"," NDC80  FBXO5  CCNB2  SKA3  SKA1"
0.00114367969596959,5,14,10.3700731228821,"GO:0034086 Maintenance of sister chromatid cohesion ","https://amigo.geneontology.org/amigo/term/GO:0034086"," DSCC1  ATRX  RB1  NIPBL  BUB1"
0.00114367969596959,5,14,10.3700731228821,"GO:0034088 Maintenance of mitotic sister chromatid cohesion ","https://amigo.geneontology.org/amigo/term/GO:0034088"," DSCC1  ATRX  RB1  NIPBL  BUB1"
0.00114367969596959,5,14,10.3700731228821,"GO:0051255 Spindle midzone assembly ","https://amigo.geneontology.org/amigo/term/GO:0051255"," KIF23  RACGAP1  PRC1  KIF4A  AURKB"
0.00114406987970288,9,53,4.93067627729489,"GO:0042789 Mrna transcription by rna polymerase ii ","https://amigo.geneontology.org/amigo/term/GO:0042789"," TAF2  NCOA1  NCBP1  TAF5  THRB  HLTF  ATF2  AP3B1  NCOA2"
0.00116527579347266,6,22,7.91896493020089,"GO:0006268 Dna unwinding involved in dna replication ","https://amigo.geneontology.org/amigo/term/GO:0006268"," RECQL  MCM6  BLM  CDC45  GINS2  GINS4"
0.00116527579347266,45,713,1.8325795420521,"GO:0043085 Positive regulation of catalytic activity ","https://amigo.geneontology.org/amigo/term/GO:0043085"," MRE11  ZC3H15  HSP90AA1  TPX2  CLSPN  MSH2  NBN  RAPGEF2  MSH3  PRLR  ECT2  MSH6  DOCK7  APAF1  POT1  RFC3  DSCC1  DLC1  TSC1  TRAF6  NF1  ARHGAP11A  DDX3X  RAB3GAP1  RALGAPA1  SPDYE18  DCP1A  ROCK1  SENP1  REST  ITGA6  KIF14  CENPE  IQGAP1  RAPGEF6  ATP7A  MALT1  ARRDC3  DOCK9  JAK2  RALGAPB  SLC5A3  PLIN5  HIF1A  UBE2C"
0.00116527579347266,6,22,7.91896493020089,"GO:1901970 Positive regulation of mitotic sister chromatid separation ","https://amigo.geneontology.org/amigo/term/GO:1901970"," UBE2C  RB1  SKA1  SKA3  DLGAP5  AURKB"
0.00123170796861543,11,79,4.04301585044011,"GO:0002200 Somatic diversification of immune receptors ","https://amigo.geneontology.org/amigo/term/GO:0002200"," MSH2  MSH3  PRKDC  TP53BP1  SHLD2  POLQ  NBN  MSH6  DCLRE1C  EXO1  ATAD5"
0.00124428205687563,10,66,4.39942496122271,"GO:1902808 Positive regulation of cell cycle g1/s phase transition ","https://amigo.geneontology.org/amigo/term/GO:1902808"," MTBP  CCNE2  STIL  CENPJ  SASS6  RRM1  RRM2  CUL4B  DDX3X  CDC6"
0.00125690994748161,12,93,3.74660706375096,"GO:0034644 Cellular response to uv ","https://amigo.geneontology.org/amigo/term/GO:0034644"," POLD3  USP28  PTPRK  CUL4B  CDC25A  ERCC4  AURKB  PIK3R1  PBK  NEDD4  DHX36  ATR"
0.00127264077487835,25,311,2.33410005981269,"GO:0040029 Epigenetic regulation of gene expression ","https://amigo.geneontology.org/amigo/term/GO:0040029"," BRCA1  CBX5  ATAD2B  HELLS  SETDB2  ATAD2  ATF7IP  SMCHD1  ATF2  RB1  SUV39H2  TET2  ARID4A  KDM5A  ATRX  TDRD1  PIK3CA  HAT1  CHEK1  MSL2  SUZ12  TPR  KAT7  TRIP12  KAT2B"
0.00131448762669054,4,8,14.518102372035,"GO:0044806 G-quadruplex dna unwinding ","https://amigo.geneontology.org/amigo/term/GO:0044806"," BLM  BRIP1  DHX36  DNA2"
0.00131448762669054,4,8,14.518102372035,"GO:0097681 Double-strand break repair via alternative nonhomologous end joining ","https://amigo.geneontology.org/amigo/term/GO:0097681"," POLQ  NBN  TOPBP1  PRKDC"
0.00131448762669054,4,8,14.518102372035,"GO:1905832 Positive regulation of spindle assembly ","https://amigo.geneontology.org/amigo/term/GO:1905832"," SPAG5  STIL  CENPJ  SASS6"
0.00131792903506709,13,108,3.4950987191936,"GO:0032784 Regulation of dna-templated transcription elongation ","https://amigo.geneontology.org/amigo/term/GO:0032784"," CCNT1  LEO1  CDK12  LARP7  KAT7  INTS13  INTS2  MED23  NCBP1  INTS7  MED14  SUPT16H  TCERG1"
0.00139127100674219,19,205,2.69116043969428,"GO:0051495 Positive regulation of cytoskeleton organization ","https://amigo.geneontology.org/amigo/term/GO:0051495"," CLIP1  NES  CEP120  NCKAP1  STIL  PLK4  CENPJ  SKA1  SASS6  CKAP5  AURKB  ADD3  SPAG5  MET  AKAP9  ROCK2  CDK5RAP2  CEP295  CLASP1"
0.00141910011140433,58,1007,1.672393123293,"GO:0043069 Negative regulation of programmed cell death ","https://amigo.geneontology.org/amigo/term/GO:0043069"," TAX1BP1  BIRC2  TAF9B  HIF1A  PRLR  PRKAA1  RASA1  PHIP  SON  CDK1  ARL6IP1  AURKB  OPA1  UFL1  RB1CC1  PIAS1  KITLG  ROCK1  PALB2  RRN3  MSH2  JAK2  KIF14  GPAM  HELLS  PIK3CA  SYNE1  FIGNL1  NES  RB1  PIK3R1  RAD21  OXR1  DDIAS  ATAD5  SYCP2  XRCC2  SLC39A10  CD2AP  BRCA1  MRE11  LRP6  ITGA6  TJP1  MET  HIPK3  IL6ST  MARCHF7  BARD1  ITGAV  NAA15  HSP90B1  NAA16  DDX3X  PRKDC  STIL  TOPORS  MALT1"
0.00159766808825592,5,15,9.67873491468997,"GO:0051177 Meiotic sister chromatid cohesion ","https://amigo.geneontology.org/amigo/term/GO:0051177"," BUB1B  BUB1  SMC1A  SMC3  RAD21"
0.00159766808825592,5,15,9.67873491468997,"GO:2000105 Positive regulation of dna-templated dna replication ","https://amigo.geneontology.org/amigo/term/GO:2000105"," DBF4  ATRX  E2F8  E2F7  CDC7"
0.00161628350142499,7,33,6.1591949457118,"GO:0099022 Vesicle tethering ","https://amigo.geneontology.org/amigo/term/GO:0099022"," WDR11  EXOC6  EXOC6B  EXOC5  EXOC1  EXOC2  TRAPPC11"
0.00177095746160144,10,69,4.2081456150826,"GO:0016445 Somatic diversification of immunoglobulins ","https://amigo.geneontology.org/amigo/term/GO:0016445"," MSH2  MSH3  PRKDC  TP53BP1  SHLD2  POLQ  NBN  MSH6  EXO1  ATAD5"
0.00193657416177078,83,1604,1.50249687890137,"GO:0048699 Generation of neurons ","https://amigo.geneontology.org/amigo/term/GO:0048699"," SLC4A7  NCKAP1  NEDD4  PALS1  REST  NRCAM  SEMA6A  SPG11  MET  DOCK7  EPHA7  RB1  KIF5B  SLITRK6  MYO6  SYT1  RAPGEF2  CAMSAP2  MACF1  GOLGA4  FBXO38  CLASP2  ITSN2  UBA6  ASPM  SDK2  MAPK6  TOP2B  PCM1  HSP90AA1  NCOA1  JAK2  HIF1A  MIB1  NBN  SHOC2  EIF4G2  CAPRIN2  KAT2B  ECT2  PLS1  THOC2  SYNE1  KIDINS220  ARHGAP32  WDR36  SCYL2  CDK5RAP2  KIF20B  SEC24B  SLC4A10  C9orf72  THRB  UHMK1  C21orf91  CUL4B  TAOK1  RACGAP1  BRINP3  PBRM1  NIPBL  WASHC5  COPS2  FRS2  RBPJ  DHX36  ZDHHC17  NF1  CD2AP  ARHGEF28  TUG1  ROCK1  USP9X  KIF21A  IQGAP1  LRP6  ITGA6  DICER1  STRN  CIT  ATP7A  TOPORS  WNK1"
0.00195501254923224,7,34,5.97804215319086,"GO:0051642 Centrosome localization ","https://amigo.geneontology.org/amigo/term/GO:0051642"," INTS13  DLGAP5  AKAP9  CEP83  ASPM  RANBP2  KIF5B"
0.00195501254923224,7,34,5.97804215319086,"GO:0061842 Microtubule organizing center localization ","https://amigo.geneontology.org/amigo/term/GO:0061842"," INTS13  DLGAP5  AKAP9  CEP83  ASPM  RANBP2  KIF5B"
0.00196906441443226,14,128,3.17583489388265,"GO:0006368 Transcription elongation by rna polymerase ii ","https://amigo.geneontology.org/amigo/term/GO:0006368"," SUPT16H  PBRM1  LEO1  CDK12  LARP7  CCNT1  USP15  INTS13  INTS2  MED23  NCBP1  INTS7  MED14  TCERG1"
0.00196906441443226,10,70,4.14802924915284,"GO:0031122 Cytoplasmic microtubule organization ","https://amigo.geneontology.org/amigo/term/GO:0031122"," CAMSAP2  CLIP1  HOOK1  CENPJ  CEP120  SLK  CLASP1  PCM1  KIF21A  KATNAL1"
0.00196906441443226,10,70,4.14802924915284,"GO:0051445 Regulation of meiotic cell cycle ","https://amigo.geneontology.org/amigo/term/GO:0051445"," TRIP13  FBXO5  TTK  FBXO43  CDC25C  CDC25A  RAD51AP1  ASPM  KNL1  CDC27"
0.00196906441443226,10,70,4.14802924915284,"GO:0051653 Spindle localization ","https://amigo.geneontology.org/amigo/term/GO:0051653"," SPDL1  CLASP1  CDK5RAP2  NUSAP1  CLASP2  SPAG5  SKA3  ASPM  NDC80  SKA1"
0.00199396761803705,15,144,3.02460466084062,"GO:0006354 Dna-templated transcription elongation ","https://amigo.geneontology.org/amigo/term/GO:0006354"," SUPT16H  CCNT1  PBRM1  LEO1  CDK12  LARP7  USP15  KAT7  INTS13  INTS2  MED23  NCBP1  INTS7  MED14  TCERG1"
0.00219540918223641,5,16,9.07381398252185,"GO:0051782 Negative regulation of cell division ","https://amigo.geneontology.org/amigo/term/GO:0051782"," ASPM  E2F8  E2F7  BLM  AURKB"
0.00219782980880309,9,58,4.50561797752809,"GO:0048278 Vesicle docking ","https://amigo.geneontology.org/amigo/term/GO:0048278"," STXBP3  USO1  EXOC2  SYT1  CEP83  EXOC5  EXOC1  EXOC6  EXOC6B"
0.00226383476087851,3,4,21.7771535580524,"GO:0007057 Spindle assembly involved in female meiosis i ","https://amigo.geneontology.org/amigo/term/GO:0007057"," NDC80  FBXO5  CCNB2"
0.00226383476087851,3,4,21.7771535580524,"GO:0034089 Establishment of meiotic sister chromatid cohesion ","https://amigo.geneontology.org/amigo/term/GO:0034089"," SMC1A  SMC3  RAD21"
0.00226383476087851,3,4,21.7771535580524,"GO:0042023 Dna endoreduplication ","https://amigo.geneontology.org/amigo/term/GO:0042023"," E2F8  E2F7  FBXO5"
0.00260143514997862,13,116,3.25405742821473,"GO:0008630 Intrinsic apoptotic signaling pathway in response to dna damage ","https://amigo.geneontology.org/amigo/term/GO:0008630"," PRKDC  TAF9B  BRCA1  USP28  TOPORS  MSH2  MSH6  BRCA2  PIK3R1  DDIAS  ATAD5  MARCHF7  FNIP2"
0.00274617006787378,10,73,3.97756229370821,"GO:0002562 Somatic diversification of immune receptors via germline recombination within a single locus ","https://amigo.geneontology.org/amigo/term/GO:0002562"," MSH2  MSH3  PRKDC  TP53BP1  SHLD2  NBN  MSH6  DCLRE1C  EXO1  ATAD5"
0.00274617006787378,10,73,3.97756229370821,"GO:0016444 Somatic cell dna recombination ","https://amigo.geneontology.org/amigo/term/GO:0016444"," MSH2  MSH3  PRKDC  TP53BP1  SHLD2  NBN  MSH6  DCLRE1C  EXO1  ATAD5"
0.0028200489281824,9,60,4.35543071161049,"GO:0060612 Adipose tissue development ","https://amigo.geneontology.org/amigo/term/GO:0060612"," RASAL2  ARRDC3  ATF2  PIK3CA  PRKAA1  ARID5B  CD2AP  NCOA1  NCOA2"
0.00290894297330761,86,1699,1.46975491935845,"GO:0030030 Cell projection organization ","https://amigo.geneontology.org/amigo/term/GO:0030030"," OFD1  NCKAP1  NEDD4  PCM1  NRCAM  SEMA6A  CCP110  SPG11  DOCK7  SSX2IP  IFT81  EPHA7  RB1  EPS8  CENPJ  WDR19  C2CD3  KIF5B  CEP83  RTTN  SLITRK6  SYT1  RAPGEF2  CAMSAP2  USP9X  MACF1  MARCHF7  GOLGA4  FBXO38  CLASP2  ITSN2  UBA6  PKN2  ROCK1  MAPK6  EXOC5  TOP2B  HSP90AA1  JAK2  KIAA0586  SHOC2  EIF4G2  CAPRIN2  KAT2B  PLS1  THOC2  SYNE1  NES  KIDINS220  ARHGAP32  WDR36  CEP350  KIF20B  GLCE  SEC24B  PIK3R1  C9orf72  CEP78  UHMK1  C21orf91  AK9  TBC1D31  CUL4B  PBRM1  WASHC5  ATP7A  TSC1  CEP120  DHX36  KIF24  ZDHHC17  CD2AP  ARHGEF28  RAPGEF6  ANLN  MPHOSPH9  RAB23  KIF21A  IQGAP1  PLK4  CEP135  ITGA6  DICER1  STRN  WDR11  PIK3CA"
0.00292948087378001,6,26,6.7006626332469,"GO:0019985 Translesion synthesis ","https://amigo.geneontology.org/amigo/term/GO:0019985"," POLE2  POLI  POLQ  POLD3  DTL  USP1"
0.00292948087378001,6,26,6.7006626332469,"GO:2000042 Negative regulation of double-strand break repair via homologous recombination ","https://amigo.geneontology.org/amigo/term/GO:2000042"," FANCB  PARPBP  POLQ  TP53BP1  SHLD2  SMCHD1"
0.00293335845297986,5,17,8.54006021884409,"GO:0000712 Resolution of meiotic recombination intermediates ","https://amigo.geneontology.org/amigo/term/GO:0000712"," TOP2B  TOP2A  EME1  ERCC4  RMI1"
0.00304433031003142,81,1581,1.48762339295994,"GO:0009057 Macromolecule catabolic process ","https://amigo.geneontology.org/amigo/term/GO:0009057"," ANKIB1  CDC27  UFL1  RB1CC1  UBA6  MTREX  RC3H2  CCAR1  ATG2B  PSME4  NEDD4  DIS3  HACE1  HECTD1  DICER1  ZC3H14  UGGT2  CUL2  UBE4A  XRN1  FASTKD2  IDE  CNOT1  RC3H1  UGGT1  NCBP1  DTL  SPOPL  UBR3  FBXO38  PAN3  TRIP12  SMG1  NEMF  HSP90B1  UBE2C  TTC3  DCP1A  SENP1  XPO1  MIB1  BIRC2  DNA2  CUL4B  MALT1  DHX36  BCLAF1  PIAS1  ROCK1  HMMR  DNAJC10  LNPEP  EDEM3  APAF1  TRIM24  CLOCK  LRPPRC  GPC3  USP25  PBK  MTM1  SOCS4  NF1  CD2AP  HSP90AA1  USP28  KIF16B  KIF14  USP9X  MARCHF7  TMTC3  NBAS  RNF20  PDCD6IP  PIK3R4  DDI2  TOPORS  PJA2  ROCK2  BARD1  IREB2"
0.00316142895824299,9,61,4.28403020814146,"GO:0032786 Positive regulation of dna-templated transcription elongation ","https://amigo.geneontology.org/amigo/term/GO:0032786"," CCNT1  LEO1  CDK12  KAT7  MED23  NCBP1  MED14  SUPT16H  TCERG1"
0.0032193864891289,25,332,2.18646120060767,"GO:0009416 Response to light stimulus ","https://amigo.geneontology.org/amigo/term/GO:0009416"," PER3  POLD3  USP28  DTL  PTPRK  CUL4B  USP1  CDC25A  ERCC4  AURKB  PIAS1  MSH2  HIF1A  MSH6  SYNE1  PRKAA1  BRCA2  SLC4A10  PIK3R1  PBK  NF1  NEDD4  DHX36  ATR  CLOCK"
0.0032193864891289,25,332,2.18646120060767,"GO:0051056 Regulation of small gtpase mediated signal transduction ","https://amigo.geneontology.org/amigo/term/GO:0051056"," SHOC2  DENND4C  ARHGAP18  EPS8  DLC1  DENND4A  ARHGEF28  MET  KITLG  ARFGEF1  SSX2IP  ARHGAP29  RASA2  RACGAP1  RALGAPB  RALGAPA1  NF1  KIF14  ITGAV  ARHGAP12  CD2AP  ARHGAP21  ECT2  ARHGAP32  ARHGAP11A"
0.0032193864891289,25,332,2.18646120060767,"GO:0071375 Cellular response to peptide hormone stimulus ","https://amigo.geneontology.org/amigo/term/GO:0071375"," JAK2  ZNF106  PIK3R1  C2CD5  KAT2B  PIK3CA  ENPP1  OSBPL8  CDC6  SHOC2  PRKAA1  BRIP1  EPRS1  DENND4C  USO1  RB1  CCNA2  ROCK1  ATP2B1  PRKDC  ROCK2  NCOA1  IDE  NCOA2  PHIP"
0.00323394986636899,22,275,2.32289637952559,"GO:0032868 Response to insulin ","https://amigo.geneontology.org/amigo/term/GO:0032868"," ZNF106  PIK3R1  C2CD5  KAT2B  PIK3CA  TSC1  ENPP1  OSBPL8  STXBP3  PRKAA1  EPRS1  DENND4C  USO1  RB1  EPM2AIP1  CD2AP  ATP2B1  PRKDC  NCOA1  IDE  NCOA2  PHIP"
0.00331653827380429,54,952,1.64701161363422,"GO:0032880 Regulation of protein localization ","https://amigo.geneontology.org/amigo/term/GO:0032880"," C2CD5  GPC3  UHMK1  ATP2B4  DNM1L  PIK3CA  KAT7  BARD1  PIK3R1  KIF5B  LARP7  PIAS1  HSP90AA1  XPO1  JAK2  HIF1A  ECT2  PLS1  PRKAA1  CLOCK  CTDSPL2  KIF20B  KIF2C  ABCA12  C9orf72  GAPVD1  CEP120  CDK1  TRAF6  CCNE2  NF1  CD2AP  SLC5A3  IPO7  ZBED6  UFL1  CENPQ  TPR  PCM1  EPB41L2  REST  KIAA0586  RAB23  XPO4  ROCK2  GCC2  BORA  CLTC  CENPJ  ICE1  CEP295  NMD3  CEP135  WNK1"
0.00332873932807567,10,75,3.87149396587599,"GO:0031113 Regulation of microtubule polymerization ","https://amigo.geneontology.org/amigo/term/GO:0031113"," CLIP1  CAMSAP2  SKA1  CLASP2  CKAP5  MET  AKAP9  CDK5RAP2  KIF21A  CLASP1"
0.00332873932807567,10,75,3.87149396587599,"GO:1901880 Negative regulation of protein depolymerization ","https://amigo.geneontology.org/amigo/term/GO:1901880"," CAMSAP2  CKAP2  ADD3  PLEKHH2  TPX2  PIK3CA  EPS8  CLASP1  TAOK1  CLASP2"
0.00336783031135639,8,49,4.74060485617468,"GO:0031112 Positive regulation of microtubule polymerization or depolymerization ","https://amigo.geneontology.org/amigo/term/GO:0031112"," CLIP1  SKA1  CKAP5  AURKB  MET  AKAP9  CDK5RAP2  CLASP1"
0.00336788927831943,4,10,11.614481897628,"GO:0035520 Monoubiquitinated protein deubiquitination ","https://amigo.geneontology.org/amigo/term/GO:0035520"," USP9X  USP15  USP16  USP1"
0.00336788927831943,4,10,11.614481897628,"GO:0045835 Negative regulation of meiotic nuclear division ","https://amigo.geneontology.org/amigo/term/GO:0045835"," TRIP13  FBXO5  FBXO43  KNL1"
0.00336788927831943,4,10,11.614481897628,"GO:0062033 Positive regulation of mitotic sister chromatid segregation ","https://amigo.geneontology.org/amigo/term/GO:0062033"," CDK1  AURKB  SKA1  SKA3"
0.00348242249588978,9,62,4.21493294671983,"GO:0016073 Snrna metabolic process ","https://amigo.geneontology.org/amigo/term/GO:0016073"," INTS2  ICE2  INTS7  POLR3B  LARP7  USPL1  ICE1  MTREX  INTS13"
0.00348242249588978,14,136,2.98902107659543,"GO:0032204 Regulation of telomere maintenance ","https://amigo.geneontology.org/amigo/term/GO:0032204"," POT1  XRN1  ERCC4  ATRX  MRE11  NBN  NEK2  NEK7  SMG1  DHX36  AURKB  ATR  SMC6  HSP90AA1"
0.00371066462273675,59,1072,1.59807470139937,"GO:0044093 Positive regulation of molecular function ","https://amigo.geneontology.org/amigo/term/GO:0044093"," TP53BP1  MRE11  ZC3H15  LRP6  HSP90AA1  ERC1  TPX2  CLSPN  MSH2  NBN  MET  RAPGEF2  MSH3  PRLR  ECT2  MSH6  DOCK7  IDE  APAF1  POT1  RFC3  DSCC1  RB1  ARID5B  DLC1  TSC1  TRAF6  NF1  ARHGAP11A  DDX3X  RAB3GAP1  RALGAPA1  SPDYE18  DCP1A  ROCK1  SENP1  REST  ITGA6  HIF1A  ATF2  KIF14  USP9X  AKAP9  NCBP1  CENPE  IQGAP1  RAPGEF6  ATP7A  NMD3  MALT1  ARRDC3  DNAJC10  DOCK9  JAK2  CLOCK  RALGAPB  SLC5A3  PLIN5  UBE2C"
0.00378009548406075,5,18,8.06561242890831,"GO:0045842 Positive regulation of mitotic metaphase/anaphase transition ","https://amigo.geneontology.org/amigo/term/GO:0045842"," UBE2C  RB1  SKA1  SKA3  DLGAP5"
0.00378009548406075,5,18,8.06561242890831,"GO:0051447 Negative regulation of meiotic cell cycle ","https://amigo.geneontology.org/amigo/term/GO:0051447"," TRIP13  FBXO5  TTK  FBXO43  KNL1"
0.00380871665002519,105,2185,1.39533249342212,"GO:0008283 Cell population proliferation ","https://amigo.geneontology.org/amigo/term/GO:0008283"," KITLG  PRLR  HELLS  TSC1  CEP120  HIF1A  RB1CC1  PDS5B  JAK2  RAPGEF2  KAT2B  ATF2  KIF14  IL6ST  KAT7  ITGAV  ENPEP  BRCA2  CDCA7  PTPRK  MORC3  DLC1  MELK  ARID2  UFL1  MRE11  PIAS1  RC3H2  MCM10  ASPM  PCM1  NDC80  PALB2  RRN3  EPS15  CDC6  NBN  SHOC2  NR5A2  MYB  GPAM  PIK3CA  TRIM24  E2F8  SYNE1  PRKAA1  FIGNL1  ORC3  RC3H1  BRIP1  MARCHF7  KIF20B  GLCE  RB1  CCNA2  NCAPG2  GPC3  GINS4  CHEK1  DSN1  PAXBP1  RACGAP1  ATP7A  E2F7  COPS2  FRS2  C18orf54  RRM1  RBPJ  CDK1  SHCBP1  MTBP  MALT1  TRAF6  ATAD5  SUZ12  NF1  SLC39A10  TOPORS  CD2AP  USP28  CCAR1  REST  CDC7  TJP1  FKTN  FBXO5  STRN  DOCK7  TMEM131L  NES  USPL1  PIK3R1  WWC2  PBRM1  PRC1  PRKDC  DICER1  PHIP  BIRC2  TTK  UTP20  MKI67  CDC25C  CDC25A"
0.00383543997148609,31,457,1.96963314456492,"GO:0043434 Response to peptide hormone ","https://amigo.geneontology.org/amigo/term/GO:0043434"," JAK2  ZNF106  PIK3R1  C2CD5  KAT2B  PIK3CA  TSC1  ENPP1  ROCK1  LRP6  OSBPL8  CDC6  SHOC2  STXBP3  TRIM24  PRKAA1  BRIP1  EPRS1  DENND4C  USO1  RB1  CCNA2  EPM2AIP1  CD2AP  ATP2B1  PRKDC  ROCK2  NCOA1  IDE  NCOA2  PHIP"
0.0039962588050434,14,138,2.94570193055782,"GO:0043244 Regulation of protein-containing complex disassembly ","https://amigo.geneontology.org/amigo/term/GO:0043244"," CAMSAP2  NES  CKAP2  ADD3  PLEKHH2  WNK1  TPX2  AURKB  PIK3CA  EPS8  CLASP1  KIF21A  TAOK1  CLASP2"
0.00409473475495025,139,3054,1.32155614257555,"GO:0048468 Cell development ","https://amigo.geneontology.org/amigo/term/GO:0048468"," SLC4A7  NCKAP1  NEDD4  NRCAM  SEMA6A  TDRD1  JAK2  TJP1  SPG11  ADGRG6  DOCK7  EPHA7  RB1  TET2  KIF5B  SLITRK6  HIF1A  KITLG  SYT1  MET  RAPGEF2  CAMSAP2  MACF1  IL6ST  KAT7  GOLGA4  FBXO38  CLASP2  LEO1  TRAF6  ZNF675  ITSN2  ZFX  ANLN  UFL1  ARID4A  UBA6  RC3H2  ASPM  ROCK1  PSME4  MAPK6  TRIP13  HLTF  PALS1  TOP2B  PCM1  REST  ATRX  WDR7  MSH2  SMCHD1  ATP11C  SHOC2  EIF4G2  CAPRIN2  FBXO5  MAN2A1  KAT2B  ATF2  KIF14  MYB  PTBP3  CNTRL  PLS1  PIK3CA  IFT81  THOC2  SYNE1  TOP2A  AP3B1  KIDINS220  HOOK1  CLOCK  ARHGAP32  WDR36  RC3H1  SCYL2  IREB2  BRIP1  KIF20B  SEC24B  BRCA2  FRMD6  SLC4A10  ABCA12  FANCD2  PIK3R1  NCAPG2  GPC3  C9orf72  ARID5B  THRB  UHMK1  DCLRE1C  C21orf91  GABPA  CUL4B  TAOK1  PBRM1  WASHC5  TSC1  FRS2  MARF1  NEMP1  RBPJ  CDK1  ESCO2  MALT1  DHX36  ZDHHC17  SYCP2  XRCC2  NF1  CD2AP  OPA1  ARHGEF28  TUG1  PRKDC  ROCK2  TMEM131L  USP9X  KIF21A  IQGAP1  RACGAP1  MYSM1  ITGA6  DICER1  STRN  ATP7A  MELK  SLC8A1  TOPORS  WNK1  KNL1  KAT6B  ZNF160  ARID2  SNRK"
0.0043360608478048,13,123,3.06886716807243,"GO:0006892 Post-golgi vesicle-mediated transport ","https://amigo.geneontology.org/amigo/term/GO:0006892"," EXOC5  EXOC1  EXOC2  BLZF1  EXOC6  EXOC6B  AP1G1  MACF1  GOLGA4  DOP1A  EPS15  MON2  KIF16B"
0.00434712904630419,9,64,4.08321629213483,"GO:0016447 Somatic recombination of immunoglobulin gene segments ","https://amigo.geneontology.org/amigo/term/GO:0016447"," MSH2  MSH3  PRKDC  TP53BP1  SHLD2  NBN  MSH6  EXO1  ATAD5"
0.00443616929119006,10,78,3.72259035180383,"GO:0045143 Homologous chromosome segregation ","https://amigo.geneontology.org/amigo/term/GO:0045143"," FANCD2  CENPC  MND1  MRE11  NDC1  TRIP13  BRIP1  CCNE2  KNL1  SYCP2"
0.00461665160233759,34,525,1.88043992628262,"GO:1903829 Positive regulation of protein localization ","https://amigo.geneontology.org/amigo/term/GO:1903829"," C2CD5  ATP2B4  DNM1L  PIK3CA  KAT7  PIK3R1  KIF5B  LARP7  PIAS1  HSP90AA1  JAK2  HIF1A  ECT2  PLS1  PRKAA1  CTDSPL2  KIF20B  ABCA12  CDK1  CD2AP  SLC5A3  IPO7  CENPQ  TPR  PCM1  EPB41L2  XPO4  ROCK2  CENPJ  ICE1  CEP295  CEP120  NMD3  CEP135"
0.00465330154855137,16,174,2.66999583853516,"GO:1902904 Negative regulation of supramolecular fiber organization ","https://amigo.geneontology.org/amigo/term/GO:1902904"," CAMSAP2  CKAP2  SSH2  ADD3  PLEKHH2  TPX2  MET  DLC1  CLASP1  TJP1  PIK3CA  PIK3R1  EPS8  CLASP2  ARFGEF1  TAOK1"
0.00483773810174063,5,19,7.64110651159734,"GO:0045945 Positive regulation of transcription by rna polymerase iii ","https://amigo.geneontology.org/amigo/term/GO:0045945"," ICE2  BAZ1B  SF3B1  DEK  ICE1"
0.00483773810174063,9,65,4.02039757994814,"GO:0051293 Establishment of spindle localization ","https://amigo.geneontology.org/amigo/term/GO:0051293"," SPDL1  CLASP1  CDK5RAP2  NUSAP1  CLASP2  SPAG5  SKA3  NDC80  SKA1"
0.00483773810174063,5,19,7.64110651159734,"GO:1901978 Positive regulation of cell cycle checkpoint ","https://amigo.geneontology.org/amigo/term/GO:1901978"," TPR  NDC80  GEN1  KNL1  AURKB"
0.00483773810174063,5,19,7.64110651159734,"GO:1902101 Positive regulation of metaphase/anaphase transition of cell cycle ","https://amigo.geneontology.org/amigo/term/GO:1902101"," UBE2C  RB1  SKA1  SKA3  DLGAP5"
0.00492598045013646,4,11,10.5586199069345,"GO:0051095 Regulation of helicase activity ","https://amigo.geneontology.org/amigo/term/GO:0051095"," MSH2  MSH3  MSH6  POT1"
0.00499020909818801,3,5,17.4217228464419,"GO:0022027 Interkinetic nuclear migration ","https://amigo.geneontology.org/amigo/term/GO:0022027"," CEP120  PCM1  DOCK7"
0.00499020909818801,3,5,17.4217228464419,"GO:1903724 Positive regulation of centriole elongation ","https://amigo.geneontology.org/amigo/term/GO:1903724"," CEP120  CENPJ  CEP295"
0.00508507752023787,6,29,6.00749063670412,"GO:0010165 Response to x-ray ","https://amigo.geneontology.org/amigo/term/GO:0010165"," BLM  TP53BP1  MSH2  BRCA2  XRCC2  NIPBL"
0.00509574923639942,45,768,1.70134012172285,"GO:0051668 Localization within membrane ","https://amigo.geneontology.org/amigo/term/GO:0051668"," EXOC5  PALS1  EXOC1  C2CD5  EXOC2  NUP155  BLZF1  EXOC6  EXOC6B  GPC3  ARL6IP1  SRP72  DENND1B  EPS15  ATP2B4  WNK1  HSP90AA1  PIK3CA  MACF1  ABCA12  GOLGA4  MMGT1  KIF5B  SPG11  PIKFYVE  PLS1  AP3B1  DENND4C  KIF2C  PIK3R1  WDR19  TRAF6  NECTIN3  SLC5A3  ROCK1  ROCK2  NDC1  RAPGEF2  RAB3GAP1  CLTC  ANKRD50  RAPGEF6  CLASP2  CHM  LRP6"
0.00514549702861386,14,142,2.86272441138717,"GO:0032388 Positive regulation of intracellular transport ","https://amigo.geneontology.org/amigo/term/GO:0032388"," NEDD4  PIK3R1  HSP90AA1  JAK2  ECT2  CTDSPL2  KIF20B  ABCA12  CDK1  TPR  SPAG5  PCM1  XPO4  ICE1"
0.00514549702861386,31,466,1.93159301945529,"GO:0043549 Regulation of kinase activity ","https://amigo.geneontology.org/amigo/term/GO:0043549"," MRE11  LRP6  HSP90AA1  RBL1  TPX2  CLSPN  NBN  RAPGEF2  PRLR  ECT2  RB1  TRAF6  SOCS4  ZNF675  DDX3X  SPDYE18  KIF14  CENPE  IQGAP1  CDK12  BLM  JAK2  HIPK3  SLC8A1  NF1  CDC6  CCNT1  CDC25C  CDC25A  CCNE2  IPO7"
0.00514549702861386,16,176,2.63965497673363,"GO:0061351 Neural precursor cell proliferation ","https://amigo.geneontology.org/amigo/term/GO:0061351"," CEP120  ASPM  PCM1  HIF1A  NBN  SHOC2  KIF14  ORC3  RACGAP1  MELK  FRS2  RRM1  SHCBP1  NF1  DOCK7  NES"
0.00514549702861386,22,286,2.2335542110823,"GO:0110053 Regulation of actin filament organization ","https://amigo.geneontology.org/amigo/term/GO:0110053"," SSH2  ARHGAP18  ADD3  PLEKHH2  WASHC5  NCKAP1  MET  RASA1  DLC1  TSC1  TJP1  PIK3CA  PIK3R1  C9orf72  EPS8  ARFGEF1  CLASP1  ALMS1  ROCK2  CLASP2  WASHC4  ROCK1"
0.00527618665676514,18,212,2.46533813864745,"GO:0032869 Cellular response to insulin stimulus ","https://amigo.geneontology.org/amigo/term/GO:0032869"," ZNF106  PIK3R1  C2CD5  KAT2B  PIK3CA  ENPP1  OSBPL8  PRKAA1  EPRS1  DENND4C  USO1  RB1  ATP2B1  PRKDC  NCOA1  IDE  NCOA2  PHIP"
0.00527618665676514,9,66,3.95948246510044,"GO:0046824 Positive regulation of nucleocytoplasmic transport ","https://amigo.geneontology.org/amigo/term/GO:0046824"," NEDD4  PIK3R1  HSP90AA1  JAK2  ECT2  CTDSPL2  CDK1  TPR  XPO4"
0.00543527268122,8,53,4.38282335759546,"GO:0032506 Cytokinetic process ","https://amigo.geneontology.org/amigo/term/GO:0032506"," ANLN  IQGAP1  AURKB  ECT2  KIF20B  CEP55  RACGAP1  PDCD6IP"
0.00571895002380154,7,41,4.95740080996316,"GO:2000780 Negative regulation of double-strand break repair ","https://amigo.geneontology.org/amigo/term/GO:2000780"," FANCB  PARPBP  MRE11  POLQ  TP53BP1  SHLD2  SMCHD1"
0.0058496289043963,11,96,3.32706512692468,"GO:0034243 Regulation of transcription elongation by rna polymerase ii ","https://amigo.geneontology.org/amigo/term/GO:0034243"," LEO1  CDK12  LARP7  CCNT1  INTS13  INTS2  MED23  NCBP1  INTS7  MED14  TCERG1"
0.00600997935199387,6,30,5.80724094881398,"GO:0007026 Negative regulation of microtubule depolymerization ","https://amigo.geneontology.org/amigo/term/GO:0007026"," CAMSAP2  CKAP2  TPX2  CLASP1  TAOK1  CLASP2"
0.00600997935199387,6,30,5.80724094881398,"GO:0051497 Negative regulation of stress fiber assembly ","https://amigo.geneontology.org/amigo/term/GO:0051497"," MET  DLC1  TJP1  PIK3R1  CLASP1  CLASP2"
0.00602156584603651,5,20,7.25905118601748,"GO:0046931 Pore complex assembly ","https://amigo.geneontology.org/amigo/term/GO:0046931"," NDC1  NUP107  NUP153  AHCTF1  NUP205"
0.00602156584603651,5,20,7.25905118601748,"GO:2001224 Positive regulation of neuron migration ","https://amigo.geneontology.org/amigo/term/GO:2001224"," SEMA6A  ARHGAP32  KIF20B  NIPBL  RAPGEF2"
0.00627204058334151,203,4782,1.23261178650067,"GO:0030154 Cell differentiation ","https://amigo.geneontology.org/amigo/term/GO:0030154"," UFL1  DNAJC13  CLTC  IARS1  SLC4A7  NCKAP1  NEDD4  PALS1  RBL1  REST  NRCAM  SEMA6A  TDRD1  JAK2  TJP1  SPG11  MET  ADGRG6  TRAK2  DOCK7  EPHA7  RB1  THRB  TET2  FSTL5  KIF5B  MGA  NR1D2  USF3  CEP63  SLITRK6  MYO6  ENPP1  DDX3X  HIF1A  KITLG  SYT1  LRP6  OSBPL8  RAPGEF2  CAND1  CAMSAP2  MACF1  SYNE1  IL6ST  KAT7  GOLGA4  FBXO38  CLASP2  LEO1  TRAF6  ZNF675  ITSN2  ZFX  ANLN  ARID4A  UBA6  PIAS1  RC3H2  ASPM  ROCK1  PSME4  SDK2  NUP133  MAPK6  TRIP13  HLTF  TOP2B  PCM1  HSP90AA1  NCOA1  ATRX  WDR7  SUCO  MSH2  SMCHD1  MIB1  ATP11C  NBN  SHOC2  EIF4G2  CAPRIN2  FBXO5  MAN2A1  PRLR  KAT2B  ECT2  ATF2  NR5A2  CENPF  KIF14  MYB  PTBP3  CNTRL  PLS1  APAF1  PIK3CA  CIT  IFT81  CNOT1  THOC2  E2F8  TOP2A  FIGNL1  AP3B1  KIDINS220  HOOK1  CLOCK  ARHGAP32  WDR36  ORC3  RC3H1  SCYL2  IREB2  BRIP1  CDK5RAP2  TTLL7  KIF20B  ITGAV  SEC24B  BRCA2  FRMD6  SSH2  PLK4  SLC4A10  LNPK  ABCA12  FANCD2  PIK3R1  NCAPG2  GPC3  C9orf72  TLCD3B  ARID5B  UHMK1  SUV39H2  DCLRE1C  C21orf91  GABPA  CUL4B  TAOK1  RACGAP1  BRINP3  PBRM1  NAA15  NIPBL  WASHC5  TSC1  E2F7  COPS2  FRS2  MARF1  NEMP1  CDK12  RBPJ  CEP120  CDK1  FOXN2  ESCO2  MALT1  NOC3L  LARP7  DHX36  SUZ12  MYBL1  ZDHHC17  SYCP2  XRCC2  NF1  SLC39A10  CD2AP  OPA1  IPO7  ARHGEF28  TUG1  PRKDC  ZBED6  ITGA6  ROCK2  CLASP1  TMEM131L  USP9X  KIF21A  IQGAP1  MYSM1  AP1G1  DICER1  TRPS1  ANKRD26  STRN  RASA1  MBNL1  ATP7A  MELK  SLC8A1  TOPORS  WNK1  KNL1  KAT6B  ZNF160  ARID2  BIRC2  SNRK"
0.0063288275469423,203,4783,1.23235407966678,"GO:0048869 Cellular developmental process ","https://amigo.geneontology.org/amigo/term/GO:0048869"," UFL1  DNAJC13  CLTC  IARS1  SLC4A7  NCKAP1  NEDD4  PALS1  RBL1  REST  NRCAM  SEMA6A  TDRD1  JAK2  TJP1  SPG11  MET  ADGRG6  TRAK2  DOCK7  EPHA7  RB1  THRB  TET2  FSTL5  KIF5B  MGA  NR1D2  USF3  CEP63  SLITRK6  MYO6  ENPP1  DDX3X  HIF1A  KITLG  SYT1  LRP6  OSBPL8  RAPGEF2  CAND1  CAMSAP2  MACF1  SYNE1  IL6ST  KAT7  GOLGA4  FBXO38  CLASP2  LEO1  TRAF6  ZNF675  ITSN2  ZFX  ANLN  ARID4A  UBA6  PIAS1  RC3H2  ASPM  ROCK1  PSME4  SDK2  NUP133  MAPK6  TRIP13  HLTF  TOP2B  PCM1  HSP90AA1  NCOA1  ATRX  WDR7  SUCO  MSH2  SMCHD1  MIB1  ATP11C  NBN  SHOC2  EIF4G2  CAPRIN2  FBXO5  MAN2A1  PRLR  KAT2B  ECT2  ATF2  NR5A2  CENPF  KIF14  MYB  PTBP3  CNTRL  PLS1  APAF1  PIK3CA  CIT  IFT81  CNOT1  THOC2  E2F8  TOP2A  FIGNL1  AP3B1  KIDINS220  HOOK1  CLOCK  ARHGAP32  WDR36  ORC3  RC3H1  SCYL2  IREB2  BRIP1  CDK5RAP2  TTLL7  KIF20B  ITGAV  SEC24B  BRCA2  FRMD6  SSH2  PLK4  SLC4A10  LNPK  ABCA12  FANCD2  PIK3R1  NCAPG2  GPC3  C9orf72  TLCD3B  ARID5B  UHMK1  SUV39H2  DCLRE1C  C21orf91  GABPA  CUL4B  TAOK1  RACGAP1  BRINP3  PBRM1  NAA15  NIPBL  WASHC5  TSC1  E2F7  COPS2  FRS2  MARF1  NEMP1  CDK12  RBPJ  CEP120  CDK1  FOXN2  ESCO2  MALT1  NOC3L  LARP7  DHX36  SUZ12  MYBL1  ZDHHC17  SYCP2  XRCC2  NF1  SLC39A10  CD2AP  OPA1  IPO7  ARHGEF28  TUG1  PRKDC  ZBED6  ITGA6  ROCK2  CLASP1  TMEM131L  USP9X  KIF21A  IQGAP1  MYSM1  AP1G1  DICER1  TRPS1  ANKRD26  STRN  RASA1  MBNL1  ATP7A  MELK  SLC8A1  TOPORS  WNK1  KNL1  KAT6B  ZNF160  ARID2  BIRC2  SNRK"
0.00646474670676583,9,68,3.84302709847984,"GO:0006903 Vesicle targeting ","https://amigo.geneontology.org/amigo/term/GO:0006903"," WDR11  EXOC6  EXOC6B  CLASP1  CLASP2  EXOC5  EXOC1  EXOC2  TRAPPC11"
0.00655320717225919,50,892,1.62758995202186,"GO:0007276 Gamete generation ","https://amigo.geneontology.org/amigo/term/GO:0007276"," TDRD1  SYCP2  DDX3X  ZFX  ARID4A  PIAS1  ATP2B4  NDC1  ASPM  PSME4  TRIP13  NDC80  ATRX  MSH2  SMCHD1  KATNAL1  FBXO5  TTK  MSH6  CNTRL  MASTL  NCAPH  PIK3CA  IFT81  MCM8  SYNE1  TOP2A  FIGNL1  AP3B1  HOOK1  CLOCK  BRIP1  BRCA2  RB1  SSH2  FANCD2  CCNB2  CDC25C  RACGAP1  ZNF148  WASHC5  SKA3  MARF1  LARP7  DHX36  NRIP1  MYBL1  SKA1  KNL1  USP9X"
0.00655320717225919,15,163,2.67204338135613,"GO:0021915 Neural tube development ","https://amigo.geneontology.org/amigo/term/GO:0021915"," NUP133  HIF1A  MIB1  APAF1  KIF20B  SEC24B  PRKACB  WDR19  TSC1  C2CD3  TRAF6  NF1  OPA1  STIL  DLC1"
0.00655320717225919,50,892,1.62758995202186,"GO:0042325 Regulation of phosphorylation ","https://amigo.geneontology.org/amigo/term/GO:0042325"," IBTK  MRE11  FNIP2  LRP6  DNAJC10  HSP90AA1  RBL1  TPX2  CLSPN  NBN  RAPGEF2  PRLR  ECT2  EPHA7  RB1  TRAF6  SOCS4  ZNF675  ENPP1  DDX3X  KITLG  PIK3CA  PRKAA1  C9orf72  PBK  SPDYE18  PRKDC  ITGA6  DOCK7  KIF14  AKAP9  ROCK2  IL6ST  BARD1  CENPE  IQGAP1  PTPN13  CDK12  BLM  JAK2  HIPK3  PHIP  SLC8A1  NF1  CDC6  CCNT1  CDC25C  CDC25A  CCNE2  IPO7"
0.00658795614422803,35,559,1.81800924157862,"GO:0006397 Mrna processing ","https://amigo.geneontology.org/amigo/term/GO:0006397"," CDC5L  SF3B1  NCBP1  SLTM  SCAF11  DDX46  CWF19L2  SON  CWC22  CPSF2  PRPF40A  AQR  MTREX  PNN  PPWD1  TCERG1  NSRP1  VIRMA  BCLAF1  THOC1  REST  DHX15  TTF2  PTBP3  THOC2  PUS7L  MBNL2  PAN3  MBNL1  PAXBP1  CDK12  LARP7  LEO1  DHX36  BARD1"
0.00673253375925146,4,12,9.67873491468997,"GO:0031055 Chromatin remodeling at centromere ","https://amigo.geneontology.org/amigo/term/GO:0031055"," CENPI  OIP5  HJURP  CENPN"
0.00673253375925146,4,12,9.67873491468997,"GO:0034080 Cenp-a containing chromatin assembly ","https://amigo.geneontology.org/amigo/term/GO:0034080"," CENPI  OIP5  HJURP  CENPN"
0.00673253375925146,4,12,9.67873491468997,"GO:0090267 Positive regulation of mitotic cell cycle spindle assembly checkpoint ","https://amigo.geneontology.org/amigo/term/GO:0090267"," TPR  NDC80  GEN1  AURKB"
0.00673253375925146,11,98,3.25916583862009,"GO:0090316 Positive regulation of intracellular protein transport ","https://amigo.geneontology.org/amigo/term/GO:0090316"," PIK3R1  HSP90AA1  JAK2  ECT2  CTDSPL2  KIF20B  CDK1  TPR  PCM1  XPO4  ICE1"
0.00673253375925146,11,98,3.25916583862009,"GO:1900182 Positive regulation of protein localization to nucleus ","https://amigo.geneontology.org/amigo/term/GO:1900182"," KAT7  PIK3R1  LARP7  HSP90AA1  JAK2  ECT2  CDK1  CD2AP  IPO7  TPR  NMD3"
0.00673253375925146,4,12,9.67873491468997,"GO:1901993 Regulation of meiotic cell cycle phase transition ","https://amigo.geneontology.org/amigo/term/GO:1901993"," TTK  CDC25C  CDC25A  KNL1"
0.00698226526442647,6,31,5.61991059562643,"GO:0006359 Regulation of transcription by rna polymerase iii ","https://amigo.geneontology.org/amigo/term/GO:0006359"," ICE2  BAZ1B  SF3B1  DEK  ICE1  DHX36"
0.00698226526442647,112,2406,1.35164377861007,"GO:0010558 Negative regulation of macromolecule biosynthetic process ","https://amigo.geneontology.org/amigo/term/GO:0010558"," ATF2  ZNF148  PER3  RC3H2  DIS3  REST  CBX5  TDRD1  DICER1  ZC3H14  ZNF451  XRN1  FASTKD2  HELLS  CNOT1  RC3H1  SETDB2  NCBP1  NCOR1  THRB  PAN3  SMG1  ATF7IP  PHC3  NR1D2  ZBTB33  NRIP1  ZBTB6  MIER1  DDX3X  DCP1A  LARP7  BRCA1  DEPDC1  BCLAF1  ARID4A  FNIP2  ATP2B4  SENP1  BTAF1  SMCHD1  TRPS1  TCERG1  KAT2B  CENPF  KLF12  PTBP3  POT1  E2F8  EPRS1  RB1  CLTC  ARID5B  WWC2  PTPRK  BACH1  KAT6B  MORC3  REL  NIPBL  ZNF12  E2F7  RBPJ  DHX36  AURKB  ZNF438  ZNF136  ZNF675  ENPP1  ZNF224  PIAS1  RFC1  CCAR1  ROCK1  ATP2B1  KDM5A  RBL1  ATRX  RBBP8  CAPRIN2  ERBIN  NUP155  PIK3CA  TRIM24  HAT1  PRKAA1  CLOCK  IREB2  BRIP1  NCOA2  CHEK1  GABPA  RAD21  COPS2  CDK1  SUZ12  FOCAD  NF1  CD2AP  ZBED6  TPR  NEDD4  HIF1A  MYB  NBAS  SUV39H2  TRIP12  TSC1  TRAF6  TAF9B  ROCK2  USP9X"
0.00736434220929171,18,219,2.38653737622492,"GO:0031503 Protein-containing complex localization ","https://amigo.geneontology.org/amigo/term/GO:0031503"," PCM1  XPO1  MDN1  SSX2IP  IFT81  WDR19  NMD3  KIF5B  ATR  AKAP9  AP2B1  EPS15  SYNE1  KIF2C  WASHC5  TRAF6  NDC1  TSC1"
0.00736434220929171,7,43,4.7268240281044,"GO:0045738 Negative regulation of dna repair ","https://amigo.geneontology.org/amigo/term/GO:0045738"," FANCB  PARPBP  MRE11  POLQ  TP53BP1  SHLD2  SMCHD1"
0.00828632542612179,6,32,5.44428838951311,"GO:0010458 Exit from mitosis ","https://amigo.geneontology.org/amigo/term/GO:0010458"," EPS8  CLASP1  CLASP2  UBE2C  KNTC1  ANLN"
0.00845516074591227,8,57,4.07525680618525,"GO:0007020 Microtubule nucleation ","https://amigo.geneontology.org/amigo/term/GO:0007020"," CEP192  NEDD1  TPX2  CENPJ  CKAP5  CLASP1  AKAP9  CLASP2"
0.00845516074591227,7,44,4.61939620928385,"GO:0031116 Positive regulation of microtubule polymerization ","https://amigo.geneontology.org/amigo/term/GO:0031116"," CLIP1  SKA1  CKAP5  MET  AKAP9  CDK5RAP2  CLASP1"
0.00845516074591227,8,57,4.07525680618525,"GO:0051646 Mitochondrion localization ","https://amigo.geneontology.org/amigo/term/GO:0051646"," DNM1L  TRAK2  MTM1  KIF5B  PLIN5  HIF1A  LRPPRC  OPA1"
0.00845516074591227,8,57,4.07525680618525,"GO:0090224 Regulation of spindle organization ","https://amigo.geneontology.org/amigo/term/GO:0090224"," TPR  BORA  TPX2  SPAG5  CLTC  STIL  CENPJ  SASS6"
0.00862976120777697,47,836,1.6324182092958,"GO:0001932 Regulation of protein phosphorylation ","https://amigo.geneontology.org/amigo/term/GO:0001932"," IBTK  MRE11  FNIP2  LRP6  DNAJC10  HSP90AA1  TPX2  CLSPN  NBN  RAPGEF2  PRLR  ECT2  EPHA7  TRAF6  SOCS4  ZNF675  ENPP1  DDX3X  KITLG  PIK3CA  PRKAA1  C9orf72  PBK  SPDYE18  PRKDC  DOCK7  KIF14  AKAP9  ROCK2  IL6ST  CENPE  IQGAP1  PTPN13  CDK12  BLM  RB1  JAK2  HIPK3  PHIP  SLC8A1  NF1  CDC6  CCNT1  CDC25C  CDC25A  CCNE2  IPO7"
0.00867521016304997,55,1021,1.56414423205078,"GO:0019220 Regulation of phosphate metabolic process ","https://amigo.geneontology.org/amigo/term/GO:0019220"," HIF1A  IBTK  MRE11  FNIP2  LRP6  DNAJC10  HSP90AA1  RBL1  TPX2  CLSPN  NBN  RAPGEF2  PRLR  ECT2  EPHA7  RB1  TRAF6  SOCS4  ZNF675  ENPP1  DDX3X  KITLG  DNM1L  KAT2B  PIK3CA  PRKAA1  IQGAP1  C9orf72  PBK  SPDYE18  PRKDC  ROCK1  ITGA6  DOCK7  KIF14  AKAP9  ROCK2  IL6ST  BARD1  CENPE  NCOR1  PTPN13  CDK12  BLM  JAK2  HIPK3  PHIP  SLC8A1  NF1  CDC6  CCNT1  CDC25C  CDC25A  CCNE2  IPO7"
0.00876589167713968,10,86,3.37630287721743,"GO:0022406 Membrane docking ","https://amigo.geneontology.org/amigo/term/GO:0022406"," STXBP3  USO1  ROCK1  EXOC2  SYT1  CEP83  EXOC5  EXOC1  EXOC6  EXOC6B"
0.00883705241532156,55,1022,1.56261375824251,"GO:0051174 Regulation of phosphorus metabolic process ","https://amigo.geneontology.org/amigo/term/GO:0051174"," HIF1A  IBTK  MRE11  FNIP2  LRP6  DNAJC10  HSP90AA1  RBL1  TPX2  CLSPN  NBN  RAPGEF2  PRLR  ECT2  EPHA7  RB1  TRAF6  SOCS4  ZNF675  ENPP1  DDX3X  KITLG  DNM1L  KAT2B  PIK3CA  PRKAA1  IQGAP1  C9orf72  PBK  SPDYE18  PRKDC  ROCK1  ITGA6  DOCK7  KIF14  AKAP9  ROCK2  IL6ST  BARD1  CENPE  NCOR1  PTPN13  CDK12  BLM  JAK2  HIPK3  PHIP  SLC8A1  NF1  CDC6  CCNT1  CDC25C  CDC25A  CCNE2  IPO7"
0.00888059097104892,3,6,14.518102372035,"GO:1903371 Regulation of endoplasmic reticulum tubular network organization ","https://amigo.geneontology.org/amigo/term/GO:1903371"," RAB3GAP1  LNPK  ARL6IP1"
0.00896772980155031,20,261,2.22499653211264,"GO:1903320 Regulation of protein modification by small protein conjugation or removal ","https://amigo.geneontology.org/amigo/term/GO:1903320"," BIRC2  OTUD4  UFL1  PIAS1  WNK1  HSP90AA1  FBXO5  FANCI  CEP78  CEP63  DDX3X  MTBP  HIF1A  MARCHF7  SPOPL  ARRDC3  COPS2  MALT1  TRAF6  UBE2C"
0.00901011172256128,146,3304,1.28307684401762,"GO:0009966 Regulation of signal transduction ","https://amigo.geneontology.org/amigo/term/GO:0009966"," ECT2  MALT1  ZDHHC17  MIER1  DEPDC1B  WDR76  SHOC2  CAPRIN2  TMEM131L  PRKAA1  CDK5RAP2  DENND4C  FRMD6  ARHGAP18  GPC3  EPS8  WWC2  OTUD4  DLC1  TSC1  FSTL5  DENND4A  TRAF6  PJA2  TRIM59  ARHGEF28  HIF1A  TAF9B  UFL1  FNIP2  ATP2B4  SEMA6A  JAK2  DICER1  MET  TAX1BP1  DHX15  RAPGEF2  PRLR  USP9X  CNOT1  IL6ST  EPHA7  USP15  SCYL2  NCOR1  PRKACB  PIK3R1  PHIP  THRB  NEK7  CENPJ  USP25  TAOK1  USP1  PTPN13  AURKB  SOCS4  ZNF675  ENPP1  DDX3X  PRKDC  RB1CC1  OFD1  KITLG  RC3H2  ASPM  ARFGEF1  PALS1  NCOA1  RRN3  OSBPL8  EIF3A  BIRC2  ERBIN  ARRDC3  SSX2IP  HELLS  APAF1  TRIM24  SYNE1  FIGNL1  CLOCK  RC3H1  EPRS1  CTDSPL2  ARHGAP29  CEP55  GLCE  RB1  IFNAR1  FANCD2  C9orf72  RASA2  RACGAP1  DDIAS  FRS2  C2CD3  PBK  RBPJ  RALGAPB  MTM1  RALGAPA1  DHX36  ATAD5  NF1  SLC39A10  OPA1  PLIN5  REL  PIK3CA  BRCA1  BCLAF1  TPR  WNK1  ROCK1  NEDD4  NDC80  ITGA6  FKTN  ZNF451  KIF14  CIT  IFT81  MARCHF7  KNL1  ITGAV  SLC39A8  IQGAP1  SKA1  ARHGAP12  SKA3  ATR  GEN1  CD2AP  HIPK3  WDR11  MACF1  ROCK2  ARID4A  BARD1  BRCA2  ARHGAP21  ARHGAP32  CHEK1  ARHGAP11A"
0.00901608928196617,11,102,3.13135541357617,"GO:0001841 Neural tube formation ","https://amigo.geneontology.org/amigo/term/GO:0001841"," HIF1A  MIB1  APAF1  KIF20B  SEC24B  PRKACB  TSC1  TRAF6  OPA1  STIL  DLC1"
0.00901608928196617,5,22,6.59913744183407,"GO:0009301 Snrna transcription ","https://amigo.geneontology.org/amigo/term/GO:0009301"," ICE2  POLR3B  LARP7  USPL1  ICE1"
0.00901608928196617,4,13,8.9342168443292,"GO:0010826 Negative regulation of centrosome duplication ","https://amigo.geneontology.org/amigo/term/GO:0010826"," CDK5RAP2  KAT2B  MDM1  BRCA1"
0.00901608928196617,4,13,8.9342168443292,"GO:0016446 Somatic hypermutation of immunoglobulin genes ","https://amigo.geneontology.org/amigo/term/GO:0016446"," POLQ  MSH2  MSH6  EXO1"
0.00901608928196617,25,360,2.01640310722708,"GO:0032956 Regulation of actin cytoskeleton organization ","https://amigo.geneontology.org/amigo/term/GO:0032956"," SSH2  ARHGAP18  ADD3  PLEKHH2  WASHC5  NCKAP1  ROCK1  MET  RASA1  CLASP2  DLC1  TSC1  TJP1  ECT2  PIK3CA  ROCK2  PIK3R1  C9orf72  EPS8  CD2AP  ARFGEF1  CLASP1  ALMS1  TAOK1  WASHC4"
0.00901608928196617,4,13,8.9342168443292,"GO:0046606 Negative regulation of centrosome cycle ","https://amigo.geneontology.org/amigo/term/GO:0046606"," CDK5RAP2  KAT2B  MDM1  BRCA1"
0.00901608928196617,4,13,8.9342168443292,"GO:0072710 Response to hydroxyurea ","https://amigo.geneontology.org/amigo/term/GO:0072710"," BLM  ATRX  KAT7  DDI2"
0.00918414324344891,18,224,2.33326645264847,"GO:0032271 Regulation of protein polymerization ","https://amigo.geneontology.org/amigo/term/GO:0032271"," CLIP1  SSH2  ARHGAP18  ADD3  HSP90AA1  CAMSAP2  RASA1  SKA1  CLASP2  CKAP5  EPS8  ARFGEF1  MET  AKAP9  CDK5RAP2  KIF21A  NCKAP1  CLASP1"
0.00918414324344891,9,72,3.62952559300874,"GO:0150116 Regulation of cell-substrate junction organization ","https://amigo.geneontology.org/amigo/term/GO:0150116"," MACF1  SLK  DLC1  TSC1  ROCK1  PIK3R1  CLASP1  CLASP2  ROCK2"
0.00923698704114981,19,243,2.27032053554456,"GO:0007163 Establishment or maintenance of cell polarity ","https://amigo.geneontology.org/amigo/term/GO:0007163"," SPDL1  PALS1  CDK5RAP2  CKAP5  CLASP1  SPAG5  KIF20B  SKA3  ARFGEF1  NDC80  DOCK7  KIF2C  PATJ  SKA1  PDCD6IP  ERBIN  ROCK1  ROCK2  CLASP2"
0.00934733468979937,45,795,1.6435587590983,"GO:0007420 Brain development ","https://amigo.geneontology.org/amigo/term/GO:0007420"," GNB4  ZNF430  ZNF148  CCDC14  NRCAM  NIPBL  CEP120  UBA6  ATP2B4  ASPM  PALS1  TOP2B  PCM1  NCOA1  ATRX  HIF1A  ATF2  STXBP3  KIF14  APAF1  ARHGAP32  EPHA7  SCYL2  CDK5RAP2  SEC24B  BRCA2  SLC4A10  FANCD2  C21orf91  TSC1  FRS2  RRM1  C2CD3  RBPJ  NF1  PRKDC  RAB3GAP1  CENPF  RAPGEF2  DOCK7  STIL  NES  DLC1  ATP7A  LRP6"
0.00937434848226978,6,33,5.27930995346726,"GO:0032232 Negative regulation of actin filament bundle assembly ","https://amigo.geneontology.org/amigo/term/GO:0032232"," MET  DLC1  TJP1  PIK3R1  CLASP1  CLASP2"
0.00937434848226978,43,750,1.66474240532668,"GO:1902532 Negative regulation of intracellular signal transduction ","https://amigo.geneontology.org/amigo/term/GO:1902532"," PRKAA1  TSC1  TRIM59  TAF9B  UFL1  ATP2B4  SEMA6A  HIF1A  MET  TAX1BP1  CNOT1  NCOR1  PRKACB  WWC2  AURKB  ZNF675  PRKDC  RRN3  EIF3A  ERBIN  HELLS  FIGNL1  CLOCK  RASA2  DDIAS  PBK  MTM1  ATAD5  NF1  OPA1  PLIN5  BRCA1  FKTN  CIT  MARCHF7  SLC39A8  SKA1  DLC1  ARHGAP12  SKA3  CD2AP  DDX3X  HIPK3"
0.009498465456982,27,403,1.94535366771684,"GO:0032970 Regulation of actin filament-based process ","https://amigo.geneontology.org/amigo/term/GO:0032970"," SSH2  ARHGAP18  ADD3  PLEKHH2  WASHC5  NCKAP1  ROCK1  MET  RASA1  CLASP2  DLC1  TSC1  TJP1  ECT2  PIK3CA  ROCK2  FRMD6  PIK3R1  C9orf72  EPS8  CD2AP  ARFGEF1  CLASP1  ALMS1  AKAP9  TAOK1  WASHC4"
0.00970684377025487,81,1654,1.42196649593087,"GO:0120036 Plasma membrane bounded cell projection organization ","https://amigo.geneontology.org/amigo/term/GO:0120036"," OFD1  NCKAP1  NEDD4  PCM1  NRCAM  SEMA6A  CCP110  SPG11  DOCK7  SSX2IP  IFT81  EPHA7  RB1  EPS8  CENPJ  WDR19  C2CD3  KIF5B  CEP83  RTTN  SLITRK6  SYT1  RAPGEF2  CAMSAP2  USP9X  MACF1  MARCHF7  GOLGA4  FBXO38  CLASP2  ITSN2  UBA6  ROCK1  MAPK6  EXOC5  TOP2B  HSP90AA1  JAK2  KIAA0586  SHOC2  EIF4G2  CAPRIN2  KAT2B  PLS1  THOC2  SYNE1  KIDINS220  ARHGAP32  WDR36  CEP350  KIF20B  SEC24B  PIK3R1  C9orf72  CEP78  UHMK1  C21orf91  CUL4B  PBRM1  WASHC5  ATP7A  CEP120  DHX36  ZDHHC17  CD2AP  ARHGEF28  RAPGEF6  ANLN  MPHOSPH9  RAB23  KIF21A  IQGAP1  PLK4  TBC1D31  CEP135  KIF24  ITGA6  DICER1  STRN  WDR11  PIK3CA"
0.0104995680215643,66,1293,1.48212646025415,"GO:0071495 Cellular response to endogenous stimulus ","https://amigo.geneontology.org/amigo/term/GO:0071495"," NCOA1  JAK2  ZNF106  NR5A2  KIDINS220  NCOA2  PIK3R1  THRB  FRS2  FSTL5  SHCBP1  NR1D2  HIF1A  UFL1  SLC4A7  ATP2B4  NEDD4  SMC1A  REST  SEMA6A  C2CD5  KAT2B  PIK3CA  TRIM24  USP9X  CNOT1  USP15  PTPRK  ENPP1  OFD1  PALS1  OSBPL8  CDC6  SHOC2  PRLR  ATF2  APAF1  PRKAA1  CLOCK  BRIP1  EPRS1  DENND4C  CTDSPL2  USO1  RB1  IQGAP1  CCNA2  GPC3  ATP7A  RBPJ  ZDHHC17  CD2AP  BRCA1  ROCK1  ATP2B1  ZNF451  NCOR1  EME1  PRKDC  KIF16B  RAPGEF2  ROCK2  PKD1L1  ARID4A  IDE  PHIP"
0.0108145407806382,26,386,1.95580653716533,"GO:1990778 Protein localization to cell periphery ","https://amigo.geneontology.org/amigo/term/GO:1990778"," PALS1  C2CD5  BLZF1  ATP2B4  MACF1  ABCA12  GOLGA4  KIF5B  PIAS1  EXOC5  PLS1  DENND4C  KIF2C  PIK3R1  TRAF6  NECTIN3  ROCK1  ROCK2  EPB41L2  RAPGEF2  CLTC  WDR19  RAPGEF6  CLASP2  LRP6  WNK1"
0.0108775432632685,5,23,6.31221842262389,"GO:0046823 Negative regulation of nucleocytoplasmic transport ","https://amigo.geneontology.org/amigo/term/GO:0046823"," TPR  NUP153  BARD1  NF1  RAB23"
0.0108848095053964,20,266,2.18317328902781,"GO:1901873 Regulation of post-translational protein modification ","https://amigo.geneontology.org/amigo/term/GO:1901873"," BIRC2  OTUD4  UFL1  PIAS1  WNK1  HSP90AA1  FBXO5  FANCI  CEP78  CEP63  DDX3X  MTBP  HIF1A  MARCHF7  SPOPL  ARRDC3  COPS2  MALT1  TRAF6  UBE2C"
0.0110199987459563,47,848,1.60931795161708,"GO:0060322 Head development ","https://amigo.geneontology.org/amigo/term/GO:0060322"," GNB4  ZNF430  ZNF148  CCDC14  NRCAM  NIPBL  CEP120  UBA6  ATP2B4  ASPM  PALS1  TOP2B  PCM1  NCOA1  ATRX  HIF1A  ATF2  STXBP3  KIF14  APAF1  ARHGAP32  EPHA7  SCYL2  CDK5RAP2  SEC24B  BRCA2  SLC4A10  FANCD2  ARID5B  C21orf91  TSC1  FRS2  RRM1  C2CD3  RBPJ  NF1  PRKDC  RAB3GAP1  CENPF  RAPGEF2  DOCK7  WDR11  STIL  NES  DLC1  ATP7A  LRP6"
0.0111929247934751,37,623,1.72446159796242,"GO:0007507 Heart development ","https://amigo.geneontology.org/amigo/term/GO:0007507"," ADGRG6  NIPBL  AP2B1  MATR3  RB1CC1  WNK1  REST  HIF1A  MIB1  EIF4G2  ATF2  CNTRL  SYNE1  SEC24B  RB1  GREB1L  GPC3  FREM2  TSC1  FRS2  C2CD3  RBPJ  CDK1  DHX36  ARID2  NF1  PRKDC  NPY1R  ROCK1  HECTD1  KAT2B  WDR11  STIL  ROCK2  SETDB2  DLC1  SLC8A1"
0.01129750706946,75,1516,1.4364877017185,"GO:0030182 Neuron differentiation ","https://amigo.geneontology.org/amigo/term/GO:0030182"," SLC4A7  NCKAP1  NEDD4  REST  NRCAM  SEMA6A  SPG11  MET  DOCK7  EPHA7  RB1  KIF5B  SLITRK6  MYO6  SYT1  RAPGEF2  CAMSAP2  MACF1  GOLGA4  FBXO38  CLASP2  ITSN2  UBA6  ASPM  SDK2  MAPK6  PALS1  TOP2B  NCOA1  JAK2  HIF1A  MIB1  SHOC2  EIF4G2  CAPRIN2  KAT2B  ECT2  PLS1  THOC2  SYNE1  KIDINS220  ARHGAP32  WDR36  SCYL2  CDK5RAP2  KIF20B  SEC24B  SLC4A10  C9orf72  THRB  UHMK1  C21orf91  CUL4B  TAOK1  BRINP3  PBRM1  WASHC5  COPS2  RBPJ  DHX36  ZDHHC17  CD2AP  ARHGEF28  TUG1  ROCK1  USP9X  KIF21A  IQGAP1  LRP6  ITGA6  DICER1  STRN  ATP7A  TOPORS  WNK1"
0.0117537906219769,4,14,8.29605849830569,"GO:0002566 Somatic diversification of immune receptors via somatic mutation ","https://amigo.geneontology.org/amigo/term/GO:0002566"," POLQ  MSH2  MSH6  EXO1"
0.0117537906219769,4,14,8.29605849830569,"GO:0007144 Female meiosis i ","https://amigo.geneontology.org/amigo/term/GO:0007144"," TRIP13  NDC80  FBXO5  CCNB2"
0.0117537906219769,7,47,4.32454113209552,"GO:0022616 Dna strand elongation ","https://amigo.geneontology.org/amigo/term/GO:0022616"," POLD3  POLA1  POT1  DNA2  MRE11  NBN  RFC3"
0.0117537906219769,4,14,8.29605849830569,"GO:0038180 Nerve growth factor signaling pathway ","https://amigo.geneontology.org/amigo/term/GO:0038180"," KIDINS220  SHOC2  CD2AP  RAPGEF2"
0.0117537906219769,4,14,8.29605849830569,"GO:0090235 Regulation of metaphase plate congression ","https://amigo.geneontology.org/amigo/term/GO:0090235"," KAT2B  CDK1  AURKB  SPAG5"
0.0117537906219769,4,14,8.29605849830569,"GO:1901985 Positive regulation of protein acetylation ","https://amigo.geneontology.org/amigo/term/GO:1901985"," PRKAA1  TAOK1  CEP295  DDX3X"
0.0117537906219769,4,14,8.29605849830569,"GO:1903490 Positive regulation of mitotic cytokinesis ","https://amigo.geneontology.org/amigo/term/GO:1903490"," WNK1  KIF20B  ECT2  AURKB"
0.0121278423076337,112,2450,1.32736935972891,"GO:0031327 Negative regulation of cellular biosynthetic process ","https://amigo.geneontology.org/amigo/term/GO:0031327"," ATF2  ZNF148  PER3  RC3H2  DIS3  REST  CBX5  TDRD1  DICER1  ZC3H14  ZNF451  XRN1  FASTKD2  HELLS  CNOT1  RC3H1  SETDB2  NCBP1  NCOR1  THRB  PAN3  SMG1  ATF7IP  PHC3  NR1D2  ZBTB33  NRIP1  ZBTB6  MIER1  DDX3X  DCP1A  LARP7  BRCA1  DEPDC1  BCLAF1  ARID4A  FNIP2  ATP2B4  SENP1  BTAF1  SMCHD1  TRPS1  TCERG1  KAT2B  CENPF  KLF12  PTBP3  POT1  E2F8  EPRS1  RB1  CLTC  ARID5B  WWC2  PTPRK  BACH1  KAT6B  MORC3  REL  NIPBL  ZNF12  E2F7  RBPJ  DHX36  AURKB  ZNF438  ZNF136  ZNF675  ENPP1  ZNF224  PIAS1  RFC1  CCAR1  ROCK1  ATP2B1  KDM5A  RBL1  ATRX  RBBP8  CAPRIN2  ERBIN  NUP155  PIK3CA  TRIM24  HAT1  PRKAA1  CLOCK  IREB2  BRIP1  NCOA2  CHEK1  GABPA  RAD21  COPS2  CDK1  SUZ12  FOCAD  NF1  CD2AP  ZBED6  TPR  NEDD4  HIF1A  MYB  NBAS  SUV39H2  TRIP12  TSC1  TRAF6  TAF9B  ROCK2  USP9X"
0.0123406913350243,113,2477,1.32462298590226,"GO:0009890 Negative regulation of biosynthetic process ","https://amigo.geneontology.org/amigo/term/GO:0009890"," ATF2  ZNF148  PER3  RC3H2  DIS3  REST  CBX5  TDRD1  DICER1  ZC3H14  ZNF451  XRN1  FASTKD2  HELLS  CNOT1  RC3H1  SETDB2  NCBP1  NCOR1  THRB  PAN3  SMG1  ATF7IP  PHC3  NR1D2  ZBTB33  NRIP1  ZBTB6  MIER1  DDX3X  DCP1A  LARP7  BRCA1  DEPDC1  BCLAF1  ARID4A  FNIP2  ATP2B4  SENP1  BTAF1  SMCHD1  TRPS1  TCERG1  KAT2B  CENPF  KLF12  PTBP3  POT1  E2F8  EPRS1  RB1  CLTC  ARID5B  WWC2  PTPRK  BACH1  KAT6B  MORC3  REL  NIPBL  ZNF12  E2F7  RBPJ  DHX36  AURKB  ZNF438  ZNF136  ZNF675  ENPP1  ZNF224  PIAS1  RFC1  CCAR1  ROCK1  ATP2B1  KDM5A  RBL1  ATRX  RBBP8  CAPRIN2  ERBIN  NUP155  PIK3CA  TRIM24  HAT1  PRKAA1  CLOCK  IREB2  BRIP1  NCOA2  CHEK1  GABPA  RAD21  COPS2  CDK1  SUZ12  FOCAD  NF1  CD2AP  ZBED6  TPR  NEDD4  HIF1A  MYB  ROCK2  NBAS  SUV39H2  TRIP12  TSC1  TRAF6  TAF9B  RAPGEF2  USP9X"
0.0123510242838865,8,61,3.8080268516813,"GO:0042306 Regulation of protein import into nucleus ","https://amigo.geneontology.org/amigo/term/GO:0042306"," PIK3R1  HSP90AA1  JAK2  ECT2  CDK1  NF1  TPR  RAB23"
0.0124354584703772,57,1088,1.5211982264816,"GO:0006396 Rna processing ","https://amigo.geneontology.org/amigo/term/GO:0006396"," MTREX  THUMPD1  ZNF638  TDRD1  CDC5L  DICER1  INTS2  WDR75  SF3B1  THADA  FASTKD2  HEATR1  PTBP3  NCBP1  SLTM  SCAF11  MBNL2  INTS7  DDX46  CWF19L2  MBNL1  SON  CWC22  BMS1  CPSF2  PRPF40A  ERI2  AQR  PNN  DHX15  PPWD1  DIS3  TCERG1  KAT2B  NSRP1  VIRMA  PRKDC  BCLAF1  THOC1  REST  NUP155  TTF2  UTP20  THOC2  PUS7L  WDR36  PAN3  PAXBP1  U2SURP  CDK12  LARP7  NOL8  PIK3R1  LEO1  DHX36  INTS13  BARD1"
0.0124904534764464,38,650,1.69750120042255,"GO:0010256 Endomembrane system organization ","https://amigo.geneontology.org/amigo/term/GO:0010256"," HACE1  BLZF1  AKAP9  WASHC4  SEC31A  LNPK  WASHC5  LYSMD3  WNK1  NUP155  CAMSAP2  SYNE1  MMGT1  CDK1  ARL6IP1  ATR  SYT1  PALS1  AP3B1  HOOK1  DNAJC13  USO1  ARFGEF1  CLASP1  ARHGAP21  RAB3GAP1  COG6  GCC2  CLASP2  NEMP1  TRAPPC11  DOP1A  MYOF  KNL1  AP1G1  PDCD6IP  EEA1  SEC23IP"
0.0126236753760736,10,91,3.19079173011757,"GO:0043242 Negative regulation of protein-containing complex disassembly ","https://amigo.geneontology.org/amigo/term/GO:0043242"," CAMSAP2  CKAP2  ADD3  PLEKHH2  TPX2  PIK3CA  EPS8  CLASP1  TAOK1  CLASP2"
0.0129058718680305,9,76,3.43849793021881,"GO:0140056 Organelle localization by membrane tethering ","https://amigo.geneontology.org/amigo/term/GO:0140056"," STXBP3  USO1  EXOC2  SYT1  CEP83  EXOC5  EXOC1  EXOC6  EXOC6B"
0.0130122301797493,28,434,1.87330353187548,"GO:0045859 Regulation of protein kinase activity ","https://amigo.geneontology.org/amigo/term/GO:0045859"," LRP6  HSP90AA1  TPX2  CLSPN  RAPGEF2  PRLR  ECT2  TRAF6  SOCS4  ZNF675  DDX3X  SPDYE18  KIF14  CENPE  IQGAP1  CDK12  BLM  RB1  JAK2  HIPK3  SLC8A1  NF1  CDC6  CCNT1  CDC25C  CDC25A  CCNE2  IPO7"
0.0130926486189667,7,48,4.23444652517686,"GO:0006513 Protein monoubiquitination ","https://amigo.geneontology.org/amigo/term/GO:0006513"," RAD18  TOPORS  BIRC2  MARCHF7  DTL  MSL2  BARD1"
0.0130926486189667,7,48,4.23444652517686,"GO:0045840 Positive regulation of mitotic nuclear division ","https://amigo.geneontology.org/amigo/term/GO:0045840"," NUSAP1  UBE2C  RB1  SKA1  SKA3  PHIP  DLGAP5"
0.0135923775633299,11,108,2.95739122393305,"GO:0110020 Regulation of actomyosin structure organization ","https://amigo.geneontology.org/amigo/term/GO:0110020"," MET  DLC1  TSC1  TJP1  ECT2  PIK3R1  CLASP1  ALMS1  ROCK2  CLASP2  ROCK1"
0.0137252508970389,3,7,12.4440877474585,"GO:0000055 Ribosomal large subunit export from nucleus ","https://amigo.geneontology.org/amigo/term/GO:0000055"," XPO1  MDN1  NMD3"
0.0137252508970389,3,7,12.4440877474585,"GO:0000972 Transcription-dependent tethering of rna polymerase ii gene dna at nuclear periphery ","https://amigo.geneontology.org/amigo/term/GO:0000972"," NUP133  NUP107  NUP155"
0.0137252508970389,3,7,12.4440877474585,"GO:0010571 Positive regulation of nuclear cell cycle dna replication ","https://amigo.geneontology.org/amigo/term/GO:0010571"," DBF4  ATRX  CDC7"
0.0137252508970389,3,7,12.4440877474585,"GO:0032466 Negative regulation of cytokinesis ","https://amigo.geneontology.org/amigo/term/GO:0032466"," E2F8  E2F7  AURKB"
0.0137252508970389,3,7,12.4440877474585,"GO:0035735 Intraciliary transport involved in cilium assembly ","https://amigo.geneontology.org/amigo/term/GO:0035735"," PCM1  SSX2IP  IFT81"
0.0137252508970389,22,312,2.04742469349211,"GO:0051402 Neuron apoptotic process ","https://amigo.geneontology.org/amigo/term/GO:0051402"," HIF1A  ROCK1  MSH2  JAK2  SPG11  ATF2  KIF14  MYB  APAF1  PIK3CA  NES  EPHA7  RB1  THRB  RAD21  OXR1  XRCC2  NF1  CD2AP  CIT  IL6ST  RASA1"
0.0137252508970389,3,7,12.4440877474585,"GO:0071139 Resolution of dna recombination intermediates ","https://amigo.geneontology.org/amigo/term/GO:0071139"," RMI1  BLM  GEN1"
0.0137252508970389,3,7,12.4440877474585,"GO:1990414 Replication-born double-strand break repair via sister chromatid exchange ","https://amigo.geneontology.org/amigo/term/GO:1990414"," NIPBL  RAD21  FANCB"
0.0139763727685204,18,234,2.2335542110823,"GO:0006352 Dna-templated transcription initiation ","https://amigo.geneontology.org/amigo/term/GO:0006352"," TAF2  RRN3  ZNF451  ATAD2B  TAF5  ATAD2  TAF1B  ATF2  TET2  MED14  CAND1  TAF9B  BCLAF1  KAT7  DHX36  MED23  E2F2  KAT2B"
0.014043249202772,6,36,4.83936745734499,"GO:0006904 Vesicle docking involved in exocytosis ","https://amigo.geneontology.org/amigo/term/GO:0006904"," STXBP3  EXOC2  EXOC5  EXOC1  EXOC6  EXOC6B"
0.0143578757727564,11,109,2.93025919435568,"GO:0150115 Cell-substrate junction organization ","https://amigo.geneontology.org/amigo/term/GO:0150115"," MACF1  SLK  DLC1  TSC1  ROCK1  PIK3R1  CLASP1  PTPRK  CLASP2  ITGA6  ROCK2"
0.014442711998935,7,49,4.14802924915285,"GO:0051294 Establishment of spindle orientation ","https://amigo.geneontology.org/amigo/term/GO:0051294"," SPDL1  CDK5RAP2  CLASP1  SPAG5  SKA3  NDC80  SKA1"
0.014442711998935,10,93,3.1221725531258,"GO:0072332 Intrinsic apoptotic signaling pathway by p53 class mediator ","https://amigo.geneontology.org/amigo/term/GO:0072332"," TAF9B  USP28  E2F2  RRN3  MSH2  USP15  BRCA2  ATAD5  TOPORS  MARCHF7"
0.0147082290540888,4,15,7.74298793175198,"GO:0001325 Formation of extrachromosomal circular dna ","https://amigo.geneontology.org/amigo/term/GO:0001325"," NBN  DNA2  EXO1  BLM"
0.0147082290540888,4,15,7.74298793175198,"GO:0006271 Dna strand elongation involved in dna replication ","https://amigo.geneontology.org/amigo/term/GO:0006271"," POLD3  POLA1  DNA2  RFC3"
0.0147082290540888,4,15,7.74298793175198,"GO:0010457 Centriole-centriole cohesion ","https://amigo.geneontology.org/amigo/term/GO:0010457"," RTTN  SGO1  NEK2  CEP135"
0.0147082290540888,4,15,7.74298793175198,"GO:0030174 Regulation of dna-templated dna replication initiation ","https://amigo.geneontology.org/amigo/term/GO:0030174"," TICRR  KAT7  MCM6  NBN"
0.0147082290540888,4,15,7.74298793175198,"GO:0046831 Regulation of rna export from nucleus ","https://amigo.geneontology.org/amigo/term/GO:0046831"," TPR  WNK1  NUP153  THOC2"
0.0147082290540888,4,15,7.74298793175198,"GO:0090656 T-circle formation ","https://amigo.geneontology.org/amigo/term/GO:0090656"," NBN  DNA2  EXO1  BLM"
0.0147082290540888,4,15,7.74298793175198,"GO:0090737 Telomere maintenance via telomere trimming ","https://amigo.geneontology.org/amigo/term/GO:0090737"," NBN  DNA2  EXO1  BLM"
0.0149214159242457,5,25,5.80724094881398,"GO:0014856 Skeletal muscle cell proliferation ","https://amigo.geneontology.org/amigo/term/GO:0014856"," NDC80  JAK2  MYB  DSN1  PAXBP1"
0.0149214159242457,5,25,5.80724094881398,"GO:0031573 Mitotic intra-s dna damage checkpoint signaling ","https://amigo.geneontology.org/amigo/term/GO:0031573"," MRE11  FANCD2  EME1  MSH2  ATF2"
0.0150158188058415,29,461,1.82657253270722,"GO:0043254 Regulation of protein-containing complex assembly ","https://amigo.geneontology.org/amigo/term/GO:0043254"," CLIP1  SSH2  ARHGAP18  ADD3  FNIP2  HSP90AA1  CAMSAP2  HJURP  RASA1  NEK7  SKA1  CLASP2  CKAP5  DDX3X  BIRC2  CAND1  EPS8  ARFGEF1  MET  KIF14  AKAP9  CDK5RAP2  KIF21A  ICE1  ATR  NCKAP1  CLASP1  VPS8  RB1"
0.0153510994113716,12,127,2.74357840101448,"GO:0071482 Cellular response to light stimulus ","https://amigo.geneontology.org/amigo/term/GO:0071482"," POLD3  USP28  PTPRK  CUL4B  CDC25A  ERCC4  AURKB  PIK3R1  PBK  NEDD4  DHX36  ATR"
0.0156373970070288,16,199,2.33456922565386,"GO:0045814 Negative regulation of gene expression epigenetic ","https://amigo.geneontology.org/amigo/term/GO:0045814"," CBX5  HELLS  SETDB2  ATF7IP  SMCHD1  RB1  BRCA1  KDM5A  ATRX  TDRD1  HAT1  CHEK1  SUZ12  TPR  TRIP12  SUV39H2"
0.0157369084251971,25,378,1.92038391164484,"GO:0031400 Negative regulation of protein modification process ","https://amigo.geneontology.org/amigo/term/GO:0031400"," IBTK  UFL1  WNK1  LRP6  DNAJC10  FBXO5  CEP78  SOCS4  CEP63  ZNF675  ENPP1  PRKAA1  C9orf72  OXR1  PBK  PRKDC  MARCHF7  SPOPL  PTPN13  RB1  HIPK3  SLC8A1  NF1  ATP2B4  IPO7"
0.0158615640619978,141,3229,1.26791727126474,"GO:0048513 Animal organ development ","https://amigo.geneontology.org/amigo/term/GO:0048513"," GNB4  ZNF430  ZNF148  CCDC14  SLC4A7  NRCAM  SEMA6A  MET  MDM1  ADGRG6  GREB1L  NIPBL  CEP120  USF3  MYO6  ENPP1  KITLG  LRP6  BRCA2  ZFX  AP2B1  MATR3  RB1CC1  ARID4A  UBA6  RC3H2  ATP2B4  WNK1  ASPM  ROCK1  SDK2  NUP133  ATP2B1  PALS1  RASAL2  TOP2B  PCM1  PALB2  REST  NCOA1  ATRX  MSH2  JAK2  HIF1A  MIB1  SPG11  EIF4G2  BIRC2  MAN2A1  ARRDC3  PRLR  BBX  ATF2  STXBP3  NR5A2  CENPF  KIF14  CNTRL  HELLS  PLS1  APAF1  PIK3CA  E2F8  SYNE1  PRKAA1  AP3B1  CLOCK  ARHGAP32  EPHA7  RC3H1  SCYL2  BRIP1  CDK5RAP2  ENPEP  SEC24B  RB1  PLK4  SLC4A10  LNPK  ABCA12  FANCD2  CCNA2  GPC3  ARID5B  FREM2  THRB  C21orf91  CCNB2  WDR19  PAXBP1  MYSM1  ATP7A  TSC1  E2F7  COPS2  FRS2  RRM1  C2CD3  RBPJ  CDK1  FOXN2  MTM1  NR1D2  DHX36  TRAF6  NECTIN3  NRIP1  SLITRK6  ARID2  SYCP2  NF1  SLC39A10  CD2AP  TUG1  PRKDC  NUP160  CLASP1  ITGA6  SMCHD1  NUP107  FBXO5  RAB23  RAB3GAP1  ROCK2  CLASP2  NPY1R  SLC8A1  HECTD1  TRPS1  RAPGEF2  KAT2B  DOCK7  WDR11  STIL  NES  SETDB2  IQGAP1  DLC1  TOPORS  NCOA2  FKTN"
0.0160355939020491,9,79,3.307922059451,"GO:0045911 Positive regulation of dna recombination ","https://amigo.geneontology.org/amigo/term/GO:0045911"," FANCB  TP53BP1  RAD51AP1  SHLD2  EPC2  MSH2  ATAD5  ARID2  NBN"
0.016128033538691,14,163,2.49390715593239,"GO:0031507 Heterochromatin formation ","https://amigo.geneontology.org/amigo/term/GO:0031507"," CBX5  HELLS  SETDB2  ATF7IP  SMCHD1  RB1  BRCA1  KDM5A  ATRX  TDRD1  HAT1  SUZ12  TPR  TRIP12"
0.0164218032890028,10,95,3.05644260463894,"GO:0014020 Primary neural tube formation ","https://amigo.geneontology.org/amigo/term/GO:0014020"," HIF1A  APAF1  KIF20B  SEC24B  PRKACB  TSC1  TRAF6  OPA1  STIL  DLC1"
0.0164218032890028,10,95,3.05644260463894,"GO:2000781 Positive regulation of double-strand break repair ","https://amigo.geneontology.org/amigo/term/GO:2000781"," FANCB  RAD51AP1  SHLD2  EPC2  PRKDC  TOP2B  SMCHD1  ARID2  NBN  PBRM1"
0.0168445707662965,13,146,2.58541549091033,"GO:0043547 Positive regulation of gtpase activity ","https://amigo.geneontology.org/amigo/term/GO:0043547"," ZC3H15  RAPGEF2  ECT2  DOCK7  TSC1  NF1  ARHGAP11A  RAB3GAP1  RALGAPA1  ITGA6  RAPGEF6  DOCK9  RALGAPB"
0.0171078563174201,59,1155,1.48323470121223,"GO:1901698 Response to nitrogen compound ","https://amigo.geneontology.org/amigo/term/GO:1901698"," JAK2  UGGT2  ZNF106  UBE4A  UGGT1  PIK3R1  HSP90B1  BRCA1  TPR  RAPGEF2  C2CD5  KAT2B  PIK3CA  TSC1  BLM  ENPP1  UFL1  ATP2B4  ROCK1  LRP6  TOP2B  DNAJC10  HSP90AA1  ATRX  OSBPL8  CDC6  SHOC2  DHX15  BIRC2  XRN1  STXBP3  EDEM3  TRIM24  PRKAA1  BRIP1  EPRS1  DENND4C  USO1  RB1  CCNA2  CHEK1  RANBP2  CDK1  DHX36  EPM2AIP1  CD2AP  ATP2B1  ERBIN  AKAP9  KAT7  USP25  DDI2  PRKDC  ROCK2  SLC8A1  NCOA1  IDE  NCOA2  PHIP"
0.0173305573882452,8,65,3.57368673773168,"GO:0007129 Homologous chromosome pairing at meiosis ","https://amigo.geneontology.org/amigo/term/GO:0007129"," FANCD2  MND1  MRE11  NDC1  TRIP13  BRIP1  CCNE2  SYCP2"
0.0173305573882452,9,80,3.26657303370787,"GO:0030330 Dna damage response signal transduction by p53 class mediator ","https://amigo.geneontology.org/amigo/term/GO:0030330"," E2F7  MYO6  ATRX  EPRS1  BRCA2  MARCHF7  ATR  GTSE1  NBN"
0.0174500455194918,78,1621,1.39717703271897,"GO:0042981 Regulation of apoptotic process ","https://amigo.geneontology.org/amigo/term/GO:0042981"," SLK  JAK2  TAX1BP1  BIRC2  TAF9B  BCLAF1  CCAR1  HSP90AA1  HIF1A  RAPGEF2  PRLR  ECT2  TOP2A  PRKAA1  RASA1  PHIP  SON  DLC1  CDK1  ARL6IP1  MALT1  AURKB  OPA1  UFL1  RB1CC1  PIAS1  KITLG  ROCK1  PALB2  NCOA1  RRN3  MSH2  KIF14  MYB  GPAM  HELLS  APAF1  PIK3CA  SYNE1  FIGNL1  NES  EPHA7  USP15  RB1  PIK3R1  CDK19  RAD21  OXR1  MELK  DDIAS  FRS2  TRAF6  ATAD5  SYCP2  XRCC2  NF1  SLC39A10  CD2AP  PRKDC  ITGA6  BRCA1  MRE11  LRP6  REST  TJP1  HIPK3  TRIM24  IL6ST  MARCHF7  BARD1  ITGAV  NAA15  HSP90B1  NAA16  DDX3X  STIL  TOPORS  EPC2"
0.0175886622027478,10,96,3.02460466084062,"GO:0032206 Positive regulation of telomere maintenance ","https://amigo.geneontology.org/amigo/term/GO:0032206"," POT1  ATRX  MRE11  NBN  NEK2  NEK7  DHX36  AURKB  ATR  HSP90AA1"
0.0176550337493828,48,896,1.55551096843232,"GO:0051603 Proteolysis involved in protein catabolic process ","https://amigo.geneontology.org/amigo/term/GO:0051603"," ANKIB1  CDC27  UFL1  UBA6  RC3H2  CCAR1  PSME4  NEDD4  HACE1  HECTD1  UGGT2  CUL2  UBE4A  IDE  RC3H1  UGGT1  DTL  SPOPL  UBR3  FBXO38  TRIP12  NEMF  HSP90B1  UBE2C  TTC3  XPO1  MIB1  BIRC2  CUL4B  MALT1  PIAS1  DNAJC10  EDEM3  CLOCK  USP25  PBK  MTM1  SOCS4  USP28  KIF14  USP9X  MARCHF7  TMTC3  RNF20  PDCD6IP  DDI2  TOPORS  PJA2"
0.0177816483897175,6,38,4.58466390695841,"GO:0046825 Regulation of protein export from nucleus ","https://amigo.geneontology.org/amigo/term/GO:0046825"," UHMK1  BARD1  XPO1  CTDSPL2  XPO4  TPR"
0.0177816483897175,6,38,4.58466390695841,"GO:0051654 Establishment of mitochondrion localization ","https://amigo.geneontology.org/amigo/term/GO:0051654"," TRAK2  DNM1L  KIF5B  HIF1A  LRPPRC  OPA1"
0.0182387110769049,80,1674,1.38763224583369,"GO:0043067 Regulation of programmed cell death ","https://amigo.geneontology.org/amigo/term/GO:0043067"," SLK  JAK2  TAX1BP1  BIRC2  TAF9B  BCLAF1  CCAR1  HSP90AA1  HIF1A  RAPGEF2  PRLR  ECT2  TOP2A  PRKAA1  RASA1  PHIP  SON  DLC1  CDK1  ARL6IP1  MALT1  AURKB  ZDHHC17  OPA1  UFL1  RB1CC1  PIAS1  KITLG  ROCK1  PALB2  NCOA1  RRN3  MSH2  KIF14  MYB  GPAM  HELLS  APAF1  PIK3CA  SYNE1  FIGNL1  NES  EPHA7  USP15  RB1  PIK3R1  CDK19  RAD21  OXR1  MELK  DDIAS  FRS2  TRAF6  ATAD5  SYCP2  XRCC2  NF1  SLC39A10  CD2AP  PRKDC  ITGA6  BRCA1  MRE11  LRP6  REST  TJP1  MET  HIPK3  TRIM24  IL6ST  MARCHF7  BARD1  ITGAV  NAA15  HSP90B1  NAA16  DDX3X  STIL  TOPORS  EPC2"
0.0182486807728334,4,16,7.25905118601748,"GO:0000054 Ribosomal subunit export from nucleus ","https://amigo.geneontology.org/amigo/term/GO:0000054"," XPO1  MDN1  NMD3  TSC1"
0.0182486807728334,15,184,2.36708190848396,"GO:0018105 Peptidyl-serine phosphorylation ","https://amigo.geneontology.org/amigo/term/GO:0018105"," FNIP2  ROCK1  CLSPN  UHMK1  SMG1  MORC3  CDK1  ATR  PRKDC  PRKAA1  DOCK7  AKAP9  WNK1  HIPK3  PIKFYVE"
0.0182486807728334,4,16,7.25905118601748,"GO:0033750 Ribosome localization ","https://amigo.geneontology.org/amigo/term/GO:0033750"," XPO1  MDN1  NMD3  TSC1"
0.0182486807728334,4,16,7.25905118601748,"GO:2001034 Positive regulation of double-strand break repair via nonhomologous end joining ","https://amigo.geneontology.org/amigo/term/GO:2001034"," SHLD2  PRKDC  TOP2B  SMCHD1"
0.0187195325238594,10,97,2.99342316949174,"GO:2000278 Regulation of dna biosynthetic process ","https://amigo.geneontology.org/amigo/term/GO:2000278"," POT1  XRN1  RFC3  KAT7  DSCC1  CCNA2  CHEK1  ATR  HSP90AA1  USP1"
0.0187364429768554,8,66,3.51953996897817,"GO:0051785 Positive regulation of nuclear division ","https://amigo.geneontology.org/amigo/term/GO:0051785"," RAD51AP1  NUSAP1  UBE2C  RB1  SKA1  SKA3  PHIP  DLGAP5"
0.0193043478740134,11,114,2.80173905425236,"GO:0002377 Immunoglobulin production ","https://amigo.geneontology.org/amigo/term/GO:0002377"," MSH2  MSH3  PRKDC  TP53BP1  SHLD2  POLQ  NBN  MSH6  EXO1  TRAF6  ATAD5"
0.0194269847986687,160,3753,1.23788775887322,"GO:0023051 Regulation of signaling ","https://amigo.geneontology.org/amigo/term/GO:0023051"," ECT2  MALT1  ZDHHC17  MIER1  DEPDC1B  ERC1  WDR76  SHOC2  CAPRIN2  TMEM131L  PRKAA1  CDK5RAP2  DENND4C  MYOF  FRMD6  ARHGAP18  GPC3  EPS8  WWC2  OTUD4  DLC1  TSC1  FSTL5  DENND4A  TRAF6  PJA2  TRIM59  ARHGEF28  HIF1A  TAF9B  UFL1  FNIP2  ATP2B4  SEMA6A  JAK2  DICER1  MET  TAX1BP1  DHX15  RAPGEF2  PRLR  USP9X  CNOT1  IL6ST  EPHA7  USP15  SCYL2  NCOR1  PRKACB  PIK3R1  PHIP  THRB  NEK7  CENPJ  USP25  TAOK1  USP1  PTPN13  AURKB  SOCS4  ZNF675  ENPP1  DDX3X  PRKDC  RB1CC1  OFD1  KITLG  RC3H2  ASPM  ARFGEF1  SYT1  PALS1  NCOA1  RRN3  EPS15  OSBPL8  PLCB4  EIF3A  BIRC2  SLC38A1  ERBIN  ARRDC3  SSX2IP  MYB  HELLS  APAF1  TRIM24  SYNE1  FIGNL1  CLOCK  RC3H1  EPRS1  CTDSPL2  ARHGAP29  CEP55  GLCE  RB1  IFNAR1  SLC4A10  ABCA12  FANCD2  C9orf72  RASA2  RACGAP1  DDIAS  FRS2  C2CD3  PBK  RBPJ  RALGAPB  KIF5B  MTM1  RALGAPA1  DHX36  ATAD5  NF1  SLC39A10  CD2AP  OPA1  PLIN5  ZBED6  REL  PIK3CA  BRCA1  BCLAF1  TPR  WNK1  ROCK1  NEDD4  NDC80  REST  KIF16B  ITGA6  FKTN  ZNF451  KIF14  CIT  IFT81  MARCHF7  KNL1  ITGAV  SLC39A8  IQGAP1  SKA1  ARHGAP12  SKA3  ATR  GEN1  HIPK3  RAB3GAP1  WDR11  MACF1  ROCK2  ARID4A  BARD1  BRCA2  ARHGAP21  ARHGAP32  CHEK1  ARHGAP11A"
0.0198388041450428,3,8,10.8885767790262,"GO:0072423 Response to dna damage checkpoint signaling ","https://amigo.geneontology.org/amigo/term/GO:0072423"," SMC1A  EME1  APAF1"
0.0200429180417714,10,98,2.96287803510917,"GO:0051492 Regulation of stress fiber assembly ","https://amigo.geneontology.org/amigo/term/GO:0051492"," MET  DLC1  TSC1  TJP1  PIK3R1  CLASP1  ALMS1  ROCK2  CLASP2  ROCK1"
0.0202728482077683,5,27,5.37707495260554,"GO:0008156 Negative regulation of dna replication ","https://amigo.geneontology.org/amigo/term/GO:0008156"," SLFN11  FBXO5  PDS5A  ATR  CDC6"
0.0202728482077683,5,27,5.37707495260554,"GO:0021846 Cell proliferation in forebrain ","https://amigo.geneontology.org/amigo/term/GO:0021846"," CEP120  PCM1  KIF14  RRM1  DOCK7"
0.0202933171435799,8,67,3.46700952167999,"GO:0006611 Protein export from nucleus ","https://amigo.geneontology.org/amigo/term/GO:0006611"," CSE1L  XPO4  UHMK1  RANBP17  XPO1  BARD1  CTDSPL2  TPR"
0.0202933171435799,31,516,1.74442315322901,"GO:0008380 Rna splicing ","https://amigo.geneontology.org/amigo/term/GO:0008380"," ZNF638  CDC5L  SF3B1  PTBP3  SCAF11  MBNL2  DDX46  CWF19L2  MBNL1  SON  CWC22  PRPF40A  AQR  MTREX  PNN  DHX15  PPWD1  TCERG1  NSRP1  BCLAF1  THOC1  REST  TTF2  THOC2  NCBP1  PAXBP1  VIRMA  CDK12  LARP7  PIK3R1  KAT2B"
0.0202933171435799,8,67,3.46700952167999,"GO:0051893 Regulation of focal adhesion assembly ","https://amigo.geneontology.org/amigo/term/GO:0051893"," MACF1  SLK  DLC1  TSC1  ROCK1  CLASP1  CLASP2  ROCK2"
0.0202933171435799,8,67,3.46700952167999,"GO:0090109 Regulation of cell-substrate junction assembly ","https://amigo.geneontology.org/amigo/term/GO:0090109"," MACF1  SLK  DLC1  TSC1  ROCK1  CLASP1  CLASP2  ROCK2"
0.0205612910214622,52,999,1.51139404073237,"GO:0000122 Negative regulation of transcription by rna polymerase ii ","https://amigo.geneontology.org/amigo/term/GO:0000122"," ATF2  ZNF148  PER3  ZNF451  NCOR1  THRB  NR1D2  ZBTB33  NRIP1  ZBTB6  MIER1  FNIP2  REST  TRPS1  TCERG1  KAT2B  KLF12  CNOT1  E2F8  ARID5B  WWC2  BACH1  MORC3  NIPBL  E2F7  AURKB  ZNF136  ZNF675  ZNF224  PIAS1  RFC1  KDM5A  RBL1  CBX5  RB1  NCOA2  GABPA  COPS2  RBPJ  ATF7IP  SUZ12  ZBED6  TPR  NEDD4  MYB  SUV39H2  LARP7  TRAF6  TAF9B  DICER1  ARID4A  USP9X"
0.0211358651766778,7,53,3.83497043789603,"GO:0010171 Body morphogenesis ","https://amigo.geneontology.org/amigo/term/GO:0010171"," OFD1  GPC3  ARID5B  CLASP1  RAB3GAP1  CLASP2  NIPBL"
0.0211358651766778,7,53,3.83497043789603,"GO:0032968 Positive regulation of transcription elongation by rna polymerase ii ","https://amigo.geneontology.org/amigo/term/GO:0032968"," LEO1  CDK12  CCNT1  MED23  NCBP1  MED14  TCERG1"
0.0211358651766778,7,53,3.83497043789603,"GO:0060236 Regulation of mitotic spindle organization ","https://amigo.geneontology.org/amigo/term/GO:0060236"," TPR  BORA  TPX2  CLTC  STIL  CENPJ  SASS6"
0.0214412406645732,38,675,1.63463078559208,"GO:0097190 Apoptotic signaling pathway ","https://amigo.geneontology.org/amigo/term/GO:0097190"," PRKDC  TAF9B  BRCA1  USP28  DNAJC10  HIF1A  PHIP  TOPORS  E2F2  RB1CC1  KITLG  RRN3  MSH2  JAK2  NBN  ATF2  MSH6  CASP8AP2  HELLS  APAF1  FIGNL1  USP15  ITGAV  BRCA2  RB1  PIK3R1  MELK  DDIAS  ATAD5  NF1  OPA1  BCLAF1  SENP1  ITGA6  MARCHF7  DDX3X  FNIP2  CUL2"
0.02155347975617,13,151,2.49980570644311,"GO:0000956 Nuclear-transcribed mrna catabolic process ","https://amigo.geneontology.org/amigo/term/GO:0000956"," RC3H2  DIS3  XRN1  CNOT1  RC3H1  NCBP1  PAN3  SMG1  DCP1A  BCLAF1  NF1  NBAS  DHX36"
0.0215844986534654,17,226,2.18413929490791,"GO:0031032 Actomyosin structure organization ","https://amigo.geneontology.org/amigo/term/GO:0031032"," ANLN  ROCK1  EPB41L2  ROCK2  IQGAP1  MET  DLC1  TSC1  TRPM7  TJP1  ECT2  PIK3R1  CLASP1  ALMS1  RACGAP1  CLASP2  PDCD6IP"
0.0216639307852245,33,563,1.70194450542506,"GO:0051336 Regulation of hydrolase activity ","https://amigo.geneontology.org/amigo/term/GO:0051336"," ZC3H15  ARFGEF1  MET  RAPGEF2  ECT2  RAB3GAP1  DOCK7  APAF1  DLC1  TSC1  ARL6IP1  NF1  ARHGAP11A  RASAL2  IQGAP1  RASA1  RASA2  GAPVD1  RALGAPA1  WNK1  ROCK1  SENP1  REST  ITGA6  RAPGEF6  MALT1  DDX3X  DOCK9  JAK2  EPHA7  RALGAPB  PLIN5  BIRC2"
0.0217865937161357,30,497,1.75268841513501,"GO:0007018 Microtubule-based movement ","https://amigo.geneontology.org/amigo/term/GO:0007018"," PCM1  KIF16B  SPG11  TRAK2  SSX2IP  KIF14  IFT81  AP3B1  KIF23  KIF20B  CENPE  KIF21A  KIF2C  WDR19  KIF15  KIF5B  OFD1  ATP2B4  KIF4A  KTN1  RIBC2  KIF11  CEP78  KIF24  HIF1A  ARHGAP21  INTS13  DLGAP5  LRPPRC  OPA1"
0.0222773501710667,4,17,6.83204817507527,"GO:0014841 Skeletal muscle satellite cell proliferation ","https://amigo.geneontology.org/amigo/term/GO:0014841"," NDC80  JAK2  DSN1  PAXBP1"
0.0222773501710667,4,17,6.83204817507527,"GO:1902412 Regulation of mitotic cytokinesis ","https://amigo.geneontology.org/amigo/term/GO:1902412"," WNK1  KIF20B  ECT2  AURKB"
0.0222773501710667,4,17,6.83204817507527,"GO:1902969 Mitotic dna replication ","https://amigo.geneontology.org/amigo/term/GO:1902969"," MCM6  CDC45  POLA1  BRCA2"
0.0222956805082348,30,498,1.74916896048614,"GO:0007015 Actin filament organization ","https://amigo.geneontology.org/amigo/term/GO:0007015"," PLS1  GAS2L3  IQGAP1  SSH2  ARHGAP18  ADD3  PLEKHH2  WASHC5  MYO6  CD2AP  NCKAP1  MET  RASA1  DLC1  TSC1  HSP90B1  TJP1  PIK3CA  PIK3R1  C9orf72  EPS8  ARFGEF1  CLASP1  ALMS1  ROCK2  CLASP2  ARHGAP12  JAK2  WASHC4  ROCK1"
0.0227838458745382,117,2637,1.28829577362768,"GO:0006796 Phosphate-containing compound metabolic process ","https://amigo.geneontology.org/amigo/term/GO:0006796"," PLCB4  DGKH  GNPTAB  PLCH1  GPAM  PIK3CA  PIK3R1  MTMR10  RRM1  MTM1  RRM2  SOCS4  ENPP1  FAR1  HIF1A  PIKFYVE  IBTK  MRE11  FNIP2  WNK1  PKN2  SLK  ROCK1  LRP6  DNAJC10  HSP90AA1  RBL1  ERC1  TPX2  CLSPN  NBN  RAPGEF2  HIPK3  RAB23  PRLR  ECT2  ATF2  NEK2  PRKAA1  ROCK2  EPHA7  RB1  PLK4  PRKACB  CHEK1  NEK7  UHMK1  PTPRK  SMG1  MORC3  TAOK1  PTPN13  SNRK  MELK  COPS2  CDK12  CDK1  ATR  TRAF6  HASPIN  PIK3R4  ZNF675  OPA1  DDX3X  PRKDC  KITLG  MAPK6  DNM1L  PTPN4  TRPM7  JAK2  CDC7  UGGT2  MET  TTK  KAT2B  GPD2  MASTL  CIT  SCYL2  UGGT1  IQGAP1  SSH2  C9orf72  PAN3  AK9  CDK19  CDC25C  CDC25A  RSKR  PBK  BUB1  MAP3K2  ELOVL6  AURKB  SPDYE18  SLC4A7  PPP1R12A  ITGA6  DOCK7  KIF14  AKAP9  IL6ST  BARD1  CENPE  NCOR1  CTTNBP2NL  BLM  FIGNL1  PHIP  SLC8A1  NF1  OSBPL8  CDC6  CCNT1  CCNE2  IPO7"
0.0231417133987731,7,54,3.76395246682388,"GO:2000573 Positive regulation of dna biosynthetic process ","https://amigo.geneontology.org/amigo/term/GO:2000573"," POT1  RFC3  DSCC1  CCNA2  ATR  HSP90AA1  USP1"
0.0231882480201892,5,28,5.18503656144106,"GO:0034453 Microtubule anchoring ","https://amigo.geneontology.org/amigo/term/GO:0034453"," PCM1  CEP350  CLASP1  GCC2  CLASP2"
0.0235477419821277,117,2640,1.28683180115764,"GO:0006793 Phosphorus metabolic process ","https://amigo.geneontology.org/amigo/term/GO:0006793"," PLCB4  DGKH  GNPTAB  PLCH1  GPAM  PIK3CA  PIK3R1  MTMR10  RRM1  MTM1  RRM2  SOCS4  ENPP1  FAR1  HIF1A  PIKFYVE  IBTK  MRE11  FNIP2  WNK1  PKN2  SLK  ROCK1  LRP6  DNAJC10  HSP90AA1  RBL1  ERC1  TPX2  CLSPN  NBN  RAPGEF2  HIPK3  RAB23  PRLR  ECT2  ATF2  NEK2  PRKAA1  ROCK2  EPHA7  RB1  PLK4  PRKACB  CHEK1  NEK7  UHMK1  PTPRK  SMG1  MORC3  TAOK1  PTPN13  SNRK  MELK  COPS2  CDK12  CDK1  ATR  TRAF6  HASPIN  PIK3R4  ZNF675  OPA1  DDX3X  PRKDC  KITLG  MAPK6  DNM1L  PTPN4  TRPM7  JAK2  CDC7  UGGT2  MET  TTK  KAT2B  GPD2  MASTL  CIT  SCYL2  UGGT1  IQGAP1  SSH2  C9orf72  PAN3  AK9  CDK19  CDC25C  CDC25A  RSKR  PBK  BUB1  MAP3K2  ELOVL6  AURKB  SPDYE18  SLC4A7  PPP1R12A  ITGA6  DOCK7  KIF14  AKAP9  IL6ST  BARD1  CENPE  NCOR1  CTTNBP2NL  BLM  FIGNL1  PHIP  SLC8A1  NF1  OSBPL8  CDC6  CCNT1  CCNE2  IPO7"
0.0249951279570922,6,41,4.24920069425413,"GO:1901889 Negative regulation of cell junction assembly ","https://amigo.geneontology.org/amigo/term/GO:1901889"," DLC1  EPHA7  PTPN13  ROCK1  ROCK2  CLASP2"
0.025069306197726,13,154,2.45110819268123,"GO:1900180 Regulation of protein localization to nucleus ","https://amigo.geneontology.org/amigo/term/GO:1900180"," KAT7  PIK3R1  LARP7  HSP90AA1  JAK2  ECT2  CDK1  NF1  CD2AP  IPO7  TPR  RAB23  NMD3"
0.0255300332853888,7,55,3.69551696742708,"GO:0042771 Intrinsic apoptotic signaling pathway in response to dna damage by p53 class mediator ","https://amigo.geneontology.org/amigo/term/GO:0042771"," TAF9B  USP28  MSH2  BRCA2  ATAD5  TOPORS  MARCHF7"
0.0257664499120174,10,102,2.8466867396147,"GO:0007044 Cell-substrate junction assembly ","https://amigo.geneontology.org/amigo/term/GO:0007044"," MACF1  SLK  DLC1  TSC1  ROCK1  CLASP1  PTPRK  CLASP2  ITGA6  ROCK2"
0.0257741552543901,68,1401,1.40932328522252,"GO:0045892 Negative regulation of dna-templated transcription ","https://amigo.geneontology.org/amigo/term/GO:0045892"," ATF2  ZNF148  PER3  REST  ZNF451  NCOR1  THRB  PHC3  NR1D2  ZBTB33  NRIP1  ZBTB6  MIER1  LARP7  BRCA1  DEPDC1  BCLAF1  ARID4A  FNIP2  CBX5  BTAF1  TRPS1  TCERG1  KAT2B  CENPF  KLF12  CNOT1  E2F8  RB1  ARID5B  WWC2  PTPRK  BACH1  KAT6B  MORC3  NIPBL  ZNF12  E2F7  RBPJ  ATF7IP  AURKB  ZNF438  ZNF136  ZNF675  ZNF224  PIAS1  RFC1  CCAR1  KDM5A  RBL1  RBBP8  TRIM24  CLOCK  NCOA2  GABPA  COPS2  SUZ12  ZBED6  TPR  NEDD4  HIF1A  MYB  SUV39H2  TRAF6  TAF9B  DICER1  SETDB2  USP9X"
0.0257793855812275,21,311,1.96064405024266,"GO:0072659 Protein localization to plasma membrane ","https://amigo.geneontology.org/amigo/term/GO:0072659"," PALS1  C2CD5  BLZF1  ATP2B4  MACF1  ABCA12  GOLGA4  KIF5B  EXOC5  PLS1  DENND4C  PIK3R1  NECTIN3  ROCK1  ROCK2  RAPGEF2  CLTC  RAPGEF6  CLASP2  LRP6  WNK1"
0.0257826345236697,8,70,3.31842339932228,"GO:0006893 Golgi to plasma membrane transport ","https://amigo.geneontology.org/amigo/term/GO:0006893"," EXOC5  EXOC1  EXOC2  BLZF1  EXOC6  EXOC6B  MACF1  GOLGA4"
0.0258714110792559,159,3758,1.22851425074697,"GO:0010646 Regulation of cell communication ","https://amigo.geneontology.org/amigo/term/GO:0010646"," ECT2  MALT1  ZDHHC17  MIER1  DEPDC1B  ERC1  WDR76  SHOC2  CAPRIN2  TMEM131L  PRKAA1  CDK5RAP2  DENND4C  MYOF  FRMD6  ARHGAP18  GPC3  EPS8  WWC2  OTUD4  DLC1  TSC1  FSTL5  DENND4A  TRAF6  PJA2  TRIM59  ARHGEF28  HIF1A  TAF9B  UFL1  FNIP2  ATP2B4  SEMA6A  JAK2  DICER1  MET  TAX1BP1  DHX15  RAPGEF2  PRLR  USP9X  CNOT1  IL6ST  EPHA7  USP15  SCYL2  NCOR1  PRKACB  PIK3R1  PHIP  THRB  NEK7  CENPJ  USP25  TAOK1  USP1  PTPN13  AURKB  SOCS4  ZNF675  ENPP1  DDX3X  PRKDC  RB1CC1  OFD1  KITLG  RC3H2  ASPM  ARFGEF1  SYT1  PALS1  NCOA1  RRN3  OSBPL8  PLCB4  EIF3A  BIRC2  SLC38A1  ERBIN  ARRDC3  SSX2IP  MYB  HELLS  APAF1  TRIM24  SYNE1  FIGNL1  CLOCK  RC3H1  EPRS1  CTDSPL2  ARHGAP29  CEP55  GLCE  RB1  IFNAR1  SLC4A10  ABCA12  FANCD2  C9orf72  RASA2  RACGAP1  DDIAS  FRS2  C2CD3  PBK  RBPJ  RALGAPB  KIF5B  MTM1  RALGAPA1  DHX36  ATAD5  NF1  SLC39A10  CD2AP  OPA1  PLIN5  ZBED6  REL  PIK3CA  BRCA1  BCLAF1  TPR  WNK1  ROCK1  NEDD4  NDC80  REST  ITGA6  FKTN  ZNF451  KIF14  CIT  IFT81  MARCHF7  KNL1  ITGAV  SLC39A8  IQGAP1  SKA1  ARHGAP12  SKA3  ATR  GEN1  HIPK3  RAB3GAP1  WDR11  MACF1  ROCK2  ARID4A  BARD1  BRCA2  ARHGAP21  ARHGAP32  CHEK1  SLC8A1  ARHGAP11A"
0.0258714110792559,15,192,2.26845349563046,"GO:0046777 Protein autophosphorylation ","https://amigo.geneontology.org/amigo/term/GO:0046777"," MRE11  SLK  NBN  NEK2  UHMK1  SMG1  MELK  CDK12  ATR  ENPP1  DDX3X  EPHA7  JAK2  PIKFYVE  TAOK1"
0.0260157828207742,73,1526,1.38901896875302,"GO:0051253 Negative regulation of rna metabolic process ","https://amigo.geneontology.org/amigo/term/GO:0051253"," ATF2  ZNF148  PER3  REST  ZNF451  NCOR1  THRB  PHC3  NR1D2  ZBTB33  NRIP1  ZBTB6  MIER1  LARP7  BRCA1  DEPDC1  BCLAF1  ARID4A  FNIP2  CBX5  BTAF1  TRPS1  TCERG1  KAT2B  CENPF  KLF12  CNOT1  E2F8  RB1  ARID5B  WWC2  PTPRK  BACH1  KAT6B  MORC3  NIPBL  ZNF12  E2F7  RBPJ  ATF7IP  DHX36  AURKB  ZNF438  ZNF136  ZNF675  ZNF224  PIAS1  RFC1  CCAR1  KDM5A  RBL1  RBBP8  TRIM24  CLOCK  LRPPRC  NCOA2  GABPA  COPS2  SUZ12  ZBED6  TPR  NEDD4  HIF1A  MYB  NBAS  SUV39H2  TRAF6  TAF9B  DICER1  SETDB2  BARD1  USP9X  IREB2"
0.0266571085002301,5,29,5.00624219725343,"GO:0010592 Positive regulation of lamellipodium assembly ","https://amigo.geneontology.org/amigo/term/GO:0010592"," NCKAP1  HSP90AA1  PIK3R1  ATP7A  PIK3CA"
0.0266571085002301,5,29,5.00624219725343,"GO:0016233 Telomere capping ","https://amigo.geneontology.org/amigo/term/GO:0016233"," POT1  NBN  MRE11  ERCC4  PRKDC"
0.0267222744472667,22,333,1.91830782092954,"GO:1903311 Regulation of mrna metabolic process ","https://amigo.geneontology.org/amigo/term/GO:1903311"," RC3H2  ZC3H14  FASTKD2  CNOT1  RC3H1  NCBP1  SLTM  PAN3  SON  DCP1A  CWC22  SENP1  NSRP1  ROCK1  REST  NBAS  LARP7  DHX36  ROCK2  BARD1  DIS3  IREB2"
0.0267481323821413,53,1039,1.48115385123744,"GO:0000902 Cell morphogenesis ","https://amigo.geneontology.org/amigo/term/GO:0000902"," NCKAP1  NEDD4  NRCAM  SEMA6A  SPG11  DOCK7  EPHA7  RB1  PHIP  BRWD3  KIF5B  SLITRK6  ARHGEF28  SYT1  MET  RAPGEF2  MACF1  GOLGA4  CLASP2  ITSN2  ROCK1  TOP2B  EIF4G2  CAPRIN2  ECT2  PLS1  THOC2  SYNE1  NES  AP3B1  KIDINS220  ARHGAP32  WDR36  KIF20B  SEC24B  FRMD6  C9orf72  EPS8  WDR19  DHX36  ZDHHC17  CD2AP  PRKDC  USP9X  STRIP2  KIF21A  IQGAP1  ARHGAP18  DLC1  PRPF40A  DICER1  ATP7A  RASA1"
0.0267481323821413,4,18,6.45248994312665,"GO:0006895 Golgi to endosome transport ","https://amigo.geneontology.org/amigo/term/GO:0006895"," DOP1A  EPS15  MON2  KIF16B"
0.0267481323821413,3,9,9.67873491468997,"GO:0015917 Aminophospholipid transport ","https://amigo.geneontology.org/amigo/term/GO:0015917"," ATP8A1  ATP11C  ATP11B"
0.0267481323821413,4,18,6.45248994312665,"GO:0032239 Regulation of nucleobase-containing compound transport ","https://amigo.geneontology.org/amigo/term/GO:0032239"," TPR  WNK1  NUP153  THOC2"
0.0267481323821413,3,9,9.67873491468997,"GO:0042796 Snrna transcription by rna polymerase iii ","https://amigo.geneontology.org/amigo/term/GO:0042796"," ICE2  POLR3B  ICE1"
0.0267481323821413,3,9,9.67873491468997,"GO:0046602 Regulation of mitotic centrosome separation ","https://amigo.geneontology.org/amigo/term/GO:0046602"," CHEK1  NEK2  KIF11"
0.0267481323821413,61,1233,1.4365032355136,"GO:0048666 Neuron development ","https://amigo.geneontology.org/amigo/term/GO:0048666"," SLC4A7  NCKAP1  NEDD4  NRCAM  SEMA6A  SPG11  DOCK7  EPHA7  RB1  KIF5B  SLITRK6  SYT1  RAPGEF2  CAMSAP2  MACF1  GOLGA4  FBXO38  CLASP2  ITSN2  UBA6  MAPK6  PALS1  TOP2B  JAK2  SHOC2  EIF4G2  CAPRIN2  KAT2B  PLS1  THOC2  SYNE1  KIDINS220  ARHGAP32  WDR36  SCYL2  KIF20B  SEC24B  SLC4A10  C9orf72  THRB  UHMK1  C21orf91  CUL4B  TAOK1  PBRM1  WASHC5  DHX36  ZDHHC17  CD2AP  ARHGEF28  TUG1  ROCK1  USP9X  KIF21A  IQGAP1  ITGA6  DICER1  STRN  ATP7A  TOPORS  WNK1"
0.0267481323821413,4,18,6.45248994312665,"GO:0051299 Centrosome separation ","https://amigo.geneontology.org/amigo/term/GO:0051299"," NEK2  CHEK1  KIF11  KIF15"
0.0267481323821413,10,103,2.81904900427863,"GO:0051781 Positive regulation of cell division ","https://amigo.geneontology.org/amigo/term/GO:0051781"," WNK1  ECT2  RACGAP1  KIF20B  PKN2  CDC6  KIF14  CIT  KIF23  AURKB"
0.0267481323821413,3,9,9.67873491468997,"GO:0072396 Response to cell cycle checkpoint signaling ","https://amigo.geneontology.org/amigo/term/GO:0072396"," SMC1A  EME1  APAF1"
0.0267481323821413,3,9,9.67873491468997,"GO:0072402 Response to dna integrity checkpoint signaling ","https://amigo.geneontology.org/amigo/term/GO:0072402"," SMC1A  EME1  APAF1"
0.0267481323821413,3,9,9.67873491468997,"GO:1902423 Regulation of attachment of mitotic spindle microtubules to kinetochore ","https://amigo.geneontology.org/amigo/term/GO:1902423"," KAT2B  CDK1  AURKB"
0.0270096605318301,24,376,1.85337477089808,"GO:0031346 Positive regulation of cell projection organization ","https://amigo.geneontology.org/amigo/term/GO:0031346"," EPS8  NCKAP1  MACF1  GOLGA4  FBXO38  HSP90AA1  CCP110  SHOC2  EIF4G2  CAPRIN2  KAT2B  ARHGAP32  PIK3R1  CENPJ  WASHC5  ATP7A  CEP120  DHX36  ANLN  CEP135  ITGA6  RAPGEF2  PIK3CA  KIDINS220"
0.0270700935958486,7,56,3.62952559300874,"GO:0002204 Somatic recombination of immunoglobulin genes involved in immune response ","https://amigo.geneontology.org/amigo/term/GO:0002204"," MSH2  TP53BP1  SHLD2  NBN  MSH6  EXO1  ATAD5"
0.0270700935958486,7,56,3.62952559300874,"GO:0002208 Somatic diversification of immunoglobulins involved in immune response ","https://amigo.geneontology.org/amigo/term/GO:0002208"," MSH2  TP53BP1  SHLD2  NBN  MSH6  EXO1  ATAD5"
0.0270700935958486,6,42,4.14802924915285,"GO:0031111 Negative regulation of microtubule polymerization or depolymerization ","https://amigo.geneontology.org/amigo/term/GO:0031111"," CAMSAP2  CKAP2  TPX2  CLASP1  TAOK1  CLASP2"
0.0270700935958486,6,42,4.14802924915285,"GO:0042307 Positive regulation of protein import into nucleus ","https://amigo.geneontology.org/amigo/term/GO:0042307"," PIK3R1  HSP90AA1  JAK2  ECT2  CDK1  TPR"
0.0270700935958486,7,56,3.62952559300874,"GO:0045190 Isotype switching ","https://amigo.geneontology.org/amigo/term/GO:0045190"," TP53BP1  SHLD2  MSH2  NBN  MSH6  EXO1  ATAD5"
0.0278497365458729,23,356,1.87593457616182,"GO:0006401 Rna catabolic process ","https://amigo.geneontology.org/amigo/term/GO:0006401"," MTREX  RC3H2  DIS3  ZC3H14  XRN1  FASTKD2  CNOT1  RC3H1  NCBP1  PAN3  SMG1  DCP1A  SENP1  DNA2  DHX36  BCLAF1  ROCK1  LRPPRC  NF1  NBAS  ROCK2  DICER1  IREB2"
0.0279964692061571,11,121,2.63965497673363,"GO:0120034 Positive regulation of plasma membrane bounded cell projection assembly ","https://amigo.geneontology.org/amigo/term/GO:0120034"," EPS8  NCKAP1  HSP90AA1  CCP110  PIK3R1  CENPJ  ATP7A  CEP120  ANLN  CEP135  PIK3CA"
0.0281157599923807,125,2868,1.26552496269482,"GO:0009653 Anatomical structure morphogenesis ","https://amigo.geneontology.org/amigo/term/GO:0009653"," ITGA2B  NCKAP1  ROCK1  NEDD4  PALS1  NRCAM  SEMA6A  SPG11  ADGRG6  DOCK7  ROCK2  EPHA7  ITGAV  RB1  PHIP  FREM2  NIPBL  BRWD3  KIF5B  SLITRK6  MYO6  ARHGEF28  HIF1A  ATP2B4  SYT1  LRP6  MET  RAPGEF2  MACF1  GOLGA4  CLASP2  ITSN2  MATR3  OFD1  WNK1  SDK2  EXOC5  TOP2B  PALB2  NCOA1  ATRX  MIB1  TJP1  EIF4G2  CAPRIN2  MAN2A1  ECT2  PIKFYVE  ATF2  NR5A2  KIF14  PLS1  APAF1  PIK3CA  CNOT1  THOC2  E2F8  SYNE1  NES  AP3B1  KIDINS220  ARHGAP32  WDR36  RC3H1  KIF20B  ENPEP  SEC24B  FRMD6  GREB1L  PRKACB  SLC4A10  LNPK  FANCD2  GPC3  C9orf72  ARID5B  THRB  EPS8  GABPA  WDR19  NAA15  TSC1  E2F7  FRS2  LEO1  C2CD3  RBPJ  DHX36  TRAF6  NECTIN3  ZDHHC17  ARID2  SYCP2  XRCC2  NF1  CD2AP  OPA1  TUG1  PRKDC  E2F2  CLASP1  BRCA1  DNM1L  ITGA6  RAB23  RAB3GAP1  USP9X  STRIP2  KIF21A  IQGAP1  RASA1  ARHGAP18  NPY1R  DLC1  ARHGAP12  PRPF40A  KIF16B  DICER1  STIL  SETDB2  MBNL1  ATP7A  TOPORS  KNL1  PTBP3"
0.029446471715395,24,379,1.83870425819968,"GO:0032535 Regulation of cellular component size ","https://amigo.geneontology.org/amigo/term/GO:0032535"," SSH2  ARHGAP18  ADD3  PLEKHH2  WNK1  MACF1  GOLGA4  RASA1  CLASP2  RB1CC1  HSP90AA1  EIF4G2  PLS1  PIK3CA  ARHGAP32  WDR36  EPHA7  EPS8  WASHC5  ATP7A  TSC1  ARFGEF1  NCKAP1  NRCAM"
0.0298745249003729,5,30,4.83936745734499,"GO:0034643 Establishment of mitochondrion localization microtubule-mediated ","https://amigo.geneontology.org/amigo/term/GO:0034643"," TRAK2  KIF5B  HIF1A  LRPPRC  OPA1"
0.0298745249003729,5,30,4.83936745734499,"GO:0047497 Mitochondrion transport along microtubule ","https://amigo.geneontology.org/amigo/term/GO:0047497"," TRAK2  KIF5B  HIF1A  LRPPRC  OPA1"
0.0299863097162031,15,196,2.22215852633188,"GO:0018209 Peptidyl-serine modification ","https://amigo.geneontology.org/amigo/term/GO:0018209"," FNIP2  ROCK1  CLSPN  UHMK1  SMG1  MORC3  CDK1  ATR  PRKDC  PRKAA1  DOCK7  AKAP9  WNK1  HIPK3  PIKFYVE"
0.030594246139639,2,3,19.3574698293799,"GO:0032240 Negative regulation of nucleobase-containing compound transport ","https://amigo.geneontology.org/amigo/term/GO:0032240"," TPR  NUP153"
0.030594246139639,2,3,19.3574698293799,"GO:0033024 Mast cell apoptotic process ","https://amigo.geneontology.org/amigo/term/GO:0033024"," KITLG  NF1"
0.030594246139639,2,3,19.3574698293799,"GO:0033025 Regulation of mast cell apoptotic process ","https://amigo.geneontology.org/amigo/term/GO:0033025"," KITLG  NF1"
0.030594246139639,2,3,19.3574698293799,"GO:0033316 Meiotic spindle assembly checkpoint signaling ","https://amigo.geneontology.org/amigo/term/GO:0033316"," TTK  KNL1"
0.030594246139639,2,3,19.3574698293799,"GO:0034421 Post-translational protein acetylation ","https://amigo.geneontology.org/amigo/term/GO:0034421"," DSCC1  ESCO2"
0.030594246139639,2,3,19.3574698293799,"GO:0072739 Response to anisomycin ","https://amigo.geneontology.org/amigo/term/GO:0072739"," ATF2  KAT7"
0.030594246139639,2,3,19.3574698293799,"GO:0110032 Positive regulation of g2/mi transition of meiotic cell cycle ","https://amigo.geneontology.org/amigo/term/GO:0110032"," CDC25C  CDC25A"
0.030594246139639,2,3,19.3574698293799,"GO:1901660 Calcium ion export ","https://amigo.geneontology.org/amigo/term/GO:1901660"," ATP2B4  SLC8A1"
0.030594246139639,2,3,19.3574698293799,"GO:1904017 Cellular response to thyroglobulin triiodothyronine ","https://amigo.geneontology.org/amigo/term/GO:1904017"," NCOA1  NCOA2"
0.030594246139639,2,3,19.3574698293799,"GO:1905205 Positive regulation of connective tissue replacement ","https://amigo.geneontology.org/amigo/term/GO:1905205"," ROCK1  ROCK2"
0.0312168671879286,9,89,2.93624542355763,"GO:0001843 Neural tube closure ","https://amigo.geneontology.org/amigo/term/GO:0001843"," APAF1  KIF20B  SEC24B  PRKACB  TSC1  TRAF6  OPA1  STIL  DLC1"
0.0318421011484563,18,257,2.03366414549906,"GO:0071900 Regulation of protein serine/threonine kinase activity ","https://amigo.geneontology.org/amigo/term/GO:0071900"," LRP6  RAPGEF2  TRAF6  ZNF675  DDX3X  SPDYE18  CDK12  BLM  HIPK3  RB1  SLC8A1  NF1  CDC6  CCNT1  CDC25C  CDC25A  CCNE2  IPO7"
0.0318421011484563,68,1418,1.39242730789616,"GO:1902679 Negative regulation of rna biosynthetic process ","https://amigo.geneontology.org/amigo/term/GO:1902679"," ATF2  ZNF148  PER3  REST  ZNF451  NCOR1  THRB  PHC3  NR1D2  ZBTB33  NRIP1  ZBTB6  MIER1  LARP7  BRCA1  DEPDC1  BCLAF1  ARID4A  FNIP2  CBX5  BTAF1  TRPS1  TCERG1  KAT2B  CENPF  KLF12  CNOT1  E2F8  RB1  ARID5B  WWC2  PTPRK  BACH1  KAT6B  MORC3  NIPBL  ZNF12  E2F7  RBPJ  ATF7IP  AURKB  ZNF438  ZNF136  ZNF675  ZNF224  PIAS1  RFC1  CCAR1  KDM5A  RBL1  RBBP8  TRIM24  CLOCK  NCOA2  GABPA  COPS2  SUZ12  ZBED6  TPR  NEDD4  HIF1A  MYB  SUV39H2  TRAF6  TAF9B  DICER1  SETDB2  USP9X"
0.0328293743463653,11,124,2.57579235632878,"GO:0001838 Embryonic epithelial tube formation ","https://amigo.geneontology.org/amigo/term/GO:0001838"," HIF1A  MIB1  APAF1  KIF20B  SEC24B  PRKACB  TSC1  TRAF6  OPA1  STIL  DLC1"
0.0328702426725271,12,142,2.45376378118901,"GO:0002244 Hematopoietic progenitor cell differentiation ","https://amigo.geneontology.org/amigo/term/GO:0002244"," ANLN  UFL1  KITLG  REST  WDR7  ATF2  TOP2A  AP3B1  ESCO2  DHX36  PRKDC  MYB"
0.0329023185055253,6,44,3.95948246510044,"GO:0006298 Mismatch repair ","https://amigo.geneontology.org/amigo/term/GO:0006298"," MSH2  MSH3  MSH6  EXO1  POLD3  MCM8"
0.0329023185055253,16,218,2.13109759589504,"GO:0031396 Regulation of protein ubiquitination ","https://amigo.geneontology.org/amigo/term/GO:0031396"," BIRC2  UFL1  WNK1  HSP90AA1  FBXO5  FANCI  CEP78  CEP63  DDX3X  MTBP  MARCHF7  SPOPL  ARRDC3  MALT1  TRAF6  UBE2C"
0.0329023185055253,6,44,3.95948246510044,"GO:0040001 Establishment of mitotic spindle localization ","https://amigo.geneontology.org/amigo/term/GO:0040001"," SPDL1  CLASP1  CDK5RAP2  NUSAP1  CLASP2  NDC80"
0.0329023185055253,6,44,3.95948246510044,"GO:0060999 Positive regulation of dendritic spine development ","https://amigo.geneontology.org/amigo/term/GO:0060999"," MAPK6  EIF4G2  CAPRIN2  C21orf91  PBRM1  DHX36"
0.0331916199628832,9,90,2.90362047440699,"GO:0060606 Tube closure ","https://amigo.geneontology.org/amigo/term/GO:0060606"," APAF1  KIF20B  SEC24B  PRKACB  TSC1  TRAF6  OPA1  STIL  DLC1"
0.0336336815810307,8,74,3.13904916152107,"GO:0014855 Striated muscle cell proliferation ","https://amigo.geneontology.org/amigo/term/GO:0014855"," NDC80  JAK2  MYB  DSN1  PAXBP1  RBPJ  CDK1  ARID2"
0.0341236347372119,22,342,1.86782603616824,"GO:0048193 Golgi vesicle transport ","https://amigo.geneontology.org/amigo/term/GO:0048193"," EXOC5  EXOC1  EXOC2  BLZF1  COPB1  COG6  GCC2  EXOC6  SEC31A  USO1  SEC24B  EXOC6B  GOLGA4  NBAS  AP1G1  MACF1  DOP1A  SEC23IP  EPS15  TRAPPC11  MON2  KIF16B"
0.0343678227723996,12,143,2.43660459390796,"GO:0043467 Regulation of generation of precursor metabolites and energy ","https://amigo.geneontology.org/amigo/term/GO:0043467"," EPM2AIP1  HIF1A  RBPJ  ENPP1  KAT2B  PIK3CA  PRKAA1  IDE  NCOR1  IFNAR1  CDK1  ATP7A"
0.0343830459419924,24,385,1.81004912690306,"GO:0141188 Nucleic acid catabolic process ","https://amigo.geneontology.org/amigo/term/GO:0141188"," MTREX  RC3H2  DIS3  DICER1  ZC3H14  XRN1  FASTKD2  CNOT1  RC3H1  NCBP1  PAN3  SMG1  DCP1A  SENP1  DNA2  DHX36  BCLAF1  ROCK1  APAF1  LRPPRC  NF1  NBAS  ROCK2  IREB2"
0.0349165105378456,3,10,8.71086142322097,"GO:0031440 Regulation of mrna 3-prime-end processing ","https://amigo.geneontology.org/amigo/term/GO:0031440"," NCBP1  DHX36  BARD1"
0.0349165105378456,3,10,8.71086142322097,"GO:0033313 Meiotic cell cycle checkpoint signaling ","https://amigo.geneontology.org/amigo/term/GO:0033313"," TRIP13  TTK  KNL1"
0.0349165105378456,3,10,8.71086142322097,"GO:0051307 Meiotic chromosome separation ","https://amigo.geneontology.org/amigo/term/GO:0051307"," TTK  NCAPH  KNL1"
0.0349165105378456,3,10,8.71086142322097,"GO:1904179 Positive regulation of adipose tissue development ","https://amigo.geneontology.org/amigo/term/GO:1904179"," PRKAA1  NCOA1  NCOA2"
0.0352553370808336,9,91,2.87171255710582,"GO:0048041 Focal adhesion assembly ","https://amigo.geneontology.org/amigo/term/GO:0048041"," MACF1  SLK  DLC1  TSC1  ROCK1  CLASP1  PTPRK  CLASP2  ROCK2"
0.0378393348613537,7,60,3.38755722014149,"GO:0002381 Immunoglobulin production involved in immunoglobulin-mediated immune response ","https://amigo.geneontology.org/amigo/term/GO:0002381"," MSH2  TP53BP1  SHLD2  NBN  MSH6  EXO1  ATAD5"
0.0379284680775221,5,32,4.53690699126092,"GO:0006622 Protein targeting to lysosome ","https://amigo.geneontology.org/amigo/term/GO:0006622"," GNPTAB  AP3B1  GCC2  NEDD4  PIK3R4"
0.0379284680775221,5,32,4.53690699126092,"GO:0045070 Positive regulation of viral genome replication ","https://amigo.geneontology.org/amigo/term/GO:0045070"," NR5A2  PKN2  TOP2B  TOP2A  DDX3X"
0.0380494890312436,72,1531,1.36551714015221,"GO:2000026 Regulation of multicellular organismal development ","https://amigo.geneontology.org/amigo/term/GO:2000026"," SLITRK6  ENPP1  HIF1A  ATP2B4  SEMA6A  RAPGEF2  MACF1  GOLGA4  LEO1  TRAF6  ZNF675  UFL1  ZZZ3  KITLG  RC3H2  WNK1  ASPM  ATP2B1  HLTF  PCM1  REST  ATP11C  TJP1  EIF4G2  CAPRIN2  MAN2A1  PRLR  KIF14  MYB  AP3B1  IL6ST  ARHGAP32  EPHA7  RC3H1  RB1  LNPK  ABCA12  FANCD2  PIK3R1  TRIP12  GABPA  RACGAP1  MYSM1  PTPN13  RBPJ  CDK1  MALT1  DHX36  IL1RAP  XRCC2  NF1  OPA1  IPO7  PRKDC  E2F2  ROCK1  CLASP1  ROCK2  BRCA1  FBXO5  ATF2  TMEM131L  CLASP2  NIPBL  SLC8A1  DICER1  TRPS1  KAT2B  DOCK7  KAT6B  PBRM1  ARID2"
0.0384167430623901,14,183,2.22134899681409,"GO:0010970 Transport along microtubule ","https://amigo.geneontology.org/amigo/term/GO:0010970"," PCM1  SPG11  TRAK2  SSX2IP  IFT81  AP3B1  WDR19  KIF5B  KIF21A  HIF1A  ARHGAP21  KIF4A  LRPPRC  OPA1"
0.038462099242563,13,164,2.30165037605432,"GO:0030010 Establishment of cell polarity ","https://amigo.geneontology.org/amigo/term/GO:0030010"," SPDL1  CDK5RAP2  CLASP1  SPAG5  KIF20B  SKA3  ARFGEF1  NDC80  DOCK7  PATJ  SKA1  ROCK1  ROCK2"
0.0396754147571577,16,223,2.08331513858798,"GO:0002520 Immune system development ","https://amigo.geneontology.org/amigo/term/GO:0002520"," MSH2  MSH3  PRKDC  TP53BP1  SHLD2  POLQ  RC3H2  NBN  MSH6  RC3H1  MARCHF7  DCLRE1C  CCNB2  EXO1  ATAD5  CD2AP"
0.0396754147571577,16,223,2.08331513858798,"GO:0030705 Cytoskeleton-dependent intracellular transport ","https://amigo.geneontology.org/amigo/term/GO:0030705"," PCM1  SPG11  TRAK2  SSX2IP  IFT81  AP3B1  HOOK1  WDR19  KIF5B  KIF21A  HIF1A  ARHGAP21  KIF4A  TUBA1B  LRPPRC  OPA1"
0.0397068879815954,10,110,2.63965497673363,"GO:0032231 Regulation of actin filament bundle assembly ","https://amigo.geneontology.org/amigo/term/GO:0032231"," MET  DLC1  TSC1  TJP1  PIK3R1  CLASP1  ALMS1  ROCK2  CLASP2  ROCK1"
0.0402361131334738,11,128,2.49529884519351,"GO:0001952 Regulation of cell-matrix adhesion ","https://amigo.geneontology.org/amigo/term/GO:0001952"," MACF1  SLK  RASA1  DLC1  TSC1  ROCK1  PIK3R1  NF1  CLASP1  CLASP2  ROCK2"
0.0415184852179992,32,570,1.6301027224741,"GO:0070201 Regulation of establishment of protein localization ","https://amigo.geneontology.org/amigo/term/GO:0070201"," C2CD5  UHMK1  DNM1L  BARD1  PIK3R1  HSP90AA1  XPO1  JAK2  HIF1A  ECT2  PRKAA1  CLOCK  CTDSPL2  KIF20B  ABCA12  GAPVD1  CDK1  NF1  ZBED6  TPR  PCM1  REST  KIAA0586  RAB23  XPO4  GCC2  CENPJ  ICE1  CEP295  CEP120  CEP135  CD2AP"
0.0429285235661058,9,94,2.78006215634712,"GO:2000142 Regulation of dna-templated transcription initiation ","https://amigo.geneontology.org/amigo/term/GO:2000142"," ZNF451  TAF2  TAF5  MED14  RRN3  CAND1  BCLAF1  DHX36  MED23"
0.0432036740151713,37,687,1.5638130648189,"GO:0032870 Cellular response to hormone stimulus ","https://amigo.geneontology.org/amigo/term/GO:0032870"," NCOA1  JAK2  ZNF106  NR5A2  NCOA2  PIK3R1  THRB  NR1D2  UFL1  NEDD4  REST  C2CD5  KAT2B  PIK3CA  TRIM24  CNOT1  ENPP1  OSBPL8  CDC6  SHOC2  PRLR  PRKAA1  CLOCK  BRIP1  EPRS1  DENND4C  USO1  RB1  CCNA2  BRCA1  ROCK1  ATP2B1  NCOR1  PRKDC  ROCK2  IDE  PHIP"
0.0433059917666207,22,350,1.82513286962725,"GO:0051345 Positive regulation of hydrolase activity ","https://amigo.geneontology.org/amigo/term/GO:0051345"," ZC3H15  RAPGEF2  ECT2  DOCK7  APAF1  DLC1  TSC1  NF1  ARHGAP11A  RAB3GAP1  RALGAPA1  ROCK1  SENP1  REST  ITGA6  RAPGEF6  MALT1  DDX3X  DOCK9  JAK2  RALGAPB  PLIN5"
0.0433301498579669,36,664,1.57425206443753,"GO:0072657 Protein localization to membrane ","https://amigo.geneontology.org/amigo/term/GO:0072657"," PALS1  C2CD5  NUP155  BLZF1  GPC3  ARL6IP1  SRP72  ATP2B4  WNK1  HSP90AA1  PIK3CA  MACF1  ABCA12  GOLGA4  MMGT1  KIF5B  EXOC5  PIKFYVE  PLS1  AP3B1  DENND4C  KIF2C  PIK3R1  WDR19  TRAF6  NECTIN3  SLC5A3  ROCK1  ROCK2  RAPGEF2  RAB3GAP1  CLTC  RAPGEF6  CLASP2  CHM  LRP6"
0.043751640608812,4,21,5.53070566553713,"GO:1902018 Negative regulation of cilium assembly ","https://amigo.geneontology.org/amigo/term/GO:1902018"," MARCHF7  CCP110  MPHOSPH9  KIF24"
0.0440075922055215,13,167,2.26030336331083,"GO:0043524 Negative regulation of neuron apoptotic process ","https://amigo.geneontology.org/amigo/term/GO:0043524"," HIF1A  ROCK1  MSH2  JAK2  KIF14  PIK3CA  NES  RAD21  OXR1  XRCC2  CD2AP  IL6ST  RASA1"
0.0440075922055215,6,47,3.70674954179616,"GO:0090148 Membrane fission ","https://amigo.geneontology.org/amigo/term/GO:0090148"," DNM1L  EXOC5  EXOC1  EXOC2  EXOC6  EXOC6B"
0.0441962996290662,15,206,2.11428675320897,"GO:0051650 Establishment of vesicle localization ","https://amigo.geneontology.org/amigo/term/GO:0051650"," SPG11  TRAK2  AP3B1  KIF5B  WDR11  EXOC6  EXOC6B  AP1G1  CLASP1  CLASP2  PDCD6IP  EXOC5  EXOC1  EXOC2  TRAPPC11"
0.044536815842775,8,78,2.97807228144307,"GO:0010833 Telomere maintenance via telomere lengthening ","https://amigo.geneontology.org/amigo/term/GO:0010833"," POT1  XRN1  HSP90AA1  ERCC4  DHX36  ATR  MRE11  RFC1"
0.0452278777224377,3,11,7.91896493020089,"GO:0030953 Astral microtubule organization ","https://amigo.geneontology.org/amigo/term/GO:0030953"," CENPJ  CEP120  CLASP1"
0.0452278777224377,3,11,7.91896493020089,"GO:0070601 Centromeric sister chromatid cohesion ","https://amigo.geneontology.org/amigo/term/GO:0070601"," BUB1B  BUB1  SGO1"
0.0456829642218068,12,149,2.33848628811301,"GO:0045739 Positive regulation of dna repair ","https://amigo.geneontology.org/amigo/term/GO:0045739"," FANCB  RAD51AP1  SHLD2  EPC2  PRKDC  TOP2B  BRCA1  SMCHD1  ARID2  NBN  PBRM1  USP1"
0.0458809044696875,16,227,2.04660473967013,"GO:0051648 Vesicle localization ","https://amigo.geneontology.org/amigo/term/GO:0051648"," SPG11  TRAK2  AP3B1  KIF5B  WDR11  EXOC6  USO1  EXOC6B  AP1G1  CLASP1  CLASP2  PDCD6IP  EXOC5  EXOC1  EXOC2  TRAPPC11"
0.0463820628155802,41,785,1.51654062994505,"GO:0030036 Actin cytoskeleton organization ","https://amigo.geneontology.org/amigo/term/GO:0030036"," ANLN  NCKAP1  ROCK1  EPB41L2  PLS1  ROCK2  GAS2L3  IQGAP1  SSH2  ARHGAP18  ADD3  PLEKHH2  DLC1  WASHC5  MYO6  CD2AP  MET  RASA1  CLASP2  TSC1  HSP90B1  TRPM7  DAAM1  TJP1  ECT2  EHBP1  PIK3CA  PIK3R1  C9orf72  EPS8  NF1  ARFGEF1  CLASP1  ALMS1  HMCN1  RACGAP1  ARHGAP12  TAOK1  PDCD6IP  JAK2  WASHC4"
0.0478327590954184,7,63,3.22624497156332,"GO:0032147 Activation of protein kinase activity ","https://amigo.geneontology.org/amigo/term/GO:0032147"," TPX2  CLSPN  PRLR  ECT2  TRAF6  KIF14  JAK2"
0.0478337257909171,45,882,1.48143901755459,"GO:0030029 Actin filament-based process ","https://amigo.geneontology.org/amigo/term/GO:0030029"," ANLN  NCKAP1  ROCK1  EPB41L2  PLS1  ROCK2  GAS2L3  IQGAP1  SSH2  ARHGAP18  ADD3  PLEKHH2  DLC1  WASHC5  MYO6  SCN8A  CD2AP  MET  RASA1  CLASP2  TSC1  HSP90B1  TRPM7  DAAM1  TJP1  NUP155  ECT2  EHBP1  PIK3CA  FRMD6  PIK3R1  C9orf72  EPS8  NF1  ARFGEF1  CLASP1  ALMS1  AKAP9  HMCN1  RACGAP1  ARHGAP12  TAOK1  PDCD6IP  JAK2  WASHC4"
0.0489414605634337,26,442,1.70801204376882,"GO:0030900 Forebrain development ","https://amigo.geneontology.org/amigo/term/GO:0030900"," CEP120  UBA6  ATP2B4  ASPM  PALS1  TOP2B  PCM1  NCOA1  ATRX  HIF1A  KIF14  APAF1  SCYL2  SLC4A10  C21orf91  TSC1  FRS2  RRM1  RBPJ  NF1  RAB3GAP1  RAPGEF2  DOCK7  STIL  DLC1  ATP7A"
0.0492967872971293,34,624,1.58210089951663,"GO:0010498 Proteasomal protein catabolic process ","https://amigo.geneontology.org/amigo/term/GO:0010498"," CDC27  UFL1  PSME4  HECTD1  UGGT2  CUL2  UBE4A  UGGT1  DTL  SPOPL  UBR3  FBXO38  TRIP12  NEMF  HSP90B1  UBE2C  XPO1  BIRC2  CUL4B  PIAS1  DNAJC10  EDEM3  CLOCK  USP25  PBK  MTM1  SOCS4  KIF14  USP9X  MARCHF7  TMTC3  DDI2  TOPORS  PJA2"
0.0494674276730347,78,1703,1.32990250736198,"GO:0045595 Regulation of cell differentiation ","https://amigo.geneontology.org/amigo/term/GO:0045595"," REST  USF3  ENPP1  HIF1A  RAPGEF2  MACF1  GOLGA4  LEO1  TRAF6  ZNF675  UFL1  PIAS1  KITLG  RC3H2  ASPM  HLTF  PCM1  NCOA1  SUCO  JAK2  MIB1  ATP11C  SHOC2  EIF4G2  CAPRIN2  MAN2A1  PRLR  ECT2  KIF14  MYB  PTBP3  AP3B1  IL6ST  CLOCK  ARHGAP32  EPHA7  RC3H1  CDK5RAP2  RB1  LNPK  ABCA12  FANCD2  PIK3R1  TLCD3B  GABPA  BRINP3  CDK12  RBPJ  MALT1  NR1D2  DHX36  XRCC2  NF1  OPA1  IPO7  TUG1  PRKDC  ZBED6  ROCK1  ROCK2  FRS2  CLASP1  FBXO5  TMEM131L  ITGAV  MYSM1  CLASP2  SUZ12  DICER1  TRPS1  ANKRD26  DOCK7  NRCAM  KAT6B  PBRM1  ARID2  BIRC2  CDK1"
0.0509195887415329,4,22,5.27930995346726,"GO:0048311 Mitochondrion distribution ","https://amigo.geneontology.org/amigo/term/GO:0048311"," DNM1L  TRAK2  MTM1  KIF5B"
0.0511802588089065,9,97,2.69408085254257,"GO:0031123 Rna 3-prime-end processing ","https://amigo.geneontology.org/amigo/term/GO:0031123"," INTS2  INTS7  CPSF2  ERI2  NCBP1  LEO1  LARP7  DHX36  BARD1"
0.0515319411975066,52,1056,1.42981311239738,"GO:0048609 Multicellular organismal reproductive process ","https://amigo.geneontology.org/amigo/term/GO:0048609"," TDRD1  SYCP2  DDX3X  ZFX  ARID4A  PIAS1  ATP2B4  NDC1  ASPM  PSME4  TRIP13  NDC80  NCOA1  ATRX  MSH2  SMCHD1  KATNAL1  FBXO5  TTK  MSH6  CNTRL  MASTL  NCAPH  PIK3CA  IFT81  MCM8  SYNE1  TOP2A  FIGNL1  AP3B1  HOOK1  CLOCK  BRIP1  BRCA2  RB1  SSH2  FANCD2  THRB  CCNB2  CDC25C  RACGAP1  ZNF148  WASHC5  SKA3  MARF1  LARP7  DHX36  NRIP1  MYBL1  SKA1  KNL1  USP9X"
0.0515548282583174,7,64,3.17583489388265,"GO:0006383 Transcription by rna polymerase iii ","https://amigo.geneontology.org/amigo/term/GO:0006383"," ICE2  BAZ1B  POLR3B  SF3B1  DEK  ICE1  DHX36"
0.0521195079700307,10,115,2.52488736904956,"GO:1901796 Regulation of signal transduction by p53 class mediator ","https://amigo.geneontology.org/amigo/term/GO:1901796"," TAF9B  RRN3  TRIM24  USP15  EPRS1  ATAD5  MARCHF7  ATR  CHEK1  AURKB"
0.0521195079700307,10,115,2.52488736904956,"GO:2001243 Negative regulation of intrinsic apoptotic signaling pathway ","https://amigo.geneontology.org/amigo/term/GO:2001243"," TAF9B  HIF1A  RRN3  HELLS  FIGNL1  DDIAS  ATAD5  OPA1  MARCHF7  DDX3X"
0.0526330610043785,6,49,3.55545364213101,"GO:0006623 Protein targeting to vacuole ","https://amigo.geneontology.org/amigo/term/GO:0006623"," GNPTAB  VPS8  PIK3R4  AP3B1  GCC2  NEDD4"
0.0532439644462617,2,4,14.518102372035,"GO:0003383 Apical constriction ","https://amigo.geneontology.org/amigo/term/GO:0003383"," ROCK1  FRMD6"
0.0532439644462617,2,4,14.518102372035,"GO:0006273 Lagging strand elongation ","https://amigo.geneontology.org/amigo/term/GO:0006273"," POLA1  DNA2"
0.0532439644462617,2,4,14.518102372035,"GO:0007079 Mitotic chromosome movement towards spindle pole ","https://amigo.geneontology.org/amigo/term/GO:0007079"," CENPE  DLGAP5"
0.0532439644462617,2,4,14.518102372035,"GO:0007089 Traversing start control point of mitotic cell cycle ","https://amigo.geneontology.org/amigo/term/GO:0007089"," MTBP  CDC6"
0.0532439644462617,2,4,14.518102372035,"GO:0014038 Regulation of schwann cell differentiation ","https://amigo.geneontology.org/amigo/term/GO:0014038"," DICER1  CDK1"
0.0532439644462617,12,153,2.27734939169176,"GO:0016331 Morphogenesis of embryonic epithelium ","https://amigo.geneontology.org/amigo/term/GO:0016331"," PALS1  HIF1A  MIB1  APAF1  KIF20B  SEC24B  PRKACB  TSC1  TRAF6  OPA1  STIL  DLC1"
0.0532439644462617,2,4,14.518102372035,"GO:0030951 Establishment or maintenance of microtubule cytoskeleton polarity ","https://amigo.geneontology.org/amigo/term/GO:0030951"," CKAP5  KIF2C"
0.0532439644462617,2,4,14.518102372035,"GO:0031134 Sister chromatid biorientation ","https://amigo.geneontology.org/amigo/term/GO:0031134"," AURKB  RB1"
0.0532439644462617,2,4,14.518102372035,"GO:0031442 Positive regulation of mrna 3-prime-end processing ","https://amigo.geneontology.org/amigo/term/GO:0031442"," NCBP1  DHX36"
0.0532439644462617,2,4,14.518102372035,"GO:0031860 Telomeric 3-prime overhang formation ","https://amigo.geneontology.org/amigo/term/GO:0031860"," MRE11  NBN"
0.0532439644462617,96,2174,1.28218751399757,"GO:0032879 Regulation of localization ","https://amigo.geneontology.org/amigo/term/GO:0032879"," PLCB4  C2CD5  PLCH1  MYOF  GPC3  UHMK1  PLIN5  ATP2B4  IBTK  TPR  WNK1  NEDD4  DNM1L  OSBPL8  KAT2B  PIK3CA  NUP153  KAT7  BARD1  ITGAV  ABCA12  TRPC1  PIK3R1  CDK1  KIF5B  LARP7  AURKB  ENPP1  PIAS1  PPP1R12A  SYT1  ATP2B1  HSP90AA1  XPO1  JAK2  HIF1A  MIB1  SPG11  SLC38A1  ECT2  STXBP3  MYB  PLS1  ATP8A1  THOC2  SYNE1  PRKAA1  CLOCK  EPRS1  CTDSPL2  KIF20B  DNAJC13  SEC24B  KIF2C  UBR3  C9orf72  GAPVD1  ATP7A  CEP120  ARL6IP1  DHX36  TRAF6  CCNE2  NF1  CD2AP  SLC5A3  IPO7  ZBED6  ROCK1  UFL1  CENPQ  CLASP1  SPAG5  PCM1  EPB41L2  REST  KIAA0586  RAB23  AKAP9  XPO4  ROCK2  GCC2  BORA  CLTC  CTTNBP2NL  CENPJ  CLASP2  ICE1  CEP295  AP1G1  NMD3  PDCD6IP  CEP135  MYO6  RAB3GAP1  SLC8A1"
0.0532439644462617,2,4,14.518102372035,"GO:0033023 Mast cell homeostasis ","https://amigo.geneontology.org/amigo/term/GO:0033023"," KITLG  NF1"
0.0532439644462617,2,4,14.518102372035,"GO:0043060 Meiotic metaphase i homologous chromosome alignment ","https://amigo.geneontology.org/amigo/term/GO:0043060"," CENPC  KNL1"
0.0532439644462617,2,4,14.518102372035,"GO:0044779 Meiotic spindle checkpoint signaling ","https://amigo.geneontology.org/amigo/term/GO:0044779"," TTK  KNL1"
0.0532439644462617,2,4,14.518102372035,"GO:0051754 Meiotic sister chromatid cohesion centromeric ","https://amigo.geneontology.org/amigo/term/GO:0051754"," BUB1B  BUB1"
0.0532439644462617,2,4,14.518102372035,"GO:0075732 Viral penetration into host nucleus ","https://amigo.geneontology.org/amigo/term/GO:0075732"," NUP153  KPNA2"
0.0532439644462617,2,4,14.518102372035,"GO:0097752 Regulation of dna stability ","https://amigo.geneontology.org/amigo/term/GO:0097752"," DDIAS  DDI2"
0.0532439644462617,2,4,14.518102372035,"GO:0110061 Regulation of angiotensin-activated signaling pathway ","https://amigo.geneontology.org/amigo/term/GO:0110061"," ROCK1  ROCK2"
0.0532439644462617,2,4,14.518102372035,"GO:1901995 Positive regulation of meiotic cell cycle phase transition ","https://amigo.geneontology.org/amigo/term/GO:1901995"," CDC25C  CDC25A"
0.0532439644462617,5,35,4.14802924915284,"GO:1902253 Regulation of intrinsic apoptotic signaling pathway by p53 class mediator ","https://amigo.geneontology.org/amigo/term/GO:1902253"," TAF9B  RRN3  USP15  ATAD5  MARCHF7"
0.0532439644462617,2,4,14.518102372035,"GO:1902947 Regulation of tau-protein kinase activity ","https://amigo.geneontology.org/amigo/term/GO:1902947"," HSP90AA1  RB1"
0.0532439644462617,2,4,14.518102372035,"GO:1903233 Regulation of calcium ion-dependent exocytosis of neurotransmitter ","https://amigo.geneontology.org/amigo/term/GO:1903233"," SYT1  RAB3GAP1"
0.0532439644462617,2,4,14.518102372035,"GO:1903373 Positive regulation of endoplasmic reticulum tubular network organization ","https://amigo.geneontology.org/amigo/term/GO:1903373"," RAB3GAP1  LNPK"
0.0532439644462617,2,4,14.518102372035,"GO:1905462 Regulation of dna duplex unwinding ","https://amigo.geneontology.org/amigo/term/GO:1905462"," POT1  TOP2A"
0.0536921111237388,14,192,2.11722326258843,"GO:0006367 Transcription initiation at rna polymerase ii promoter ","https://amigo.geneontology.org/amigo/term/GO:0006367"," TAF2  ZNF451  ATAD2B  TAF5  ATAD2  ATF2  TET2  MED14  CAND1  KAT7  DHX36  MED23  E2F2  KAT2B"
0.0540728127354007,46,915,1.45974362647783,"GO:0060284 Regulation of cell development ","https://amigo.geneontology.org/amigo/term/GO:0060284"," HIF1A  RAPGEF2  MACF1  GOLGA4  LEO1  TRAF6  ZNF675  UFL1  KITLG  RC3H2  ASPM  HLTF  PCM1  REST  ATP11C  EIF4G2  CAPRIN2  MAN2A1  KIF14  MYB  AP3B1  IL6ST  CLOCK  ARHGAP32  EPHA7  RC3H1  RB1  FANCD2  PIK3R1  GABPA  MALT1  DHX36  XRCC2  NF1  OPA1  TUG1  PRKDC  ROCK1  ROCK2  TMEM131L  MYSM1  DICER1  DOCK7  KAT6B  PBRM1  ARID2"
0.054945862729266,3,12,7.25905118601748,"GO:0010172 Embryonic body morphogenesis ","https://amigo.geneontology.org/amigo/term/GO:0010172"," OFD1  CLASP1  CLASP2"
0.054945862729266,3,12,7.25905118601748,"GO:0021860 Pyramidal neuron development ","https://amigo.geneontology.org/amigo/term/GO:0021860"," SCYL2  SLC4A10  ATP7A"
0.054945862729266,3,12,7.25905118601748,"GO:0051657 Maintenance of organelle location ","https://amigo.geneontology.org/amigo/term/GO:0051657"," AKAP9  ASPM  ARHGAP21"
0.054945862729266,3,12,7.25905118601748,"GO:0060707 Trophoblast giant cell differentiation ","https://amigo.geneontology.org/amigo/term/GO:0060707"," E2F8  PLK4  E2F7"
0.054945862729266,3,12,7.25905118601748,"GO:0072711 Cellular response to hydroxyurea ","https://amigo.geneontology.org/amigo/term/GO:0072711"," BLM  ATRX  DDI2"
0.054945862729266,3,12,7.25905118601748,"GO:0099532 Synaptic vesicle endosomal processing ","https://amigo.geneontology.org/amigo/term/GO:0099532"," ITSN2  AP1G1  EEA1"
0.054945862729266,37,701,1.53258142015776,"GO:1901699 Cellular response to nitrogen compound ","https://amigo.geneontology.org/amigo/term/GO:1901699"," JAK2  ZNF106  PIK3R1  BRCA1  RAPGEF2  C2CD5  KAT2B  PIK3CA  HSP90B1  BLM  ENPP1  ATP2B4  TOP2B  ATRX  OSBPL8  CDC6  SHOC2  XRN1  PRKAA1  BRIP1  EPRS1  DENND4C  USO1  RB1  CCNA2  CHEK1  ROCK1  ATP2B1  AKAP9  DDI2  PRKDC  ROCK2  SLC8A1  NCOA1  IDE  NCOA2  PHIP"
0.0558296067316259,10,117,2.48172690120256,"GO:0030038 Contractile actin filament bundle assembly ","https://amigo.geneontology.org/amigo/term/GO:0030038"," MET  DLC1  TSC1  TJP1  PIK3R1  CLASP1  ALMS1  ROCK2  CLASP2  ROCK1"
0.0558296067316259,10,117,2.48172690120256,"GO:0043149 Stress fiber assembly ","https://amigo.geneontology.org/amigo/term/GO:0043149"," MET  DLC1  TSC1  TJP1  PIK3R1  CLASP1  ALMS1  ROCK2  CLASP2  ROCK1"
0.0561527064969201,52,1064,1.41906263786808,"GO:0031175 Neuron projection development ","https://amigo.geneontology.org/amigo/term/GO:0031175"," NCKAP1  NEDD4  NRCAM  SEMA6A  SPG11  DOCK7  EPHA7  RB1  KIF5B  SLITRK6  SYT1  RAPGEF2  CAMSAP2  MACF1  GOLGA4  FBXO38  CLASP2  ITSN2  UBA6  MAPK6  TOP2B  JAK2  SHOC2  EIF4G2  CAPRIN2  KAT2B  PLS1  THOC2  SYNE1  KIDINS220  ARHGAP32  WDR36  KIF20B  SEC24B  C9orf72  UHMK1  C21orf91  CUL4B  PBRM1  WASHC5  DHX36  ZDHHC17  CD2AP  ARHGEF28  ROCK1  USP9X  KIF21A  IQGAP1  ITGA6  DICER1  STRN  ATP7A"
0.0564288516412129,4,23,5.04977473809912,"GO:0006337 Nucleosome disassembly ","https://amigo.geneontology.org/amigo/term/GO:0006337"," ATAD2B  ATAD2  SUPT16H  ARID2"
0.0564288516412129,4,23,5.04977473809912,"GO:2000114 Regulation of establishment of cell polarity ","https://amigo.geneontology.org/amigo/term/GO:2000114"," KIF20B  ARFGEF1  ROCK1  ROCK2"
0.0567613840029823,13,174,2.16937161880982,"GO:0051017 Actin filament bundle assembly ","https://amigo.geneontology.org/amigo/term/GO:0051017"," PLS1  MET  DLC1  TSC1  HSP90B1  TJP1  PIK3R1  EPS8  CLASP1  ALMS1  ROCK2  CLASP2  ROCK1"
0.0571197604399322,5,36,4.03280621445415,"GO:0045943 Positive regulation of transcription by rna polymerase i ","https://amigo.geneontology.org/amigo/term/GO:0045943"," WDR75  HEATR1  BAZ1B  SF3B1  DEK"
0.0575066486264515,12,155,2.24796423825057,"GO:0061008 Hepaticobiliary system development ","https://amigo.geneontology.org/amigo/term/GO:0061008"," MET  RB1CC1  MAN2A1  ATF2  PIK3CA  E2F8  ATP7A  E2F7  NF1  CD2AP  NIPBL  ARID5B"
0.0575792646498236,72,1566,1.33499791926758,"GO:0009719 Response to endogenous stimulus ","https://amigo.geneontology.org/amigo/term/GO:0009719"," NCOA1  JAK2  ZNF106  NR5A2  KIDINS220  NCOA2  PIK3R1  THRB  FRS2  FSTL5  SHCBP1  NR1D2  HIF1A  UFL1  SLC4A7  TPR  ATP2B4  NEDD4  SMC1A  REST  SEMA6A  C2CD5  KAT2B  PIK3CA  TRIM24  USP9X  CNOT1  USP15  PTPRK  TSC1  ENPP1  OFD1  ROCK1  LRP6  PALS1  HSP90AA1  OSBPL8  CDC6  SHOC2  PRLR  ATF2  STXBP3  APAF1  PRKAA1  CLOCK  BRIP1  EPRS1  DENND4C  CTDSPL2  USO1  RB1  IQGAP1  CCNA2  GPC3  ATP7A  RBPJ  EPM2AIP1  ZDHHC17  CD2AP  BRCA1  ATP2B1  ZNF451  NCOR1  EME1  PRKDC  KIF16B  RAPGEF2  ROCK2  PKD1L1  ARID4A  IDE  PHIP"
0.0575792646498236,62,1314,1.37004923449949,"GO:0060429 Epithelium development ","https://amigo.geneontology.org/amigo/term/GO:0060429"," SLC4A7  PALS1  TJP1  CEP63  MYO6  MET  IL6ST  BRCA2  ARID4A  ROCK1  NUP133  EXOC5  PALB2  ATRX  JAK2  HIF1A  MIB1  PRLR  NR5A2  PLS1  APAF1  E2F8  AP3B1  CLOCK  EPHA7  KIF20B  SEC24B  FRMD6  GREB1L  PLK4  PRKACB  ABCA12  GPC3  FREM2  THRB  WDR19  MYSM1  TSC1  E2F7  FRS2  C2CD3  RBPJ  TRAF6  SLITRK6  XRCC2  NF1  CD2AP  OPA1  IPO7  PRKDC  CDK1  ROCK2  CLASP1  RAPGEF2  CLASP2  ARHGAP12  STIL  SETDB2  IQGAP1  DLC1  ATP7A  ITGAV"
0.0585324206567111,52,1067,1.41507277103246,"GO:0030097 Hemopoiesis ","https://amigo.geneontology.org/amigo/term/GO:0030097"," JAK2  TET2  HIF1A  KITLG  KAT7  LEO1  TRAF6  ZNF675  ANLN  UFL1  ARID4A  RC3H2  TOP2B  REST  WDR7  MSH2  ATP11C  ATF2  PTBP3  TOP2A  AP3B1  RC3H1  IREB2  BRCA2  RB1  FANCD2  PIK3R1  NCAPG2  GPC3  DCLRE1C  GABPA  TSC1  NEMP1  RBPJ  ESCO2  MALT1  DHX36  NF1  OPA1  PRKDC  MYB  TMEM131L  RACGAP1  MYSM1  IL6ST  ATP7A  MELK  KAT6B  PBRM1  ZNF160  ARID2  SNRK"
0.0586826021461958,190,4704,1.17280588889738,"GO:0048583 Regulation of response to stimulus ","https://amigo.geneontology.org/amigo/term/GO:0048583"," ECT2  MALT1  ZDHHC17  MIER1  DEPDC1B  WDR76  SHOC2  CAPRIN2  TMEM131L  SHLD2  DEK  MTUS1  PRKAA1  CDK5RAP2  DENND4C  FRMD6  ARHGAP18  GPC3  EPS8  WWC2  OTUD4  DLC1  TSC1  FSTL5  DENND4A  TRAF6  FANCB  PARPBP  PJA2  DENND1B  TRIM59  ARHGEF28  HIF1A  IL6ST  TAF9B  UFL1  MATR3  MRE11  POLQ  FNIP2  ATP2B4  TP53BP1  HSP90AA1  SEMA6A  JAK2  DICER1  MET  TAX1BP1  C5  DHX15  RAPGEF2  RAD51AP1  PRLR  USP9X  CNOT1  POT1  MOSPD2  FIGNL1  EPHA7  USP15  EPC2  SCYL2  KAT7  NCOR1  PRKACB  PIK3R1  FBXO38  PHIP  CHEK1  THRB  NEK7  CENPJ  USP25  TAOK1  USP1  PTPN13  AURKB  SOCS4  CEP63  ZNF675  ENPP1  DDX3X  PRKDC  RB1CC1  OFD1  KITLG  RC3H2  WNK1  ASPM  ARFGEF1  PALS1  TOP2B  NCOA1  RRN3  OSBPL8  MSH2  EIF3A  BIRC2  ERBIN  ARRDC3  SSX2IP  HELLS  APAF1  TRIM24  SYNE1  AP3B1  CLOCK  RC3H1  WASHC4  EPRS1  CTDSPL2  ARHGAP29  CEP55  GLCE  USO1  RB1  IFNAR1  FANCD2  C9orf72  RASA2  RACGAP1  OXR1  ATP7A  DDIAS  FRS2  C2CD3  PBK  RBPJ  RALGAPB  MTM1  RALGAPA1  NR1D2  DHX36  ATR  ATAD5  NF1  SLC39A10  CD2AP  OPA1  PLIN5  REL  PIK3CA  BRCA1  POLR3B  BCLAF1  TPR  ROCK1  NEDD4  ATP2B1  CLASP1  NDC80  DNM1L  ITGA6  SMCHD1  FKTN  ZNF451  KIF14  CIT  IFT81  MARCHF7  KNL1  ITGAV  SLC39A8  KIF21A  IQGAP1  SKA1  CLASP2  ARHGAP12  SKA3  AP1G1  ERCC4  GEN1  ARID2  PPP4R3B  NBN  HIPK3  WDR11  MACF1  ROCK2  ARID4A  TAF2  KAT2B  BARD1  BRCA2  NCOA2  TAF5  PBRM1  ARHGAP21  ARHGAP32  ARHGAP11A"
0.0590742224771159,8,83,2.79867033677782,"GO:0000079 Regulation of cyclin-dependent protein serine/threonine kinase activity ","https://amigo.geneontology.org/amigo/term/GO:0000079"," SPDYE18  BLM  CDC6  CCNT1  CDC25C  CDC25A  CCNE2  IPO7"
0.0590742224771159,36,682,1.5327028897163,"GO:0031344 Regulation of cell projection organization ","https://amigo.geneontology.org/amigo/term/GO:0031344"," NEDD4  EPS8  NCKAP1  RAPGEF2  CAMSAP2  MACF1  MARCHF7  GOLGA4  FBXO38  HSP90AA1  NRCAM  CCP110  SHOC2  EIF4G2  CAPRIN2  KAT2B  PLS1  THOC2  SYNE1  ARHGAP32  EPHA7  GLCE  PIK3R1  CENPJ  WASHC5  ATP7A  CEP120  DHX36  ANLN  MPHOSPH9  KIF21A  CEP135  KIF24  ITGA6  PIK3CA  KIDINS220"
0.0598119853687677,11,137,2.33137410353846,"GO:0072175 Epithelial tube formation ","https://amigo.geneontology.org/amigo/term/GO:0072175"," HIF1A  MIB1  APAF1  KIF20B  SEC24B  PRKACB  TSC1  TRAF6  OPA1  STIL  DLC1"
0.0598197657995832,6,51,3.41602408753764,"GO:0042491 Inner ear auditory receptor cell differentiation ","https://amigo.geneontology.org/amigo/term/GO:0042491"," SLC4A7  MYO6  PLS1  SEC24B  RBPJ  SLITRK6"
0.0613307439463256,39,755,1.49988342386586,"GO:0018193 Peptidyl-amino acid modification ","https://amigo.geneontology.org/amigo/term/GO:0018193"," PIAS1  SENP1  ZNF451  USPL1  TOPORS  FNIP2  ROCK1  CLSPN  PRLR  PPWD1  KAT2B  NKTR  ATF2  EPHA7  KAT7  TTLL7  CHEK1  UHMK1  PLOD2  RANBP2  SMG1  MORC3  CDK1  ATR  SOCS4  PRKDC  KITLG  PRKAA1  OXR1  WNK1  DOCK7  AKAP9  IL6ST  JAK2  HIPK3  PIKFYVE  ATP7A  ATP2B4  SMC6"
0.0613425927448349,10,119,2.44001720538403,"GO:0048675 Axon extension ","https://amigo.geneontology.org/amigo/term/GO:0048675"," MACF1  GOLGA4  CLASP2  SPG11  EIF4G2  ARHGAP32  WDR36  C9orf72  USP9X  NRCAM"
0.0627287388109525,54,1121,1.39871102246189,"GO:0007417 Central nervous system development ","https://amigo.geneontology.org/amigo/term/GO:0007417"," GNB4  ZNF430  ZNF148  CCDC14  NRCAM  NIPBL  CEP120  B3GNT5  UBA6  ATP2B4  ASPM  PALS1  TOP2B  PCM1  NCOA1  ATRX  HIF1A  SPG11  ATF2  STXBP3  KIF14  APAF1  IL6ST  ARHGAP32  EPHA7  SCYL2  CDK5RAP2  SEC24B  BRCA2  SLC4A10  FANCD2  C21orf91  CUL4B  TAOK1  BRINP3  TSC1  FRS2  RRM1  C2CD3  RBPJ  SUZ12  NF1  ARHGEF28  PRKDC  RAB3GAP1  CENPF  RAPGEF2  DOCK7  STIL  NES  DLC1  ATP7A  NCKAP1  LRP6"
0.0629431567393124,5,37,3.92381145190134,"GO:0031952 Regulation of protein autophosphorylation ","https://amigo.geneontology.org/amigo/term/GO:0031952"," MRE11  NBN  ENPP1  DDX3X  EPHA7"
0.0629431567393124,5,37,3.92381145190134,"GO:0040020 Regulation of meiotic nuclear division ","https://amigo.geneontology.org/amigo/term/GO:0040020"," TRIP13  FBXO5  FBXO43  RAD51AP1  KNL1"
0.0629431567393124,5,37,3.92381145190134,"GO:0071604 Transforming growth factor beta production ","https://amigo.geneontology.org/amigo/term/GO:0071604"," ATF2  MYB  ITGAV  CD2AP  HIF1A"
0.06425513744443,4,24,4.83936745734499,"GO:1901983 Regulation of protein acetylation ","https://amigo.geneontology.org/amigo/term/GO:1901983"," PRKAA1  TAOK1  CEP295  DDX3X"
0.06425513744443,4,24,4.83936745734499,"GO:1902254 Negative regulation of intrinsic apoptotic signaling pathway by p53 class mediator ","https://amigo.geneontology.org/amigo/term/GO:1902254"," TAF9B  RRN3  ATAD5  MARCHF7"
0.0650755252555679,12,158,2.20528137296734,"GO:0070646 Protein modification by small protein removal ","https://amigo.geneontology.org/amigo/term/GO:0070646"," USP28  SENP1  USP9X  USPL1  USP25  USP24  USP1  OTUD4  COPS2  USP15  USP16  CDK1"
0.0651293236915121,20,323,1.79790741449349,"GO:0048608 Reproductive structure development ","https://amigo.geneontology.org/amigo/term/GO:0048608"," ZFX  ARID4A  KITLG  ASPM  NCOA1  ATRX  MSH2  PRLR  BRIP1  BRCA2  GREB1L  ARID5B  WDR19  FRS2  RRM1  NRIP1  SYCP2  CD2AP  NUP107  NIPBL"
0.0661513554211919,19,302,1.82678109316996,"GO:0007548 Sex differentiation ","https://amigo.geneontology.org/amigo/term/GO:0007548"," ZFX  ARID4A  KITLG  ASPM  NCOA1  ATRX  MSH2  BRIP1  BRCA2  GREB1L  ARID5B  WDR19  RRM1  NRIP1  SYCP2  CD2AP  NUP107  NIPBL  CENPI"
0.0661513554211919,13,178,2.12062169479162,"GO:0061572 Actin filament bundle organization ","https://amigo.geneontology.org/amigo/term/GO:0061572"," PLS1  MET  DLC1  TSC1  HSP90B1  TJP1  PIK3R1  EPS8  CLASP1  ALMS1  ROCK2  CLASP2  ROCK1"
0.0665503805125447,59,1250,1.3705088639201,"GO:0010629 Negative regulation of gene expression ","https://amigo.geneontology.org/amigo/term/GO:0010629"," RC3H2  DIS3  CBX5  TDRD1  DICER1  ZC3H14  XRN1  FASTKD2  HELLS  CNOT1  RC3H1  SETDB2  NCBP1  PAN3  SMG1  ATF7IP  DDX3X  DCP1A  ATP2B4  SENP1  SMCHD1  KAT2B  PTBP3  EPRS1  RB1  MORC3  REL  ZNF148  DHX36  BRCA1  BCLAF1  ROCK1  ATP2B1  KDM5A  REST  ATRX  CAPRIN2  ERBIN  NUP155  PIK3CA  HAT1  PRKAA1  IREB2  BRIP1  CHEK1  RAD21  CDK1  SUZ12  FOCAD  NF1  CD2AP  TPR  RBL1  HIF1A  NBAS  TRIP12  TSC1  ROCK2  SUV39H2"
0.0665503805125447,3,13,6.7006626332469,"GO:0031453 Positive regulation of heterochromatin formation ","https://amigo.geneontology.org/amigo/term/GO:0031453"," SETDB2  ATF7IP  TPR"
0.0665503805125447,3,13,6.7006626332469,"GO:0031958 Nuclear receptor-mediated corticosteroid signaling pathway ","https://amigo.geneontology.org/amigo/term/GO:0031958"," NEDD4  JAK2  CLOCK"
0.0665503805125447,3,13,6.7006626332469,"GO:0045793 Positive regulation of cell size ","https://amigo.geneontology.org/amigo/term/GO:0045793"," RB1CC1  HSP90AA1  ATP7A"
0.0665503805125447,3,13,6.7006626332469,"GO:0097709 Connective tissue replacement ","https://amigo.geneontology.org/amigo/term/GO:0097709"," HIF1A  ROCK1  ROCK2"
0.0665503805125447,35,665,1.52822130231947,"GO:0120035 Regulation of plasma membrane bounded cell projection organization ","https://amigo.geneontology.org/amigo/term/GO:0120035"," NEDD4  EPS8  NCKAP1  RAPGEF2  CAMSAP2  MACF1  MARCHF7  GOLGA4  FBXO38  HSP90AA1  NRCAM  CCP110  SHOC2  EIF4G2  CAPRIN2  KAT2B  PLS1  THOC2  SYNE1  ARHGAP32  EPHA7  PIK3R1  CENPJ  WASHC5  ATP7A  CEP120  DHX36  ANLN  MPHOSPH9  KIF21A  CEP135  KIF24  ITGA6  PIK3CA  KIDINS220"
0.0667809948111167,32,595,1.56161101144578,"GO:0010608 Post-transcriptional regulation of gene expression ","https://amigo.geneontology.org/amigo/term/GO:0010608"," RC3H2  PUM3  ZC3H14  FASTKD2  CNOT1  RC3H1  LRPPRC  UHMK1  PAN3  DCP1A  MATR3  SENP1  EIF4G2  EPRS1  NCBP1  EIF5B  TSC1  DHX36  DDX3X  BCLAF1  ROCK1  CAPRIN2  XRN1  IREB2  FOCAD  PRKDC  TPR  DICER1  USP16  ROCK2  DIS3  MTIF2"
0.0684442679150309,13,179,2.10877464621737,"GO:1990138 Neuron projection extension ","https://amigo.geneontology.org/amigo/term/GO:1990138"," SYT1  MACF1  GOLGA4  CLASP2  ITSN2  SPG11  EIF4G2  ARHGAP32  WDR36  C9orf72  USP9X  IQGAP1  NRCAM"
0.0688383628459244,55,1153,1.38507481433118,"GO:0030163 Protein catabolic process ","https://amigo.geneontology.org/amigo/term/GO:0030163"," ANKIB1  CDC27  UFL1  UBA6  RC3H2  CCAR1  PSME4  NEDD4  HACE1  HECTD1  UGGT2  CUL2  UBE4A  IDE  RC3H1  UGGT1  DTL  SPOPL  UBR3  FBXO38  TRIP12  NEMF  HSP90B1  UBE2C  TTC3  XPO1  MIB1  BIRC2  CUL4B  MALT1  PIAS1  DNAJC10  LNPEP  EDEM3  TRIM24  CLOCK  GPC3  USP25  PBK  MTM1  SOCS4  CD2AP  HSP90AA1  USP28  KIF14  USP9X  MARCHF7  TMTC3  RNF20  PDCD6IP  DDI2  TOPORS  PJA2  BARD1  ROCK1"
0.0688383628459244,29,527,1.59781771836438,"GO:0090066 Regulation of anatomical structure size ","https://amigo.geneontology.org/amigo/term/GO:0090066"," SSH2  ARHGAP18  ADD3  PLEKHH2  WNK1  MACF1  GOLGA4  RASA1  CLASP2  RB1CC1  ROCK1  ATP2B1  HSP90AA1  EIF4G2  KAT2B  PLS1  PIK3CA  ARHGAP32  WDR36  EPHA7  EPS8  WASHC5  ATP7A  TSC1  ARFGEF1  NCKAP1  ROCK2  SLC8A1  NRCAM"
0.0688383628459244,5,38,3.82055325579867,"GO:1902410 Mitotic cytokinetic process ","https://amigo.geneontology.org/amigo/term/GO:1902410"," IQGAP1  KIF20B  ECT2  CEP55  PDCD6IP"
0.0688383628459244,5,38,3.82055325579867,"GO:1902745 Positive regulation of lamellipodium organization ","https://amigo.geneontology.org/amigo/term/GO:1902745"," NCKAP1  HSP90AA1  PIK3R1  ATP7A  PIK3CA"
0.0694066000114341,19,304,1.81476279650437,"GO:0006402 Mrna catabolic process ","https://amigo.geneontology.org/amigo/term/GO:0006402"," RC3H2  DIS3  ZC3H14  XRN1  FASTKD2  CNOT1  RC3H1  NCBP1  PAN3  SMG1  DCP1A  SENP1  BCLAF1  ROCK1  NF1  NBAS  DHX36  ROCK2  IREB2"
0.0695714868497035,7,69,2.94570193055782,"GO:0006278 Rna-templated dna biosynthetic process ","https://amigo.geneontology.org/amigo/term/GO:0006278"," POT1  XRN1  HSP90AA1  POLQ  ATR  MRE11  RFC1"
0.0698594177235463,8,86,2.70104230177395,"GO:0008088 Axo-dendritic transport ","https://amigo.geneontology.org/amigo/term/GO:0008088"," SPG11  TRAK2  AP3B1  KIF5B  KIF21A  HIF1A  KIF4A  OPA1"
0.0698594177235463,8,86,2.70104230177395,"GO:1904029 Regulation of cyclin-dependent protein kinase activity ","https://amigo.geneontology.org/amigo/term/GO:1904029"," SPDYE18  BLM  CDC6  CCNT1  CDC25C  CDC25A  CCNE2  IPO7"
0.0721531418542608,20,327,1.77591466324587,"GO:0061458 Reproductive system development ","https://amigo.geneontology.org/amigo/term/GO:0061458"," ZFX  ARID4A  KITLG  ASPM  NCOA1  ATRX  MSH2  PRLR  BRIP1  BRCA2  GREB1L  ARID5B  WDR19  FRS2  RRM1  NRIP1  SYCP2  CD2AP  NUP107  NIPBL"
0.0722634989172943,4,25,4.64579275905119,"GO:0032986 Protein-dna complex disassembly ","https://amigo.geneontology.org/amigo/term/GO:0032986"," ATAD2B  ATAD2  SUPT16H  ARID2"
0.0722634989172943,4,25,4.64579275905119,"GO:0051457 Maintenance of protein location in nucleus ","https://amigo.geneontology.org/amigo/term/GO:0051457"," SYNE1  BARD1  MORC3  TOPORS"
0.075105628553613,34,648,1.5235045699049,"GO:0048598 Embryonic morphogenesis ","https://amigo.geneontology.org/amigo/term/GO:0048598"," ROCK1  PALS1  ROCK2  NIPBL  MYO6  OFD1  NCOA1  HIF1A  MIB1  PLS1  APAF1  KIF20B  SEC24B  PRKACB  LNPK  GPC3  FREM2  WDR19  TSC1  FRS2  LEO1  C2CD3  TRAF6  SLITRK6  OPA1  CLASP1  WNK1  ITGAV  CLASP2  KIF16B  STIL  SETDB2  MBNL1  DLC1"
0.075105628553613,44,888,1.43873086569716,"GO:0061024 Membrane organization ","https://amigo.geneontology.org/amigo/term/GO:0061024"," ATP11B  HACE1  ATP11C  C2CD5  PIKFYVE  ATP8A1  SEC31A  USO1  SEC24B  APOOL  VPS8  WNK1  HSP90AA1  DNM1L  NRCAM  NUP155  MMGT1  CDK1  ARL6IP1  ATR  AURKB  OPA1  ATG2B  SYT1  PALS1  OSBPL8  SPG11  AP3B1  ABCA12  AP1G1  CD2AP  EEA1  ATF2  CEP55  ARHGAP12  NEMP1  PDCD6IP  MYOF  EXOC5  EXOC1  EXOC2  EXOC6  EXOC6B  TRAPPC11"
0.0752864617148188,6,54,3.22624497156332,"GO:0010332 Response to gamma radiation ","https://amigo.geneontology.org/amigo/term/GO:0010332"," FANCD2  ATR  PRKAA1  BRCA2  XRCC2  PRKDC"
0.0757033431993748,5,39,3.72259035180383,"GO:0001953 Negative regulation of cell-matrix adhesion ","https://amigo.geneontology.org/amigo/term/GO:0001953"," RASA1  DLC1  PIK3R1  NF1  CLASP2"
0.0757433185145176,12,162,2.15082998104222,"GO:0034101 Erythrocyte homeostasis ","https://amigo.geneontology.org/amigo/term/GO:0034101"," JAK2  HIF1A  UFL1  ARID4A  PTBP3  IREB2  RB1  NCAPG2  NEMP1  PRKDC  MYB  RACGAP1"
0.0757433185145176,33,625,1.53311161048689,"GO:0120031 Plasma membrane bounded cell projection assembly ","https://amigo.geneontology.org/amigo/term/GO:0120031"," OFD1  PCM1  SSX2IP  EPS8  CENPJ  WDR19  C2CD3  CEP83  NCKAP1  USP9X  MARCHF7  ROCK1  EXOC5  HSP90AA1  KIAA0586  CCP110  IFT81  CEP350  PIK3R1  ATP7A  CEP120  CD2AP  RAPGEF2  RAPGEF6  ANLN  MPHOSPH9  RAB23  PLK4  TBC1D31  CEP135  KIF24  WDR11  PIK3CA"
0.0771279661273516,15,223,1.95310794242623,"GO:0031334 Positive regulation of protein-containing complex assembly ","https://amigo.geneontology.org/amigo/term/GO:0031334"," CLIP1  FNIP2  HSP90AA1  NEK7  SKA1  CKAP5  CAND1  MET  AKAP9  CDK5RAP2  ICE1  ATR  NCKAP1  CLASP1  DDX3X"
0.0779386503755797,29,533,1.5798310273509,"GO:0022613 Ribonucleoprotein complex biogenesis ","https://amigo.geneontology.org/amigo/term/GO:0022613"," MTREX  XPO1  EIF3A  MDN1  WDR75  SF3B1  HEATR1  SCAF11  BMS1  NMD3  ERI2  HSP90AA1  DICER1  KAT2B  UTP20  DDX46  USP16  EIF5B  PRKDC  DIS3  RRN3  FASTKD2  WDR36  CUL4B  NOL8  DDX3X  NCBP1  TSC1  ATR"
0.0780023488340772,2,5,11.614481897628,"GO:0021764 Amygdala development ","https://amigo.geneontology.org/amigo/term/GO:0021764"," UBA6  NF1"
0.0780023488340772,2,5,11.614481897628,"GO:0032053 Ciliary basal body organization ","https://amigo.geneontology.org/amigo/term/GO:0032053"," CCP110  RTTN"
0.0780023488340772,2,5,11.614481897628,"GO:0042976 Activation of janus kinase activity ","https://amigo.geneontology.org/amigo/term/GO:0042976"," PRLR  JAK2"
0.0780023488340772,2,5,11.614481897628,"GO:0043335 Protein unfolding ","https://amigo.geneontology.org/amigo/term/GO:0043335"," PEX1  HSP90AA1"
0.0780023488340772,2,5,11.614481897628,"GO:0051296 Establishment of meiotic spindle orientation ","https://amigo.geneontology.org/amigo/term/GO:0051296"," SKA3  SKA1"
0.0780023488340772,2,5,11.614481897628,"GO:0051311 Meiotic metaphase chromosome alignment ","https://amigo.geneontology.org/amigo/term/GO:0051311"," CENPC  KNL1"
0.0780023488340772,2,5,11.614481897628,"GO:0051418 Microtubule nucleation by microtubule organizing center ","https://amigo.geneontology.org/amigo/term/GO:0051418"," CEP192  CENPJ"
0.0780023488340772,2,5,11.614481897628,"GO:0071878 Negative regulation of adenylate cyclase-activating adrenergic receptor signaling pathway ","https://amigo.geneontology.org/amigo/term/GO:0071878"," ATP2B4  ARRDC3"
0.0780023488340772,2,5,11.614481897628,"GO:0071962 Mitotic sister chromatid cohesion centromeric ","https://amigo.geneontology.org/amigo/term/GO:0071962"," SGO1  BUB1"
0.0780023488340772,2,5,11.614481897628,"GO:0098535 De novo centriole assembly involved in multi-ciliated epithelial cell differentiation ","https://amigo.geneontology.org/amigo/term/GO:0098535"," CEP63  PLK4"
0.0780023488340772,2,5,11.614481897628,"GO:0110030 Regulation of g2/mi transition of meiotic cell cycle ","https://amigo.geneontology.org/amigo/term/GO:0110030"," CDC25C  CDC25A"
0.0780023488340772,2,5,11.614481897628,"GO:1902103 Negative regulation of metaphase/anaphase transition of meiotic cell cycle ","https://amigo.geneontology.org/amigo/term/GO:1902103"," TTK  KNL1"
0.0780023488340772,2,5,11.614481897628,"GO:1904016 Response to thyroglobulin triiodothyronine ","https://amigo.geneontology.org/amigo/term/GO:1904016"," NCOA1  NCOA2"
0.0780023488340772,2,5,11.614481897628,"GO:1904259 Regulation of basement membrane assembly involved in embryonic body morphogenesis ","https://amigo.geneontology.org/amigo/term/GO:1904259"," CLASP1  CLASP2"
0.0780023488340772,2,5,11.614481897628,"GO:1904261 Positive regulation of basement membrane assembly involved in embryonic body morphogenesis ","https://amigo.geneontology.org/amigo/term/GO:1904261"," CLASP1  CLASP2"
0.0780023488340772,2,5,11.614481897628,"GO:1905133 Negative regulation of meiotic chromosome separation ","https://amigo.geneontology.org/amigo/term/GO:1905133"," TTK  KNL1"
0.0780023488340772,2,5,11.614481897628,"GO:2001197 Basement membrane assembly involved in embryonic body morphogenesis ","https://amigo.geneontology.org/amigo/term/GO:2001197"," CLASP1  CLASP2"
0.078294219025098,3,14,6.22204387372927,"GO:0033262 Regulation of nuclear cell cycle dna replication ","https://amigo.geneontology.org/amigo/term/GO:0033262"," DBF4  ATRX  CDC7"
0.078294219025098,3,14,6.22204387372927,"GO:0090435 Protein localization to nuclear envelope ","https://amigo.geneontology.org/amigo/term/GO:0090435"," NUP155  OSBPL8  INTS13"
0.078294219025098,3,14,6.22204387372927,"GO:1900044 Regulation of protein k63-linked ubiquitination ","https://amigo.geneontology.org/amigo/term/GO:1900044"," BIRC2  CEP63  DDX3X"
0.078294219025098,3,14,6.22204387372927,"GO:1905269 Positive regulation of chromatin organization ","https://amigo.geneontology.org/amigo/term/GO:1905269"," SETDB2  ATF7IP  TPR"
0.0799586939645996,4,26,4.4671084221646,"GO:0021884 Forebrain neuron development ","https://amigo.geneontology.org/amigo/term/GO:0021884"," SCYL2  SLC4A10  RAPGEF2  ATP7A"
0.0799586939645996,4,26,4.4671084221646,"GO:1903779 Regulation of cardiac conduction ","https://amigo.geneontology.org/amigo/term/GO:1903779"," ATP2B4  ATP2B1  TRPC1  SLC8A1"
0.0802870450704217,19,310,1.7796383552817,"GO:0048511 Rhythmic process ","https://amigo.geneontology.org/amigo/term/GO:0048511"," PER3  CLOCK  NRIP1  ENOX2  KDM5A  NCOA1  DNM1L  KAT2B  USP9X  TOP2A  PRKAA1  ROCK2  NCOA2  NCOR1  DTL  SUV39H2  CDK1  NR1D2  PRKDC"
0.0810394460340986,5,40,3.62952559300874,"GO:0010591 Regulation of lamellipodium assembly ","https://amigo.geneontology.org/amigo/term/GO:0010591"," NCKAP1  HSP90AA1  PIK3R1  ATP7A  PIK3CA"
0.0810394460340986,5,40,3.62952559300874,"GO:0032781 Positive regulation of atp-dependent activity ","https://amigo.geneontology.org/amigo/term/GO:0032781"," MSH2  MSH3  MSH6  POT1  DNAJC10"
0.0811268205356829,9,107,2.4422975952956,"GO:0032273 Positive regulation of protein polymerization ","https://amigo.geneontology.org/amigo/term/GO:0032273"," CLIP1  HSP90AA1  SKA1  CKAP5  MET  AKAP9  CDK5RAP2  NCKAP1  CLASP1"
0.0812054649955773,52,1092,1.38267641638428,"GO:0003006 Developmental process involved in reproduction ","https://amigo.geneontology.org/amigo/term/GO:0003006"," TDRD1  ZFX  ARID4A  PIAS1  KITLG  ATP2B4  NDC1  ASPM  PSME4  TRIP13  NCOA1  ATRX  MSH2  SMCHD1  KATNAL1  FBXO5  PRLR  MSH6  CNTRL  PIK3CA  IFT81  E2F8  SYNE1  AP3B1  HOOK1  CLOCK  BRIP1  BRCA2  RB1  SSH2  GREB1L  PLK4  ARID5B  WDR19  CDC25C  RACGAP1  WASHC5  E2F7  FRS2  MARF1  RRM1  LARP7  DHX36  NRIP1  MYBL1  SYCP2  CD2AP  PRKDC  NUP107  NIPBL  KNL1  CENPI"
0.0825523994204447,7,72,2.82296435011791,"GO:0098930 Axonal transport ","https://amigo.geneontology.org/amigo/term/GO:0098930"," TRAK2  AP3B1  KIF21A  HIF1A  KIF5B  KIF4A  OPA1"
0.0831425204422238,15,226,1.9271817308011,"GO:0099111 Microtubule-based transport ","https://amigo.geneontology.org/amigo/term/GO:0099111"," PCM1  SPG11  TRAK2  SSX2IP  IFT81  AP3B1  WDR19  KIF5B  OFD1  KIF21A  HIF1A  ARHGAP21  KIF4A  LRPPRC  OPA1"
0.0853018818734301,14,206,1.97333430299504,"GO:0002262 Myeloid cell homeostasis ","https://amigo.geneontology.org/amigo/term/GO:0002262"," JAK2  HIF1A  UFL1  ARID4A  KITLG  PTBP3  IREB2  RB1  NCAPG2  NEMP1  NF1  PRKDC  MYB  RACGAP1"
0.0853461964588004,6,56,3.11102193686463,"GO:0000184 Nuclear-transcribed mrna catabolic process nonsense-mediated decay ","https://amigo.geneontology.org/amigo/term/GO:0000184"," NCBP1  SMG1  BCLAF1  DCP1A  NBAS  RC3H1"
0.0868519601937346,12,166,2.09900275258337,"GO:0018205 Peptidyl-lysine modification ","https://amigo.geneontology.org/amigo/term/GO:0018205"," PIAS1  SENP1  ZNF451  USPL1  TOPORS  KAT2B  KAT7  PLOD2  RANBP2  PRKAA1  ATP7A  SMC6"
0.0881398233225322,7,73,2.78429360559575,"GO:1900076 Regulation of cellular response to insulin stimulus ","https://amigo.geneontology.org/amigo/term/GO:1900076"," ENPP1  OSBPL8  PRKAA1  USO1  ATP2B1  NCOA1  NCOA2"
0.0886796867917023,16,249,1.86578022451855,"GO:0007033 Vacuole organization ","https://amigo.geneontology.org/amigo/term/GO:0007033"," RB1CC1  ATG2B  RAB23  PIKFYVE  MTM1  SPG11  TRAF6  MAN2A1  ATF2  AP3B1  WASHC5  GNPTAB  RAB3GAP1  HOOK1  C9orf72  LRBA"
0.0886796867917023,5,41,3.54100057854511,"GO:0038179 Neurotrophin signaling pathway ","https://amigo.geneontology.org/amigo/term/GO:0038179"," KIDINS220  SHOC2  ZDHHC17  CD2AP  RAPGEF2"
0.0897087032080577,4,27,4.30165996208443,"GO:0032878 Regulation of establishment or maintenance of cell polarity ","https://amigo.geneontology.org/amigo/term/GO:0032878"," KIF20B  ARFGEF1  ROCK1  ROCK2"
0.0897087032080577,4,27,4.30165996208443,"GO:0097150 Neuronal stem cell population maintenance ","https://amigo.geneontology.org/amigo/term/GO:0097150"," ASPM  PCM1  REST  FANCD2"
0.0901345931126776,24,426,1.63584252079267,"GO:0030522 Intracellular receptor signaling pathway ","https://amigo.geneontology.org/amigo/term/GO:0030522"," THRB  UFL1  NEDD4  NCOA1  TAX1BP1  CNOT1  USP15  NEK7  TRAF6  AURKB  DDX3X  PRKDC  JAK2  ERBIN  NR5A2  TRIM24  CLOCK  WASHC4  NR1D2  PLIN5  BRCA1  NCOR1  NCOA2  BIRC2"
0.0913916119214061,21,359,1.69849665633835,"GO:0048872 Homeostasis of number of cells ","https://amigo.geneontology.org/amigo/term/GO:0048872"," JAK2  HIF1A  ZFX  UFL1  ARID4A  KITLG  RC3H2  RRN3  PTBP3  GPAM  AP3B1  RC3H1  IREB2  RB1  NCAPG2  CCNB2  NEMP1  NF1  PRKDC  MYB  RACGAP1"
0.091686240778458,6,57,3.05644260463894,"GO:0045815 Transcription initiation-coupled chromatin remodeling ","https://amigo.geneontology.org/amigo/term/GO:0045815"," ATAD2B  ATAD2  ATF2  TET2  KAT7  KAT2B"
0.0924419866726731,3,15,5.80724094881398,"GO:0000722 Telomere maintenance via recombination ","https://amigo.geneontology.org/amigo/term/GO:0000722"," BRCA2  SMC6  ERCC4"
0.0924419866726731,3,15,5.80724094881398,"GO:0006474 N-terminal protein amino acid acetylation ","https://amigo.geneontology.org/amigo/term/GO:0006474"," KAT2B  NAA15  NAA16"
0.0924419866726731,3,15,5.80724094881398,"GO:0007028 Cytoplasm organization ","https://amigo.geneontology.org/amigo/term/GO:0007028"," TDRD1  RRN3  KIF5B"
0.0924419866726731,3,15,5.80724094881398,"GO:0007100 Mitotic centrosome separation ","https://amigo.geneontology.org/amigo/term/GO:0007100"," CHEK1  KIF11  NEK2"
0.0924419866726731,72,1609,1.29932053547112,"GO:0080134 Regulation of response to stress ","https://amigo.geneontology.org/amigo/term/GO:0080134"," WDR76  SHLD2  DEK  OTUD4  FANCB  PARPBP  IL6ST  TAF9B  UFL1  MATR3  MRE11  POLQ  TP53BP1  HSP90AA1  JAK2  TAX1BP1  RAD51AP1  POT1  FIGNL1  USP15  EPC2  KAT7  PIK3R1  CHEK1  NEK7  USP25  USP1  TRAF6  AURKB  CEP63  DDX3X  PRKDC  ATP2B4  TOP2B  ERBIN  AP3B1  CLOCK  WASHC4  EPRS1  RB1  FANCD2  OXR1  ATP7A  DDIAS  PBK  NR1D2  ATR  ATAD5  OPA1  BRCA1  POLR3B  ARFGEF1  CLASP1  SMCHD1  MARCHF7  SLC39A8  TAOK1  CLASP2  AP1G1  ERCC4  ARID2  PJA2  PPP4R3B  NBN  ROCK2  TAF2  KAT2B  BARD1  BRCA2  TAF5  PBRM1  BIRC2"
0.0924419866726731,3,15,5.80724094881398,"GO:1904177 Regulation of adipose tissue development ","https://amigo.geneontology.org/amigo/term/GO:1904177"," PRKAA1  NCOA1  NCOA2"
0.0929691966530412,7,74,2.74666801633094,"GO:0071901 Negative regulation of protein serine/threonine kinase activity ","https://amigo.geneontology.org/amigo/term/GO:0071901"," LRP6  ZNF675  HIPK3  RB1  SLC8A1  NF1  IPO7"
0.093022014658105,21,360,1.69377861007075,"GO:0042254 Ribosome biogenesis ","https://amigo.geneontology.org/amigo/term/GO:0042254"," MTREX  XPO1  MDN1  WDR75  HEATR1  BMS1  NMD3  ERI2  KAT2B  UTP20  USP16  EIF5B  PRKDC  DIS3  RRN3  FASTKD2  WDR36  CUL4B  NOL8  DDX3X  TSC1"
0.0934048491713696,9,110,2.37568947906027,"GO:0045995 Regulation of embryonic development ","https://amigo.geneontology.org/amigo/term/GO:0045995"," ZZZ3  TRIP12  RACGAP1  DHX36  CLASP1  CLASP2  NIPBL  KAT2B  CDK1"
0.0936663733814458,33,638,1.50187265917603,"GO:0030031 Cell projection assembly ","https://amigo.geneontology.org/amigo/term/GO:0030031"," OFD1  NCKAP1  PCM1  SSX2IP  EPS8  CENPJ  WDR19  C2CD3  CEP83  USP9X  MARCHF7  ROCK1  EXOC5  HSP90AA1  KIAA0586  CCP110  IFT81  CEP350  PIK3R1  ATP7A  CEP120  CD2AP  RAPGEF2  RAPGEF6  ANLN  MPHOSPH9  RAB23  PLK4  TBC1D31  CEP135  KIF24  WDR11  PIK3CA"
0.0960079402452906,5,42,3.4566910409607,"GO:0090630 Activation of gtpase activity ","https://amigo.geneontology.org/amigo/term/GO:0090630"," ECT2  DOCK7  TSC1  RALGAPB  RALGAPA1"
0.0989992862781898,7,75,2.71004577611319,"GO:0000288 Nuclear-transcribed mrna catabolic process deadenylation-dependent decay ","https://amigo.geneontology.org/amigo/term/GO:0000288"," RC3H2  CNOT1  RC3H1  PAN3  DCP1A  DHX36  DIS3"
0.0992877400594374,13,190,1.98668769301531,"GO:0008361 Regulation of cell size ","https://amigo.geneontology.org/amigo/term/GO:0008361"," WNK1  MACF1  GOLGA4  CLASP2  RB1CC1  HSP90AA1  EIF4G2  ARHGAP32  WDR36  EPHA7  ATP7A  TSC1  NRCAM"
0.0997086881043085,4,28,4.14802924915284,"GO:1902914 Regulation of protein polyubiquitination ","https://amigo.geneontology.org/amigo/term/GO:1902914"," BIRC2  CEP63  DDX3X  MARCHF7"
0.0997086881043085,4,28,4.14802924915284,"GO:2000001 Regulation of dna damage checkpoint ","https://amigo.geneontology.org/amigo/term/GO:2000001"," WDR76  BRCA1  BARD1  BRCA2"
0.099985786889674,8,93,2.49773804250064,"GO:0009791 Post-embryonic development ","https://amigo.geneontology.org/amigo/term/GO:0009791"," ZFX  RC3H2  ATRX  JAK2  IREB2  SLC4A10  ARID5B  MORC3"
0.099985786889674,11,150,2.12932168123179,"GO:0030218 Erythrocyte differentiation ","https://amigo.geneontology.org/amigo/term/GO:0030218"," JAK2  HIF1A  UFL1  ARID4A  PTBP3  RB1  NCAPG2  NEMP1  PRKDC  MYB  RACGAP1"
0.099985786889674,11,150,2.12932168123179,"GO:0035148 Tube formation ","https://amigo.geneontology.org/amigo/term/GO:0035148"," HIF1A  MIB1  APAF1  KIF20B  SEC24B  PRKACB  TSC1  TRAF6  OPA1  STIL  DLC1"
0.100652721510721,40,811,1.43211860636596,"GO:0051248 Negative regulation of protein metabolic process ","https://amigo.geneontology.org/amigo/term/GO:0051248"," IBTK  UFL1  WNK1  LRP6  DNAJC10  FBXO5  CNOT1  EPRS1  CEP78  ARL6IP1  DHX36  SOCS4  CEP63  ZNF675  ENPP1  CAPRIN2  XRN1  PRKAA1  IREB2  C9orf72  OXR1  PBK  MTM1  PRKDC  TPR  ROCK1  USP9X  MARCHF7  ITGAV  SPOPL  USP25  PTPN13  TSC1  DDX3X  RB1  HIPK3  SLC8A1  NF1  ATP2B4  IPO7"
0.10124726837738,19,319,1.72942912268755,"GO:0048638 Regulation of developmental growth ","https://amigo.geneontology.org/amigo/term/GO:0048638"," WWC2  SYT1  MACF1  GOLGA4  CLASP2  ITSN2  EIF4G2  GPAM  PLS1  PIK3CA  ARHGAP32  WDR36  EPHA7  NPY1R  NIPBL  RBPJ  CDK1  MTM1  NRCAM"
0.10158896052586,93,2165,1.24728269801316,"GO:0009888 Tissue development ","https://amigo.geneontology.org/amigo/term/GO:0009888"," SLC4A7  PALS1  SEMA6A  TJP1  NR5A2  USF3  CEP63  MYO6  ENPP1  LRP6  MET  IL6ST  BRCA2  ARID4A  KITLG  ROCK1  NUP133  EXOC5  ATP2B1  RASAL2  PALB2  ATRX  JAK2  HIF1A  MIB1  SPG11  ARRDC3  PRLR  ATF2  CENPF  PLS1  APAF1  PIK3CA  E2F8  SYNE1  PRKAA1  AP3B1  CLOCK  EPHA7  KIF20B  SEC24B  RB1  FRMD6  GREB1L  PLK4  PRKACB  LNPK  ABCA12  GPC3  ARID5B  FREM2  THRB  WDR19  MYSM1  TSC1  E2F7  COPS2  FRS2  LEO1  C2CD3  RBPJ  CDK1  FOXN2  MTM1  NR1D2  TRAF6  SLITRK6  ARID2  XRCC2  NF1  SLC39A10  CD2AP  OPA1  IPO7  PRKDC  ITGA6  ROCK2  CLASP1  RAPGEF2  FBXO5  ITGAV  CLASP2  ARHGAP12  SLC8A1  KIF16B  TRPS1  STIL  SETDB2  IQGAP1  DLC1  ATP7A  NCOA1  NCOA2"
0.101748230397091,16,254,1.82905226734299,"GO:0002285 Lymphocyte activation involved in immune response ","https://amigo.geneontology.org/amigo/term/GO:0002285"," TP53BP1  SHLD2  RC3H2  MSH2  NBN  MSH6  RC3H1  TSC1  MALT1  EXO1  ATAD5  OPA1  MYB  AP1G1  IL6ST  ATP7A"
0.101748230397091,16,254,1.82905226734299,"GO:0043523 Regulation of neuron apoptotic process ","https://amigo.geneontology.org/amigo/term/GO:0043523"," HIF1A  ROCK1  MSH2  JAK2  KIF14  MYB  PIK3CA  NES  EPHA7  RAD21  OXR1  XRCC2  NF1  CD2AP  IL6ST  RASA1"
0.101748230397091,26,478,1.57937515344313,"GO:0051960 Regulation of nervous system development ","https://amigo.geneontology.org/amigo/term/GO:0051960"," SLITRK6  RAPGEF2  MACF1  GOLGA4  UFL1  ASPM  HLTF  PCM1  REST  HIF1A  EIF4G2  CAPRIN2  MAN2A1  KIF14  MYB  IL6ST  ARHGAP32  EPHA7  RB1  PTPN13  DHX36  IL1RAP  XRCC2  NF1  DICER1  DOCK7"
0.101748230397091,10,131,2.21650417893663,"GO:1905037 Autophagosome organization ","https://amigo.geneontology.org/amigo/term/GO:1905037"," RB1CC1  ATG2B  RAB23  MTM1  SPG11  TRAF6  PIKFYVE  RAB3GAP1  C9orf72  LRBA"
0.102776378695539,14,212,1.91748521894801,"GO:0120032 Regulation of plasma membrane bounded cell projection assembly ","https://amigo.geneontology.org/amigo/term/GO:0120032"," EPS8  NCKAP1  MARCHF7  HSP90AA1  CCP110  PIK3R1  CENPJ  ATP7A  CEP120  ANLN  MPHOSPH9  CEP135  KIF24  PIK3CA"
0.103306589078598,12,171,2.03762840309263,"GO:0048639 Positive regulation of developmental growth ","https://amigo.geneontology.org/amigo/term/GO:0048639"," SYT1  MACF1  GOLGA4  ITSN2  EIF4G2  GPAM  PLS1  ARHGAP32  NIPBL  RBPJ  CDK1  MTM1"
0.103558516558811,5,43,3.37630287721743,"GO:0090169 Regulation of spindle assembly ","https://amigo.geneontology.org/amigo/term/GO:0090169"," TPR  SPAG5  STIL  CENPJ  SASS6"
0.103761622637858,7,76,2.67438727905907,"GO:0046323 D-glucose import ","https://amigo.geneontology.org/amigo/term/GO:0046323"," ENPP1  OSBPL8  STXBP3  GPC3  TSC1  CD2AP  PIK3R1"
0.103761622637858,6,59,2.95283438075287,"GO:0061462 Protein localization to lysosome ","https://amigo.geneontology.org/amigo/term/GO:0061462"," GNPTAB  AP3B1  ROCK2  GCC2  NEDD4  PIK3R4"
0.104373848498467,16,255,1.82187951335341,"GO:2001234 Negative regulation of apoptotic signaling pathway ","https://amigo.geneontology.org/amigo/term/GO:2001234"," TAF9B  HIF1A  PHIP  RB1CC1  RRN3  HELLS  FIGNL1  RB1  DDIAS  ATAD5  OPA1  BRCA1  ITGA6  MARCHF7  ITGAV  DDX3X"
0.104527398073626,2,6,9.67873491468997,"GO:0000429 Carbon catabolite regulation of transcription from rna polymerase ii promoter ","https://amigo.geneontology.org/amigo/term/GO:0000429"," NCOA1  KAT2B"
0.104527398073626,2,6,9.67873491468997,"GO:0000436 Carbon catabolite activation of transcription from rna polymerase ii promoter ","https://amigo.geneontology.org/amigo/term/GO:0000436"," NCOA1  KAT2B"
0.104527398073626,2,6,9.67873491468997,"GO:0002155 Regulation of thyroid hormone receptor signaling pathway ","https://amigo.geneontology.org/amigo/term/GO:0002155"," THRB  NCOA1"
0.104527398073626,2,6,9.67873491468997,"GO:0006011 Udp-glucose metabolic process ","https://amigo.geneontology.org/amigo/term/GO:0006011"," UGGT2  UGGT1"
0.104527398073626,2,6,9.67873491468997,"GO:0010606 Positive regulation of cytoplasmic mrna processing body assembly ","https://amigo.geneontology.org/amigo/term/GO:0010606"," CNOT1  PAN3"
0.104527398073626,2,6,9.67873491468997,"GO:0016321 Female meiosis chromosome segregation ","https://amigo.geneontology.org/amigo/term/GO:0016321"," TTK  NCAPH"
0.104527398073626,2,6,9.67873491468997,"GO:0043570 Maintenance of dna repeat elements ","https://amigo.geneontology.org/amigo/term/GO:0043570"," MSH2  MSH3"
0.104527398073626,15,234,1.86129517590192,"GO:0048588 Developmental cell growth ","https://amigo.geneontology.org/amigo/term/GO:0048588"," SYT1  MACF1  GOLGA4  CLASP2  ITSN2  SPG11  EIF4G2  ARHGAP32  WDR36  EPHA7  C9orf72  CD2AP  USP9X  IQGAP1  NRCAM"
0.104527398073626,2,6,9.67873491468997,"GO:0051661 Maintenance of centrosome location ","https://amigo.geneontology.org/amigo/term/GO:0051661"," AKAP9  ASPM"
0.104527398073626,2,6,9.67873491468997,"GO:0090233 Negative regulation of spindle checkpoint ","https://amigo.geneontology.org/amigo/term/GO:0090233"," SKA1  SKA3"
0.104527398073626,2,6,9.67873491468997,"GO:0097742 De novo centriole assembly ","https://amigo.geneontology.org/amigo/term/GO:0097742"," CEP63  PLK4"
0.104527398073626,2,6,9.67873491468997,"GO:0099187 Presynaptic cytoskeleton organization ","https://amigo.geneontology.org/amigo/term/GO:0099187"," CLASP2  DAAM1"
0.104527398073626,2,6,9.67873491468997,"GO:0140495 Migracytosis ","https://amigo.geneontology.org/amigo/term/GO:0140495"," DNM1L  KIF5B"
0.104527398073626,2,6,9.67873491468997,"GO:0140499 Negative regulation of mitotic spindle assembly checkpoint signaling ","https://amigo.geneontology.org/amigo/term/GO:0140499"," SKA1  SKA3"
0.104527398073626,2,6,9.67873491468997,"GO:0160040 Mitocytosis ","https://amigo.geneontology.org/amigo/term/GO:0160040"," DNM1L  KIF5B"
0.104527398073626,2,6,9.67873491468997,"GO:1901534 Positive regulation of hematopoietic progenitor cell differentiation ","https://amigo.geneontology.org/amigo/term/GO:1901534"," KITLG  DHX36"
0.104527398073626,2,6,9.67873491468997,"GO:1902083 Negative regulation of peptidyl-cysteine s-nitrosylation ","https://amigo.geneontology.org/amigo/term/GO:1902083"," OXR1  ATP2B4"
0.104527398073626,2,6,9.67873491468997,"GO:1902102 Regulation of metaphase/anaphase transition of meiotic cell cycle ","https://amigo.geneontology.org/amigo/term/GO:1902102"," TTK  KNL1"
0.104527398073626,2,6,9.67873491468997,"GO:1903690 Negative regulation of wound healing spreading of epidermal cells ","https://amigo.geneontology.org/amigo/term/GO:1903690"," CLASP1  CLASP2"
0.104527398073626,2,6,9.67873491468997,"GO:1905132 Regulation of meiotic chromosome separation ","https://amigo.geneontology.org/amigo/term/GO:1905132"," TTK  KNL1"
0.104527398073626,2,6,9.67873491468997,"GO:1905203 Regulation of connective tissue replacement ","https://amigo.geneontology.org/amigo/term/GO:1905203"," ROCK1  ROCK2"
0.104558684646902,11,152,2.10130429068927,"GO:0001889 Liver development ","https://amigo.geneontology.org/amigo/term/GO:0001889"," MET  RB1CC1  MAN2A1  ATF2  PIK3CA  E2F8  ATP7A  E2F7  NF1  CD2AP  ARID5B"
0.104558684646902,3,16,5.44428838951311,"GO:0021859 Pyramidal neuron differentiation ","https://amigo.geneontology.org/amigo/term/GO:0021859"," SCYL2  SLC4A10  ATP7A"
0.104558684646902,3,16,5.44428838951311,"GO:0031000 Response to caffeine ","https://amigo.geneontology.org/amigo/term/GO:0031000"," PRKAA1  CHEK1  SLC8A1"
0.104558684646902,3,16,5.44428838951311,"GO:0060253 Negative regulation of glial cell proliferation ","https://amigo.geneontology.org/amigo/term/GO:0060253"," RB1  NF1  DICER1"
0.104558684646902,3,16,5.44428838951311,"GO:2000232 Regulation of rrna processing ","https://amigo.geneontology.org/amigo/term/GO:2000232"," WDR75  KAT2B  HEATR1"
0.106671466979487,14,214,1.89956479634102,"GO:0060491 Regulation of cell projection assembly ","https://amigo.geneontology.org/amigo/term/GO:0060491"," EPS8  NCKAP1  MARCHF7  HSP90AA1  CCP110  PIK3R1  CENPJ  ATP7A  CEP120  ANLN  MPHOSPH9  CEP135  KIF24  PIK3CA"
0.107030468890251,4,29,4.00499375780275,"GO:0070198 Protein localization to chromosome telomeric region ","https://amigo.geneontology.org/amigo/term/GO:0070198"," BRCA2  ATRX  POT1  ATR"
0.107067414236539,7,77,2.63965497673363,"GO:1902017 Regulation of cilium assembly ","https://amigo.geneontology.org/amigo/term/GO:1902017"," MARCHF7  CCP110  CENPJ  CEP120  MPHOSPH9  CEP135  KIF24"
0.107909986071097,6,60,2.90362047440699,"GO:0051058 Negative regulation of small gtpase mediated signal transduction ","https://amigo.geneontology.org/amigo/term/GO:0051058"," MET  RASA2  NF1  DLC1  ARHGAP12  CD2AP"
0.107909986071097,6,60,2.90362047440699,"GO:0141137 Positive regulation of gene expression epigenetic ","https://amigo.geneontology.org/amigo/term/GO:0141137"," ATAD2B  ATAD2  ATF2  TET2  KAT7  KAT2B"
0.107909986071097,6,60,2.90362047440699,"GO:1904356 Regulation of telomere maintenance via telomere lengthening ","https://amigo.geneontology.org/amigo/term/GO:1904356"," POT1  XRN1  ERCC4  DHX36  ATR  HSP90AA1"
0.108813973503988,5,44,3.29956872091704,"GO:0031124 Mrna 3-prime-end processing ","https://amigo.geneontology.org/amigo/term/GO:0031124"," CPSF2  NCBP1  LEO1  DHX36  BARD1"
0.108813973503988,5,44,3.29956872091704,"GO:0060251 Regulation of glial cell proliferation ","https://amigo.geneontology.org/amigo/term/GO:0060251"," UFL1  MYB  RB1  NF1  DICER1"
0.108813973503988,5,44,3.29956872091704,"GO:1905168 Positive regulation of double-strand break repair via homologous recombination ","https://amigo.geneontology.org/amigo/term/GO:1905168"," FANCB  RAD51AP1  EPC2  ARID2  NBN"
0.109520785014836,14,215,1.89072961124176,"GO:0007623 Circadian rhythm ","https://amigo.geneontology.org/amigo/term/GO:0007623"," PER3  CLOCK  NRIP1  KDM5A  TOP2A  PRKAA1  NCOA2  NR1D2  PRKDC  USP9X  CDK1  ROCK2  NCOR1  SUV39H2"
0.110660199654761,53,1143,1.34638569679414,"GO:0009894 Regulation of catabolic process ","https://amigo.geneontology.org/amigo/term/GO:0009894"," UFL1  RC3H2  ZC3H14  FASTKD2  CNOT1  RC3H1  PAN3  MTM1  DCP1A  HIF1A  ATP2B4  NEDD4  SENP1  XPO1  PRKAA1  DHX36  PIK3R4  RB1CC1  PIAS1  ROCK1  KAT2B  APAF1  LRPPRC  UBR3  GPC3  C9orf72  CUL4B  PBK  ERCC4  SOCS4  PLIN5  HSP90AA1  DNM1L  WNK1  EIF4G2  RAB3GAP1  USP9X  MARCHF7  TMTC3  NCOR1  DTL  NBAS  USP25  HECTD1  ROCK2  TSC1  MET  PIK3CA  BARD1  DIS3  EXOC1  IDE  IREB2"
0.112649097600093,11,154,2.07401462457642,"GO:0007224 Smoothened signaling pathway ","https://amigo.geneontology.org/amigo/term/GO:0007224"," KIAA0586  STIL  RB1  PRKACB  GPC3  CENPJ  WDR19  C2CD3  IFT81  WDR11  ENPP1"
0.113169254960986,14,216,1.88197623341194,"GO:0061013 Regulation of mrna catabolic process ","https://amigo.geneontology.org/amigo/term/GO:0061013"," RC3H2  ZC3H14  FASTKD2  CNOT1  RC3H1  PAN3  DCP1A  SENP1  ROCK1  NBAS  DHX36  ROCK2  DIS3  IREB2"
0.113246003607938,35,699,1.45388721894485,"GO:0048858 Cell projection morphogenesis ","https://amigo.geneontology.org/amigo/term/GO:0048858"," NCKAP1  NEDD4  NRCAM  SEMA6A  SPG11  DOCK7  EPHA7  KIF5B  SLITRK6  SYT1  RAPGEF2  MACF1  GOLGA4  CLASP2  ITSN2  TOP2B  EIF4G2  CAPRIN2  SYNE1  NES  KIDINS220  ARHGAP32  WDR36  KIF20B  C9orf72  DHX36  ZDHHC17  CD2AP  ARHGEF28  ROCK1  USP9X  KIF21A  IQGAP1  DICER1  ATP7A"
0.11361384244157,76,1735,1.27190291674312,"GO:0016192 Vesicle-mediated transport ","https://amigo.geneontology.org/amigo/term/GO:0016192"," AP2B1  HEATR5B  SYT1  NEDD4  EXOC5  EPS15  DNM1L  EXOC1  MIB1  EEA1  MET  C2CD5  EXOC2  PIKFYVE  STXBP3  BLZF1  COPB1  AP3B1  COG6  GCC2  WASHC4  EXOC6  DNAJC13  SEC31A  USO1  SEC24B  CLTC  EXOC6B  GOLGA4  SYTL5  C9orf72  NBAS  VPS8  AP1G1  CHM  PIK3R4  MYO6  ITSN2  DENND1B  WDR11  MACF1  SCYL2  ITGAV  MTM1  LRP6  HMMR  AP4E1  DOP1A  SPG11  SEC23IP  EHBP1  PIK3CA  ATP8A1  SYNE1  PRKAA1  GPC3  GAPVD1  TRAPPC11  PDCD6IP  ENPP1  ROCK1  CLASP1  KIF16B  ALMS1  HOOK1  ABCA12  ANKRD50  CLASP2  WASHC5  ARHGAP12  CEP83  MON2  ERC1  REST  RAB3GAP1  ARFGEF1"
0.11361384244157,19,325,1.69750120042255,"GO:0051347 Positive regulation of transferase activity ","https://amigo.geneontology.org/amigo/term/GO:0051347"," MRE11  HSP90AA1  TPX2  CLSPN  NBN  RAPGEF2  PRLR  ECT2  RFC3  DSCC1  TRAF6  DDX3X  SPDYE18  KIF14  CENPE  IQGAP1  ARRDC3  JAK2  UBE2C"
0.114895952658759,6,61,2.85602013876098,"GO:0072538 T-helper 17 type immune response ","https://amigo.geneontology.org/amigo/term/GO:0072538"," RC3H2  RC3H1  MALT1  OPA1  IL6ST  JAK2"
0.115278659897576,20,348,1.66874739908448,"GO:1904951 Positive regulation of establishment of protein localization ","https://amigo.geneontology.org/amigo/term/GO:1904951"," C2CD5  DNM1L  PIK3R1  HSP90AA1  JAK2  HIF1A  ECT2  PRKAA1  CTDSPL2  KIF20B  CDK1  TPR  PCM1  XPO4  CENPJ  ICE1  CEP295  CEP120  CEP135  CD2AP"
0.116624026146825,25,463,1.56782962980939,"GO:0051223 Regulation of protein transport ","https://amigo.geneontology.org/amigo/term/GO:0051223"," UHMK1  DNM1L  BARD1  PIK3R1  HSP90AA1  XPO1  JAK2  HIF1A  ECT2  CLOCK  CTDSPL2  KIF20B  ABCA12  GAPVD1  CDK1  NF1  ZBED6  TPR  PCM1  REST  RAB23  XPO4  GCC2  ICE1  CD2AP"
0.116735449755859,16,260,1.78684336886584,"GO:0007160 Cell-matrix adhesion ","https://amigo.geneontology.org/amigo/term/GO:0007160"," ITGA2B  ITGA6  MACF1  ITGAV  SLK  RASA1  DLC1  TSC1  ROCK1  TRPM7  PIK3R1  NF1  CLASP1  PTPRK  CLASP2  ROCK2"
0.116735449755859,8,97,2.39473853559339,"GO:0010631 Epithelial cell migration ","https://amigo.geneontology.org/amigo/term/GO:0010631"," PKN2  KITLG  ROCK1  HIF1A  ANLN  CLASP1  CLASP2  MACF1"
0.116735449755859,8,97,2.39473853559339,"GO:0021954 Central nervous system neuron development ","https://amigo.geneontology.org/amigo/term/GO:0021954"," PALS1  SPG11  SCYL2  SLC4A10  TAOK1  ARHGEF28  RAPGEF2  ATP7A"
0.116735449755859,5,45,3.22624497156332,"GO:0045022 Early endosome to late endosome transport ","https://amigo.geneontology.org/amigo/term/GO:0045022"," PIK3R4  DNAJC13  KIF16B  HOOK1  EEA1"
0.116735449755859,4,30,3.87149396587599,"GO:0045830 Positive regulation of isotype switching ","https://amigo.geneontology.org/amigo/term/GO:0045830"," TP53BP1  SHLD2  MSH2  ATAD5"
0.116735449755859,4,30,3.87149396587599,"GO:0046794 Transport of virus ","https://amigo.geneontology.org/amigo/term/GO:0046794"," PIKFYVE  NUP153  EPS15  KPNA2"
0.116735449755859,34,677,1.45824366513793,"GO:0048812 Neuron projection morphogenesis ","https://amigo.geneontology.org/amigo/term/GO:0048812"," NCKAP1  NEDD4  NRCAM  SEMA6A  SPG11  DOCK7  EPHA7  KIF5B  SLITRK6  SYT1  RAPGEF2  MACF1  GOLGA4  CLASP2  ITSN2  TOP2B  EIF4G2  CAPRIN2  SYNE1  KIDINS220  ARHGAP32  WDR36  KIF20B  C9orf72  DHX36  ZDHHC17  CD2AP  ARHGEF28  ROCK1  USP9X  KIF21A  IQGAP1  DICER1  ATP7A"
0.116735449755859,5,45,3.22624497156332,"GO:0072539 T-helper 17 cell differentiation ","https://amigo.geneontology.org/amigo/term/GO:0072539"," RC3H2  RC3H1  MALT1  OPA1  IL6ST"
0.116735449755859,4,30,3.87149396587599,"GO:1904358 Positive regulation of telomere maintenance via telomere lengthening ","https://amigo.geneontology.org/amigo/term/GO:1904358"," POT1  DHX36  ATR  HSP90AA1"
0.116735449755859,5,45,3.22624497156332,"GO:2000316 Regulation of t-helper 17 type immune response ","https://amigo.geneontology.org/amigo/term/GO:2000316"," RC3H2  RC3H1  MALT1  OPA1  JAK2"
0.117169989661427,36,726,1.43981180549107,"GO:0006511 Ubiquitin-dependent protein catabolic process ","https://amigo.geneontology.org/amigo/term/GO:0006511"," ANKIB1  CDC27  UFL1  UBA6  RC3H2  CCAR1  NEDD4  HACE1  HECTD1  CUL2  RC3H1  DTL  SPOPL  UBR3  FBXO38  TRIP12  NEMF  UBE2C  TTC3  XPO1  MIB1  BIRC2  PIAS1  UBE4A  CLOCK  USP25  CUL4B  PBK  MTM1  SOCS4  USP28  KIF14  USP9X  RNF20  TOPORS  PJA2"
0.117172808169597,9,116,2.25280898876404,"GO:0061157 Mrna destabilization ","https://amigo.geneontology.org/amigo/term/GO:0061157"," RC3H2  CNOT1  RC3H1  PAN3  DCP1A  ROCK1  DHX36  ROCK2  DIS3"
0.118604227244782,3,17,5.12403613130645,"GO:0002840 Regulation of t cell mediated immune response to tumor cell ","https://amigo.geneontology.org/amigo/term/GO:0002840"," UFL1  PRKAA1  FBXO38"
0.118604227244782,13,197,1.91609472930411,"GO:0043488 Regulation of mrna stability ","https://amigo.geneontology.org/amigo/term/GO:0043488"," RC3H2  ZC3H14  FASTKD2  CNOT1  RC3H1  PAN3  DCP1A  SENP1  ROCK1  DHX36  ROCK2  DIS3  IREB2"
0.118604227244782,3,17,5.12403613130645,"GO:0050746 Regulation of lipoprotein metabolic process ","https://amigo.geneontology.org/amigo/term/GO:0050746"," RB1CC1  RAB3GAP1  ITGAV"
0.118604227244782,3,17,5.12403613130645,"GO:0072176 Nephric duct development ","https://amigo.geneontology.org/amigo/term/GO:0072176"," EPHA7  GREB1L  GPC3"
0.118604227244782,3,17,5.12403613130645,"GO:0170043 Non-proteinogenic amino acid biosynthetic process ","https://amigo.geneontology.org/amigo/term/GO:0170043"," ATP2B4  PLOD2  SLC38A1"
0.118604227244782,17,283,1.74422431324802,"GO:1901888 Regulation of cell junction assembly ","https://amigo.geneontology.org/amigo/term/GO:1901888"," ROCK1  MACF1  ROCK2  SLITRK6  SLK  DLC1  TSC1  SENP1  EPHA7  PTPN13  ARHGAP12  NECTIN3  IL1RAP  CLASP1  TJP1  RAPGEF2  CLASP2"
0.118604227244782,3,17,5.12403613130645,"GO:1902166 Negative regulation of intrinsic apoptotic signaling pathway in response to dna damage by p53 class mediator ","https://amigo.geneontology.org/amigo/term/GO:1902166"," TAF9B  ATAD5  MARCHF7"
0.118604227244782,3,17,5.12403613130645,"GO:1902916 Positive regulation of protein polyubiquitination ","https://amigo.geneontology.org/amigo/term/GO:1902916"," BIRC2  DDX3X  MARCHF7"
0.119068051124272,11,156,2.04742469349211,"GO:0016482 Cytosolic transport ","https://amigo.geneontology.org/amigo/term/GO:0016482"," HEATR5B  GCC2  DOP1A  EPS15  PIKFYVE  CLTC  AP1G1  MON2  ERC1  KIF16B  KIF5B"
0.12030555332861,22,396,1.61312248578166,"GO:0050767 Regulation of neurogenesis ","https://amigo.geneontology.org/amigo/term/GO:0050767"," RAPGEF2  MACF1  GOLGA4  UFL1  ASPM  HLTF  PCM1  REST  HIF1A  EIF4G2  CAPRIN2  MAN2A1  MYB  IL6ST  ARHGAP32  EPHA7  RB1  DHX36  XRCC2  NF1  DICER1  DOCK7"
0.12030555332861,6,62,2.80995529781322,"GO:0060998 Regulation of dendritic spine development ","https://amigo.geneontology.org/amigo/term/GO:0060998"," MAPK6  EIF4G2  CAPRIN2  C21orf91  PBRM1  DHX36"
0.121489289154168,12,177,1.96855625383525,"GO:0002821 Positive regulation of adaptive immune response ","https://amigo.geneontology.org/amigo/term/GO:0002821"," IL6ST  TP53BP1  SHLD2  PRKAA1  FBXO38  MSH2  MALT1  ATAD5  OPA1  DENND1B  TRAF6  JAK2"
0.121489289154168,9,117,2.2335542110823,"GO:0042752 Regulation of circadian rhythm ","https://amigo.geneontology.org/amigo/term/GO:0042752"," PER3  CLOCK  TOP2A  PRKAA1  NR1D2  PRKDC  USP9X  CDK1  ROCK2"
0.125381287372098,24,444,1.56952458076054,"GO:0044782 Cilium organization ","https://amigo.geneontology.org/amigo/term/GO:0044782"," OFD1  PCM1  CCP110  SSX2IP  IFT81  CENPJ  WDR19  C2CD3  CEP83  RTTN  USP9X  MARCHF7  EXOC5  KIAA0586  CEP350  CEP78  CEP120  MPHOSPH9  RAB23  PLK4  TBC1D31  CEP135  KIF24  WDR11"
0.128044715443567,4,31,3.74660706375096,"GO:0060117 Auditory receptor cell development ","https://amigo.geneontology.org/amigo/term/GO:0060117"," SLC4A7  PLS1  SEC24B  SLITRK6"
0.130849707755951,12,179,1.94656121189296,"GO:0046661 Male sex differentiation ","https://amigo.geneontology.org/amigo/term/GO:0046661"," ARID4A  ASPM  NCOA1  ATRX  MSH2  BRIP1  GREB1L  ARID5B  RRM1  SYCP2  CD2AP  KITLG"
0.130907949618935,7,81,2.50930164454925,"GO:0006360 Transcription by rna polymerase i ","https://amigo.geneontology.org/amigo/term/GO:0006360"," RRN3  WDR75  TAF1B  HEATR1  BAZ1B  SF3B1  DEK"
0.130907949618935,7,81,2.50930164454925,"GO:0140029 Exocytic process ","https://amigo.geneontology.org/amigo/term/GO:0140029"," STXBP3  EXOC2  SYT1  EXOC6  EXOC6B  EXOC5  EXOC1"
0.130907949618935,7,81,2.50930164454925,"GO:2000144 Positive regulation of dna-templated transcription initiation ","https://amigo.geneontology.org/amigo/term/GO:2000144"," TAF2  TAF5  MED14  CAND1  BCLAF1  DHX36  MED23"
0.131168634841052,19,332,1.66171051246183,"GO:0001822 Kidney development ","https://amigo.geneontology.org/amigo/term/GO:0001822"," GREB1L  AP2B1  CNTRL  HELLS  APAF1  EPHA7  ENPEP  GPC3  ARID5B  FREM2  TSC1  NF1  CD2AP  NUP160  NUP133  NUP107  CENPF  IQGAP1  NIPBL"
0.131168634841052,2,7,8.29605849830569,"GO:0002154 Thyroid hormone receptor signaling pathway ","https://amigo.geneontology.org/amigo/term/GO:0002154"," THRB  NCOA1"
0.131168634841052,8,100,2.32289637952559,"GO:0009798 Axis specification ","https://amigo.geneontology.org/amigo/term/GO:0009798"," TDRD1  GPC3  FRS2  C2CD3  CAPRIN2  STIL  SETDB2  PKD1L1"
0.131168634841052,2,7,8.29605849830569,"GO:0030952 Establishment or maintenance of cytoskeleton polarity ","https://amigo.geneontology.org/amigo/term/GO:0030952"," CKAP5  KIF2C"
0.131168634841052,2,7,8.29605849830569,"GO:0032483 Regulation of rab protein signal transduction ","https://amigo.geneontology.org/amigo/term/GO:0032483"," DENND4C  DENND4A"
0.131168634841052,2,7,8.29605849830569,"GO:0035635 Entry of bacterium into host cell ","https://amigo.geneontology.org/amigo/term/GO:0035635"," ITGAV  EXOC2"
0.131168634841052,2,7,8.29605849830569,"GO:0044785 Metaphase/anaphase transition of meiotic cell cycle ","https://amigo.geneontology.org/amigo/term/GO:0044785"," TTK  KNL1"
0.131168634841052,2,7,8.29605849830569,"GO:0045990 Carbon catabolite regulation of transcription ","https://amigo.geneontology.org/amigo/term/GO:0045990"," NCOA1  KAT2B"
0.131168634841052,2,7,8.29605849830569,"GO:0045991 Carbon catabolite activation of transcription ","https://amigo.geneontology.org/amigo/term/GO:0045991"," NCOA1  KAT2B"
0.131168634841052,81,1882,1.24969850386273,"GO:0048585 Negative regulation of response to stimulus ","https://amigo.geneontology.org/amigo/term/GO:0048585"," TMEM131L  PRKAA1  OTUD4  TSC1  FANCB  PARPBP  TRIM59  TAF9B  UFL1  MRE11  POLQ  ATP2B4  TP53BP1  SEMA6A  HIF1A  DICER1  MET  TAX1BP1  C5  SHLD2  CNOT1  IL6ST  USP15  SCYL2  NCOR1  PRKACB  PHIP  WWC2  USP25  AURKB  SOCS4  CEP63  ZNF675  ENPP1  PRKDC  RB1CC1  OFD1  RC3H2  RRN3  EIF3A  ERBIN  ARRDC3  HELLS  FIGNL1  CLOCK  RC3H1  CTDSPL2  RB1  GPC3  RASA2  OXR1  DDIAS  PBK  MTM1  NR1D2  ATAD5  NF1  OPA1  PLIN5  BRCA1  CLASP1  ITGA6  SMCHD1  FKTN  ZNF451  CIT  MARCHF7  ITGAV  SLC39A8  SKA1  CLASP2  DLC1  ARHGAP12  SKA3  ERCC4  CD2AP  DDX3X  NEDD4  HIPK3  ARID4A  C9orf72"
0.131168634841052,2,7,8.29605849830569,"GO:0051305 Chromosome movement towards spindle pole ","https://amigo.geneontology.org/amigo/term/GO:0051305"," CENPE  DLGAP5"
0.131168634841052,2,7,8.29605849830569,"GO:0051599 Response to hydrostatic pressure ","https://amigo.geneontology.org/amigo/term/GO:0051599"," PIK3CA  ATP2B4"
0.131168634841052,2,7,8.29605849830569,"GO:0060718 Chorionic trophoblast cell differentiation ","https://amigo.geneontology.org/amigo/term/GO:0060718"," E2F8  E2F7"
0.131168634841052,2,7,8.29605849830569,"GO:0061470 T follicular helper cell differentiation ","https://amigo.geneontology.org/amigo/term/GO:0061470"," RC3H2  RC3H1"
0.131168634841052,2,7,8.29605849830569,"GO:0070662 Mast cell proliferation ","https://amigo.geneontology.org/amigo/term/GO:0070662"," KITLG  NF1"
0.131168634841052,2,7,8.29605849830569,"GO:0070666 Regulation of mast cell proliferation ","https://amigo.geneontology.org/amigo/term/GO:0070666"," KITLG  NF1"
0.131168634841052,2,7,8.29605849830569,"GO:0090069 Regulation of ribosome biogenesis ","https://amigo.geneontology.org/amigo/term/GO:0090069"," KAT2B  USP16"
0.131168634841052,8,100,2.32289637952559,"GO:0090132 Epithelium migration ","https://amigo.geneontology.org/amigo/term/GO:0090132"," PKN2  KITLG  ROCK1  HIF1A  ANLN  CLASP1  CLASP2  MACF1"
0.131168634841052,2,7,8.29605849830569,"GO:0090521 Podocyte cell migration ","https://amigo.geneontology.org/amigo/term/GO:0090521"," ROCK1  ANLN"
0.131168634841052,2,7,8.29605849830569,"GO:0140331 Aminophospholipid translocation ","https://amigo.geneontology.org/amigo/term/GO:0140331"," ATP8A1  ATP11C"
0.131168634841052,2,7,8.29605849830569,"GO:1901994 Negative regulation of meiotic cell cycle phase transition ","https://amigo.geneontology.org/amigo/term/GO:1901994"," TTK  KNL1"
0.131168634841052,2,7,8.29605849830569,"GO:1903944 Negative regulation of hepatocyte apoptotic process ","https://amigo.geneontology.org/amigo/term/GO:1903944"," PRKAA1  RB1"
0.131168634841052,2,7,8.29605849830569,"GO:1905323 Telomerase holoenzyme complex assembly ","https://amigo.geneontology.org/amigo/term/GO:1905323"," HSP90AA1  ATR"
0.131168634841052,2,7,8.29605849830569,"GO:2000535 Regulation of entry of bacterium into host cell ","https://amigo.geneontology.org/amigo/term/GO:2000535"," ITGAV  EXOC2"
0.131168634841052,2,7,8.29605849830569,"GO:2000660 Negative regulation of interleukin-1-mediated signaling pathway ","https://amigo.geneontology.org/amigo/term/GO:2000660"," OTUD4  ZNF675"
0.132328685045381,15,244,1.78501258672561,"GO:0008406 Gonad development ","https://amigo.geneontology.org/amigo/term/GO:0008406"," ZFX  ARID4A  KITLG  ASPM  NCOA1  ATRX  MSH2  BRIP1  BRCA2  ARID5B  WDR19  RRM1  NRIP1  CD2AP  NUP107"
0.132715276323129,3,18,4.83936745734499,"GO:0002424 T cell mediated immune response to tumor cell ","https://amigo.geneontology.org/amigo/term/GO:0002424"," UFL1  PRKAA1  FBXO38"
0.132715276323129,3,18,4.83936745734499,"GO:0007063 Regulation of sister chromatid cohesion ","https://amigo.geneontology.org/amigo/term/GO:0007063"," BUB1  ATRX  RAD21"
0.132715276323129,3,18,4.83936745734499,"GO:0010002 Cardioblast differentiation ","https://amigo.geneontology.org/amigo/term/GO:0010002"," REST  RBPJ  DHX36"
0.132715276323129,3,18,4.83936745734499,"GO:0035234 Ectopic germ cell programmed cell death ","https://amigo.geneontology.org/amigo/term/GO:0035234"," KITLG  SYCP2  PRKDC"
0.132715276323129,3,18,4.83936745734499,"GO:0042795 Snrna transcription by rna polymerase ii ","https://amigo.geneontology.org/amigo/term/GO:0042795"," ICE2  LARP7  ICE1"
0.13287922906314,6,64,2.72214419475655,"GO:0014009 Glial cell proliferation ","https://amigo.geneontology.org/amigo/term/GO:0014009"," UFL1  MYB  ORC3  RB1  NF1  DICER1"
0.132960246104843,36,736,1.42024914509038,"GO:0019941 Modification-dependent protein catabolic process ","https://amigo.geneontology.org/amigo/term/GO:0019941"," ANKIB1  CDC27  UFL1  UBA6  RC3H2  CCAR1  NEDD4  HACE1  HECTD1  CUL2  RC3H1  DTL  SPOPL  UBR3  FBXO38  TRIP12  NEMF  UBE2C  TTC3  XPO1  MIB1  BIRC2  PIAS1  UBE4A  CLOCK  USP25  CUL4B  PBK  MTM1  SOCS4  USP28  KIF14  USP9X  RNF20  TOPORS  PJA2"
0.1359235118144,4,32,3.62952559300874,"GO:0010575 Positive regulation of vascular endothelial growth factor production ","https://amigo.geneontology.org/amigo/term/GO:0010575"," HIF1A  C5  BRCA1  IL6ST"
0.1359235118144,4,32,3.62952559300874,"GO:0017158 Regulation of calcium ion-dependent exocytosis ","https://amigo.geneontology.org/amigo/term/GO:0017158"," SYT1  STXBP3  REST  RAB3GAP1"
0.1359235118144,4,32,3.62952559300874,"GO:0022011 Myelination in peripheral nervous system ","https://amigo.geneontology.org/amigo/term/GO:0022011"," ADGRG6  PALS1  NF1  DICER1"
0.1359235118144,4,32,3.62952559300874,"GO:0032292 Peripheral nervous system axon ensheathment ","https://amigo.geneontology.org/amigo/term/GO:0032292"," ADGRG6  PALS1  NF1  DICER1"
0.1359235118144,4,32,3.62952559300874,"GO:0045724 Positive regulation of cilium assembly ","https://amigo.geneontology.org/amigo/term/GO:0045724"," CCP110  CENPJ  CEP120  CEP135"
0.1359235118144,42,886,1.37643408493334,"GO:0048871 Multicellular organismal-level homeostasis ","https://amigo.geneontology.org/amigo/term/GO:0048871"," JAK2  TJP1  HIF1A  ZFX  UFL1  ARID4A  KITLG  RC3H2  RASAL2  RRN3  ARRDC3  LNPEP  PRLR  PTBP3  GPAM  PIK3CA  PRKAA1  AP3B1  WDR36  RC3H1  IREB2  SLC39A8  RB1  ABCA12  NCAPG2  CCNB2  NEMP1  RBPJ  ELOVL6  NR1D2  TRAF6  RMI1  NF1  CD2AP  PRKDC  MYB  RACGAP1  ALMS1  DOCK7  BARD1  PRKACB  ZNF675"
0.1359235118144,4,32,3.62952559300874,"GO:0070498 Interleukin-1-mediated signaling pathway ","https://amigo.geneontology.org/amigo/term/GO:0070498"," OTUD4  IL1RAP  ZNF675  TRAF6"
0.1359235118144,4,32,3.62952559300874,"GO:1902230 Negative regulation of intrinsic apoptotic signaling pathway in response to dna damage ","https://amigo.geneontology.org/amigo/term/GO:1902230"," TAF9B  DDIAS  ATAD5  MARCHF7"
0.140115401518328,5,48,3.02460466084062,"GO:0006356 Regulation of transcription by rna polymerase i ","https://amigo.geneontology.org/amigo/term/GO:0006356"," WDR75  HEATR1  BAZ1B  SF3B1  DEK"
0.140115401518328,6,65,2.68026505329876,"GO:0007004 Telomere maintenance via telomerase ","https://amigo.geneontology.org/amigo/term/GO:0007004"," POT1  XRN1  HSP90AA1  ATR  MRE11  RFC1"
0.140115401518328,18,313,1.66981369135226,"GO:0016197 Endosomal transport ","https://amigo.geneontology.org/amigo/term/GO:0016197"," HEATR5B  EPS15  GCC2  WASHC4  ITSN2  DENND1B  PIK3R4  DNAJC13  AP1G1  KIF16B  PIKFYVE  ALMS1  HOOK1  CLTC  ANKRD50  WASHC5  ERC1  EEA1"
0.140115401518328,9,121,2.15971770823661,"GO:0048477 Oogenesis ","https://amigo.geneontology.org/amigo/term/GO:0048477"," TDRD1  ZFX  ASPM  TRIP13  FBXO5  CNTRL  BRCA2  WASHC5  MARF1"
0.140115401518328,6,65,2.68026505329876,"GO:0071168 Protein localization to chromatin ","https://amigo.geneontology.org/amigo/term/GO:0071168"," NIPBL  MMS22L  ESCO2  MSH2  MCM8  RAD21"
0.140115401518328,9,121,2.15971770823661,"GO:1904659 D-glucose transmembrane transport ","https://amigo.geneontology.org/amigo/term/GO:1904659"," C2CD5  ENPP1  OSBPL8  STXBP3  GPC3  TSC1  CD2AP  PIK3R1  SLC5A3"
0.140322024158666,7,83,2.4488365446806,"GO:0007405 Neuroblast proliferation ","https://amigo.geneontology.org/amigo/term/GO:0007405"," ASPM  HIF1A  NBN  RACGAP1  FRS2  NF1  DOCK7"
0.141710224055093,64,1449,1.28248247316803,"GO:0051094 Positive regulation of developmental process ","https://amigo.geneontology.org/amigo/term/GO:0051094"," SLITRK6  HIF1A  TP53BP1  SYT1  REST  SHLD2  MACF1  GOLGA4  TRAF6  ITSN2  UFL1  PIAS1  KITLG  WNK1  ASPM  MAPK6  ATP2B1  NCOA1  SUCO  MSH2  JAK2  ATP11C  TJP1  SHOC2  EIF4G2  CAPRIN2  MAN2A1  ECT2  MYB  GPAM  PLS1  PRKAA1  AP3B1  IL6ST  ARHGAP32  RB1  C21orf91  BRINP3  PBRM1  NIPBL  FRS2  RBPJ  CDK1  MTM1  MALT1  DHX36  ATAD5  IL1RAP  XRCC2  OPA1  IPO7  PRKDC  CLASP1  BRCA1  DNM1L  FBXO5  CLASP2  SLC8A1  DICER1  RAPGEF2  ARID4A  NRCAM  NCOA2  ARID2"
0.142796773001408,36,741,1.41066581752566,"GO:0043632 Modification-dependent macromolecule catabolic process ","https://amigo.geneontology.org/amigo/term/GO:0043632"," ANKIB1  CDC27  UFL1  UBA6  RC3H2  CCAR1  NEDD4  HACE1  HECTD1  CUL2  RC3H1  DTL  SPOPL  UBR3  FBXO38  TRIP12  NEMF  UBE2C  TTC3  XPO1  MIB1  BIRC2  PIAS1  UBE4A  CLOCK  USP25  CUL4B  PBK  MTM1  SOCS4  USP28  KIF14  USP9X  RNF20  TOPORS  PJA2"
0.144325705287187,188,4797,1.137962579088,"GO:0006810 Transport ","https://amigo.geneontology.org/amigo/term/GO:0006810"," RANBP2  AP2B1  HEATR5B  SLC4A7  TPR  ATP11B  SYT1  NUP133  NEDD4  EXOC5  PCM1  THOC1  XPO1  TNPO1  EPS15  IPO11  DNM1L  EXOC1  TRPM7  NUP50  NUP188  PLCB4  MIB1  ATP11C  EEA1  SPG11  MET  SHOC2  SLC38A1  NUP107  GNPTAB  C2CD5  MDN1  RAB23  EXOC2  ARRDC3  NUP155  PLCH1  PIKFYVE  TRAK2  STXBP3  SSX2IP  BLZF1  IFT81  CSE1L  ATP8A1  NUP153  THOC2  PEX1  COPB1  AP3B1  XPO4  COG6  ATP13A3  HOOK1  GCC2  WASHC4  NCBP1  RANBP6  MYOF  EXOC6  DNAJC13  SEC31A  USO1  SEC24B  SLC39A8  CLTC  EXOC6B  SLC4A10  ABCA12  GOLGA4  TRPC1  SYTL5  C9orf72  NBAS  UHMK1  VPS8  WDR19  AP1G1  CEP120  NMD3  KIF5B  KPNA2  SLC8A1  CHM  PIK3R4  MYO6  SCN8A  KPNA5  SLC39A10  ENPP1  ITSN2  SLC5A3  RANBP17  IPO7  DENND1B  ATP2B4  IBTK  NUP160  WNK1  ATP2B1  HSP90AA1  OSBPL8  CENPF  WDR11  USP9X  MACF1  SCYL2  BARD1  ITGAV  PIK3R1  ATP7A  MTM1  MALT1  ZDHHC17  BCLAF1  OFD1  PPP1R12A  NDC1  MON2  ATG2B  ARFGEF1  LRP6  HMMR  AP4E1  ERC1  DOP1A  NCOA1  JAK2  HIF1A  SEC23IP  PRLR  ECT2  EHBP1  ATF2  MYB  PIK3CA  KTN1  SYNE1  PRKAA1  CLOCK  EPRS1  DENND4C  CTDSPL2  LRPPRC  KIF20B  KIF21A  UBR3  GPC3  ANKRD50  AHCTF1  NUP205  CUL4B  PKD1L1  RACGAP1  WASHC5  GAPVD1  TSC1  TRAPPC11  MMGT1  PDCD6IP  CDK1  ARL6IP1  NF1  CD2AP  ZBED6  ROCK1  CLASP1  SPAG5  REST  KIF16B  ARHGAP21  ALMS1  AKAP9  CTTNBP2NL  CLASP2  ICE1  ARHGAP12  NEMF  HSP90B1  CEP83  RAB3GAP1  DOCK7  CKAP5  KIF4A  TUBA1B  SMG1  OPA1"
0.145537853369121,9,122,2.14201510407073,"GO:0061014 Positive regulation of mrna catabolic process ","https://amigo.geneontology.org/amigo/term/GO:0061014"," RC3H2  CNOT1  RC3H1  PAN3  DCP1A  ROCK1  DHX36  ROCK2  DIS3"
0.1462034198502,15,248,1.75622206113326,"GO:0060560 Developmental growth involved in morphogenesis ","https://amigo.geneontology.org/amigo/term/GO:0060560"," SYT1  MACF1  GOLGA4  CLASP2  ITSN2  SPG11  EIF4G2  ARHGAP32  WDR36  EPHA7  C9orf72  CD2AP  USP9X  IQGAP1  NRCAM"
0.147531737230733,34,694,1.42252299898902,"GO:0120039 Plasma membrane bounded cell projection morphogenesis ","https://amigo.geneontology.org/amigo/term/GO:0120039"," NCKAP1  NEDD4  NRCAM  SEMA6A  SPG11  DOCK7  EPHA7  KIF5B  SLITRK6  SYT1  RAPGEF2  MACF1  GOLGA4  CLASP2  ITSN2  TOP2B  EIF4G2  CAPRIN2  SYNE1  KIDINS220  ARHGAP32  WDR36  KIF20B  C9orf72  DHX36  ZDHHC17  CD2AP  ARHGEF28  ROCK1  USP9X  KIF21A  IQGAP1  DICER1  ATP7A"
0.14829612421,6,66,2.63965497673363,"GO:0035315 Hair cell differentiation ","https://amigo.geneontology.org/amigo/term/GO:0035315"," SLC4A7  MYO6  PLS1  SEC24B  RBPJ  SLITRK6"
0.14829612421,6,66,2.63965497673363,"GO:0048524 Positive regulation of viral process ","https://amigo.geneontology.org/amigo/term/GO:0048524"," NR5A2  PKN2  TOP2B  TOP2A  KPNA2  DDX3X"
0.14829612421,4,33,3.51953996897817,"GO:2000319 Regulation of t-helper 17 cell differentiation ","https://amigo.geneontology.org/amigo/term/GO:2000319"," RC3H2  RC3H1  MALT1  OPA1"
0.149047904453183,3,19,4.58466390695841,"GO:0007096 Regulation of exit from mitosis ","https://amigo.geneontology.org/amigo/term/GO:0007096"," UBE2C  KNTC1  ANLN"
0.149047904453183,3,19,4.58466390695841,"GO:0030242 Autophagy of peroxisome ","https://amigo.geneontology.org/amigo/term/GO:0030242"," RB1CC1  ATG2B  PIK3R4"
0.149047904453183,3,19,4.58466390695841,"GO:0097284 Hepatocyte apoptotic process ","https://amigo.geneontology.org/amigo/term/GO:0097284"," PRKAA1  ATF2  RB1"
