"Enrichment FDR","nGenes","Pathway Genes","Fold Enrichment","Pathway","URL","Genes"
1.17056289012619e-11,50,2165,3.39959657380068,"GO:0009888 Tissue development ","https://amigo.geneontology.org/amigo/term/GO:0009888"," NTN4  SOX9  KRT7  PGM5  KRT80  KRT86  KRT83  MAF  KRT16  KRT81  EDA2R  EDN1  UPK3A  SNAI1  LIF  LOXL2  ADAMTS7  ATOH8  GAS6  AKR1C1  CYSRT1  TRIM16  TNF  BAX  CA9  FHL2  EPAS1  ID3  TGFBI  CDKN1A  C3  KLF2  CYP1A1  BTG2  ATF3  CHST11  NUPR1  ALDH1A3  CSF1  LAMB3  SELENOM  TGM2  ACTA2  AKR1C3  ICAM1  STRA6  AMER2  TSKU  LAMC2  AQP3"
5.27353792076581e-09,71,4782,2.18556665554903,"GO:0030154 Cell differentiation ","https://amigo.geneontology.org/amigo/term/GO:0030154"," HES2  FGF22  NTN4  ID3  SOX9  LIF  KRT7  PGM5  S100A9  KRT80  KRT86  KRT83  MAF  CSF1  KRT16  NANOS1  SIGLEC15  KRT81  ZNF488  EDA2R  EDN1  UPK3A  SNAI1  APOE  LOXL2  ADAMTS7  IGFBP3  ATOH8  RND1  GAS6  AKR1C1  L1CAM  TGM2  TRIM16  TNF  H4C5  PPP2R5B  BAX  ZNF423  RELB  NOVA2  FHL2  EPAS1  TGFBI  CDKN1A  C3  EDN2  KLF2  ARHGAP22  GDF15  DTX1  CYP1A1  DUSP15  SLC45A3  BTG2  ATF3  KLK6  CHST11  DDIT3  NUPR1  TSKU  PAQR7  LAMB3  CYP24A1  ACHE  DHRS2  ACTA2  AKR1C3  ICAM1  DDIT4  AQP3"
5.27353792076581e-09,71,4783,2.18510971081653,"GO:0048869 Cellular developmental process ","https://amigo.geneontology.org/amigo/term/GO:0048869"," HES2  FGF22  NTN4  ID3  SOX9  LIF  KRT7  PGM5  S100A9  KRT80  KRT86  KRT83  MAF  CSF1  KRT16  NANOS1  SIGLEC15  KRT81  ZNF488  EDA2R  EDN1  UPK3A  SNAI1  APOE  LOXL2  ADAMTS7  IGFBP3  ATOH8  RND1  GAS6  AKR1C1  L1CAM  TGM2  TRIM16  TNF  H4C5  PPP2R5B  BAX  ZNF423  RELB  NOVA2  FHL2  EPAS1  TGFBI  CDKN1A  C3  EDN2  KLF2  ARHGAP22  GDF15  DTX1  CYP1A1  DUSP15  SLC45A3  BTG2  ATF3  KLK6  CHST11  DDIT3  NUPR1  TSKU  PAQR7  LAMB3  CYP24A1  ACHE  DHRS2  ACTA2  AKR1C3  ICAM1  DDIT4  AQP3"
1.05773802722949e-08,34,1314,3.80889351289906,"GO:0060429 Epithelium development ","https://amigo.geneontology.org/amigo/term/GO:0060429"," SOX9  KRT7  KRT80  KRT86  KRT83  MAF  KRT16  KRT81  UPK3A  LIF  ATOH8  AKR1C1  CYSRT1  TRIM16  TNF  NTN4  EDN1  BAX  CA9  EPAS1  ID3  SNAI1  CDKN1A  C3  KLF2  CYP1A1  ALDH1A3  CSF1  TGM2  ACTA2  AKR1C3  ICAM1  STRA6  AQP3"
1.52501083248639e-08,60,3758,2.35022668939174,"GO:0010646 Regulation of cell communication ","https://amigo.geneontology.org/amigo/term/GO:0010646"," HMOX1  FGF22  FHL2  VGF  SESN2  EDA2R  IGFBP3  SSTR5  DHRS3  AMER2  PLEKHF1  DDIT4  PHLDA3  TMEM198  TNF  ACHE  DDIT3  EDN1  ICAM1  GADD45A  C3  EDN2  KLF2  LIF  APOE  GDF15  OASL  S100A9  PSCA  KLK6  ATOH8  GAS6  CSF1  AKR1C3  TRIM16  CCL5  PPP2R5B  LMCD1  BAX  ZNF423  ACTA2  SOX9  RGS16  ATF3  BEST1  BDKRB2  CHST11  TSKU  SORCS2  PRR5  DTX1  OAS1  BBC3  SNAI1  IRAK2  ADCY5  NUPR1  MGLL  TGM2  ARHGAP22"
1.52501083248639e-08,60,3753,2.35335782007306,"GO:0023051 Regulation of signaling ","https://amigo.geneontology.org/amigo/term/GO:0023051"," HMOX1  FGF22  FHL2  VGF  SESN2  EDA2R  IGFBP3  SSTR5  DHRS3  AMER2  PLEKHF1  DDIT4  PHLDA3  TMEM198  TNF  ACHE  DDIT3  EDN1  ICAM1  GADD45A  C3  EDN2  KLF2  LIF  APOE  GDF15  OASL  S100A9  PSCA  KLK6  ATOH8  GAS6  CSF1  AKR1C3  TRIM16  CCL5  PPP2R5B  LMCD1  BAX  ZNF423  ACTA2  SOX9  RGS16  ATF3  BEST1  BDKRB2  CHST11  TSKU  SORCS2  PRR5  DTX1  OAS1  BBC3  SNAI1  IRAK2  ADCY5  NUPR1  MGLL  TGM2  ARHGAP22"
1.52501083248639e-08,55,3241,2.49803740836357,"GO:0035556 Intracellular signal transduction ","https://amigo.geneontology.org/amigo/term/GO:0035556"," HMOX1  FGF22  BAX  CDIP1  RELB  BBC3  FHL2  SESN2  EDA2R  IRAK2  DHRS3  PLEKHF1  DDIT4  PHLDA3  DDIT3  AEN  PRR5  TNF  EDN1  GADD45A  CDKN1A  SOX9  EDN2  KLF2  LIF  APOE  GDF15  OASL  S100A9  PSCA  ATOH8  GAS6  RPS27L  AKR1C3  TRIM16  CCL5  LMCD1  ACTA2  RASD1  IGFBP3  ATF3  BDKRB2  RND1  ADCY5  NUPR1  CSF1  OAS1  ICAM1  SNAI1  RFTN1  TGM2  CYP24A1  FOSL1  MAF  ARHGAP22"
1.7775384884024e-08,11,93,17.4110521301211,"GO:0072332 Intrinsic apoptotic signaling pathway by p53 class mediator ","https://amigo.geneontology.org/amigo/term/GO:0072332"," CDIP1  PHLDA3  AEN  RPS27L  BAX  BBC3  CDKN1A  EDA2R  DDIT4  BDKRB2  NUPR1"
7.32865832743407e-08,54,3304,2.40585251478837,"GO:0009966 Regulation of signal transduction ","https://amigo.geneontology.org/amigo/term/GO:0009966"," HMOX1  FGF22  FHL2  SESN2  EDA2R  IGFBP3  DHRS3  AMER2  PLEKHF1  DDIT4  PHLDA3  TMEM198  TNF  DDIT3  EDN1  ICAM1  GADD45A  C3  EDN2  KLF2  LIF  APOE  GDF15  OASL  S100A9  PSCA  KLK6  ATOH8  GAS6  CSF1  AKR1C3  TRIM16  CCL5  PPP2R5B  LMCD1  BAX  ZNF423  ACTA2  SOX9  RGS16  ATF3  BDKRB2  CHST11  TSKU  PRR5  DTX1  OAS1  BBC3  SNAI1  IRAK2  NUPR1  MGLL  TGM2  ARHGAP22"
7.32865832743407e-08,31,1227,3.71905336675848,"GO:1902533 Positive regulation of intracellular signal transduction ","https://amigo.geneontology.org/amigo/term/GO:1902533"," HMOX1  FGF22  EDA2R  PLEKHF1  TNF  DDIT3  EDN1  GADD45A  EDN2  KLF2  LIF  GDF15  SESN2  OASL  S100A9  ATOH8  GAS6  AKR1C3  TRIM16  CCL5  LMCD1  BAX  ACTA2  IGFBP3  CSF1  PRR5  ICAM1  BBC3  APOE  NUPR1  TGM2"
8.51008115368026e-08,37,1723,3.16105262384566,"GO:0009967 Positive regulation of signal transduction ","https://amigo.geneontology.org/amigo/term/GO:0009967"," HMOX1  FGF22  EDA2R  PLEKHF1  TMEM198  TNF  DDIT3  EDN1  GADD45A  C3  EDN2  KLF2  LIF  GDF15  SESN2  OASL  S100A9  KLK6  ATOH8  GAS6  CSF1  AKR1C3  TRIM16  CCL5  PPP2R5B  LMCD1  BAX  ZNF423  ACTA2  IGFBP3  PRR5  ICAM1  BBC3  APOE  ATF3  NUPR1  TGM2"
1.33680066365699e-07,11,116,13.9588607594937,"GO:0008630 Intrinsic apoptotic signaling pathway in response to dna damage ","https://amigo.geneontology.org/amigo/term/GO:0008630"," BAX  CDIP1  PHLDA3  AEN  RPS27L  BBC3  CDKN1A  DDIT4  NUPR1  TNF  SNAI1"
2.44783274392455e-07,52,3229,2.37055795774841,"GO:0048513 Animal organ development ","https://amigo.geneontology.org/amigo/term/GO:0048513"," FGF22  NTN4  SOX9  KRT7  KRT80  KRT86  KRT83  MAF  SIGLEC15  KRT81  EDN1  SNAI1  LIF  LOXL2  ADAMTS7  GAS6  CYSRT1  TRIM16  TNF  ACHE  BAX  UPK3A  ZNF423  ACTA2  FHL2  EPAS1  ID3  TGFBI  CDKN1A  EDN2  KLF2  VGF  CYP1A1  BTG2  DHRS3  ATF3  CHST11  FOSL1  NUPR1  TSKU  SPNS2  ALDH1A3  CSF1  KRT16  NANOS1  LAMB3  SELENOM  TGM2  AQP3  AKR1C3  STRA6  DDIT4"
2.47765114927175e-07,13,196,9.76343322138982,"GO:0072331 Signal transduction by p53 class mediator ","https://amigo.geneontology.org/amigo/term/GO:0072331"," CDIP1  PHLDA3  AEN  CDKN1A  RPS27L  BAX  BBC3  SESN2  EDA2R  DDIT4  BDKRB2  NUPR1  SNAI1"
2.57803009280034e-07,24,800,4.41607594936709,"GO:0030855 Epithelial cell differentiation ","https://amigo.geneontology.org/amigo/term/GO:0030855"," KRT7  KRT80  KRT86  KRT83  MAF  KRT16  KRT81  UPK3A  LIF  ATOH8  AKR1C1  TRIM16  TNF  EDN1  EPAS1  ID3  CDKN1A  SOX9  KLF2  CYP1A1  ACTA2  AKR1C3  ICAM1  AQP3"
3.19008868013526e-07,16,337,6.9888442324306,"GO:0097193 Intrinsic apoptotic signaling pathway ","https://amigo.geneontology.org/amigo/term/GO:0097193"," BAX  CDIP1  BBC3  PLEKHF1  PHLDA3  DDIT3  AEN  S100A9  RPS27L  CDKN1A  EDA2R  DDIT4  BDKRB2  NUPR1  TNF  SNAI1"
6.23979048650061e-07,40,2154,2.73356604727149,"GO:1902531 Regulation of intracellular signal transduction ","https://amigo.geneontology.org/amigo/term/GO:1902531"," HMOX1  FGF22  FHL2  SESN2  EDA2R  DHRS3  PLEKHF1  DDIT4  PHLDA3  TNF  DDIT3  EDN1  GADD45A  EDN2  KLF2  LIF  APOE  GDF15  OASL  S100A9  PSCA  ATOH8  GAS6  AKR1C3  TRIM16  CCL5  LMCD1  BAX  ACTA2  IGFBP3  ATF3  BDKRB2  CSF1  PRR5  ICAM1  BBC3  SNAI1  NUPR1  TGM2  ARHGAP22"
7.17113692939968e-07,17,414,6.04454840090503,"GO:0008544 Epidermis development ","https://amigo.geneontology.org/amigo/term/GO:0008544"," KRT7  KRT80  KRT86  KRT83  KRT81  CYSRT1  TRIM16  SNAI1  CDKN1A  SOX9  KRT16  TNF  AKR1C3  EDA2R  LAMC2  AQP3  LAMB3"
7.17113692939968e-07,8,55,21.4112773302647,"GO:0042771 Intrinsic apoptotic signaling pathway in response to dna damage by p53 class mediator ","https://amigo.geneontology.org/amigo/term/GO:0042771"," CDIP1  PHLDA3  AEN  RPS27L  BBC3  CDKN1A  DDIT4  NUPR1"
1.0215737277646e-06,39,2120,2.70797110102699,"GO:0006915 Apoptotic process ","https://amigo.geneontology.org/amigo/term/GO:0006915"," BAX  CDIP1  BBC3  PLEKHF1  DDIT4  TNFRSF10C  PHLDA3  DDIT3  AEN  TNF  ICAM1  FHL2  GADD45A  S100A9  ANGPTL4  GAS6  RPS27L  AKR1C3  TGM2  CCL5  EDN1  HMOX1  ID3  CDKN1A  SOX9  APOE  EDA2R  IGFBP3  LCN2  BTG2  BDKRB2  CHST11  FOSL1  NUPR1  ALDH1A3  DHRS2  SNAI1  ATF3  PRR5"
1.0215737277646e-06,37,1934,2.81618080190593,"GO:0010647 Positive regulation of cell communication ","https://amigo.geneontology.org/amigo/term/GO:0010647"," HMOX1  FGF22  EDA2R  PLEKHF1  TMEM198  TNF  DDIT3  EDN1  GADD45A  C3  EDN2  KLF2  LIF  APOE  GDF15  SESN2  OASL  S100A9  KLK6  ATOH8  GAS6  CSF1  AKR1C3  TRIM16  CCL5  PPP2R5B  LMCD1  BAX  ZNF423  ACTA2  IGFBP3  PRR5  ICAM1  BBC3  ATF3  NUPR1  TGM2"
1.0215737277646e-06,37,1938,2.81036825123121,"GO:0023056 Positive regulation of signaling ","https://amigo.geneontology.org/amigo/term/GO:0023056"," HMOX1  FGF22  EDA2R  PLEKHF1  TMEM198  TNF  DDIT3  EDN1  GADD45A  C3  EDN2  KLF2  LIF  APOE  GDF15  SESN2  OASL  S100A9  KLK6  ATOH8  GAS6  CSF1  AKR1C3  TRIM16  CCL5  PPP2R5B  LMCD1  BAX  ZNF423  ACTA2  IGFBP3  PRR5  ICAM1  BBC3  ATF3  NUPR1  TGM2"
1.0215737277646e-06,42,2398,2.57819279779563,"GO:0070887 Cellular response to chemical stimulus ","https://amigo.geneontology.org/amigo/term/GO:0070887"," CCL22  EPAS1  SESN2  IRAK2  SSTR5  DHRS3  S100A9  CCL5  EDN1  ICAM1  DHRS2  SLC5A5  EDN2  KLF2  CYP1A1  AQP3  ADCY5  GAS6  CSF1  IFIT1  AKR1C1  AKR1C3  TGM2  TRIM16  TNF  CYP24A1  ACHE  HMOX1  RELB  ID3  SOX9  FOSB  APOE  GDF15  BTG2  DDIT4  BDKRB2  DDIT3  GPX2  PAQR7  BBC3  ABCC3"
1.11745618825573e-06,62,4545,2.00804333597917,"GO:0006950 Response to stress ","https://amigo.geneontology.org/amigo/term/GO:0006950"," BAX  OAS1  CDIP1  HMOX1  APOBEC3H  CCL22  RELB  BBC3  EPAS1  CDKN1A  SESN2  OASL  GABARAPL1  S100A9  DDIT4  PHLDA3  DDIT3  AEN  IFIT1  CCL5  APOE  BDKRB2  EDN1  DHRS2  GDF15  IRAK2  LCN2  BTG2  ATF3  IER5  SPATA18  AQP3  PARP10  CSF1  RPS27L  TNF  LXN  CA9  GADD45A  C3  KLF2  LIF  VGF  LOXL2  CYP1A1  TMEM45B  ANGPTL4  FOSL1  NUPR1  GPX2  TSKU  GAS6  UPP1  KRT16  NYNRIN  AKR1C3  SNAI1  RFTN1  MGLL  KLK6  MAF  IL32"
1.11745618825573e-06,20,615,4.78707419985592,"GO:0043068 Positive regulation of programmed cell death ","https://amigo.geneontology.org/amigo/term/GO:0043068"," PLEKHF1  TNFRSF10C  PHLDA3  TNF  DDIT3  BAX  GADD45A  S100A9  AKR1C3  CCL5  HMOX1  BBC3  ID3  CDKN1A  FOSL1  NUPR1  ALDH1A3  IGFBP3  ATF3  TGM2"
1.11745618825573e-06,13,233,8.21301678709187,"GO:1901654 Response to ketone ","https://amigo.geneontology.org/amigo/term/GO:1901654"," SLC5A5  ADCY5  GAS6  AKR1C3  EDN1  CA9  CDKN1A  FOSB  KLF2  CYP1A1  BTG2  DDIT4  FOSL1"
1.35139326381577e-06,51,3355,2.23765398328586,"GO:0051239 Regulation of multicellular organismal process ","https://amigo.geneontology.org/amigo/term/GO:0051239"," HES2  SOX9  CSF1  SIGLEC15  BDKRB2  IL32  EDN1  HMOX1  C3  EDN2  LIF  APOE  ADAMTS7  ATOH8  DDIT3  GAS6  TGM2  TRIM16  TNF  CCL5  H4C5  LMCD1  NTN4  ACHE  ZNF423  NOVA2  ACTA2  EPAS1  GADD45A  SNAI1  CDKN1A  KLF2  GDF15  RFTN1  LOXL2  DTX1  BTG2  DHRS3  NUPR1  MAF  TSKU  ZNF488  OAS1  RELB  STRA6  MGLL  LCN2  L1CAM  S100A9  AQP3  ANGPTL4"
1.43263662222338e-06,33,1621,2.99672026175435,"GO:0042981 Regulation of apoptotic process ","https://amigo.geneontology.org/amigo/term/GO:0042981"," PLEKHF1  TNFRSF10C  PHLDA3  TNF  DDIT3  BAX  ICAM1  FHL2  GADD45A  S100A9  ANGPTL4  GAS6  AKR1C3  TGM2  CCL5  EDN1  HMOX1  BBC3  ID3  CDKN1A  SOX9  APOE  BTG2  BDKRB2  CHST11  FOSL1  NUPR1  ALDH1A3  DHRS2  SNAI1  IGFBP3  ATF3  PRR5"
2.02838737783057e-06,39,2201,2.60831382743172,"GO:0008219 Cell death ","https://amigo.geneontology.org/amigo/term/GO:0008219"," BAX  CDIP1  BBC3  PLEKHF1  DDIT4  TNFRSF10C  PHLDA3  DDIT3  AEN  TNF  ICAM1  FHL2  GADD45A  S100A9  ANGPTL4  GAS6  RPS27L  AKR1C3  TGM2  CCL5  EDN1  HMOX1  ID3  CDKN1A  SOX9  APOE  EDA2R  IGFBP3  LCN2  BTG2  BDKRB2  CHST11  FOSL1  NUPR1  ALDH1A3  DHRS2  SNAI1  ATF3  PRR5"
2.02838737783057e-06,32,1566,3.00796999531177,"GO:0009719 Response to endogenous stimulus ","https://amigo.geneontology.org/amigo/term/GO:0009719"," FGF22  TIMP3  SSTR5  DHRS3  PAQR7  SOX9  KLF2  APOE  GDF15  ADAMTS7  AKR1C1  AKR1C3  TRIM16  TNF  PPP2R5B  EDN1  ZNF423  ACTA2  CDKN1A  FOSB  VGF  SESN2  BTG2  DDIT4  CHST11  DDIT3  FOSL1  GAS6  SLC5A5  CCL5  FHL2  CYP24A1"
2.02838737783057e-06,39,2197,2.61306269193319,"GO:0012501 Programmed cell death ","https://amigo.geneontology.org/amigo/term/GO:0012501"," BAX  CDIP1  BBC3  PLEKHF1  DDIT4  TNFRSF10C  PHLDA3  DDIT3  AEN  TNF  ICAM1  FHL2  GADD45A  S100A9  ANGPTL4  GAS6  RPS27L  AKR1C3  TGM2  CCL5  EDN1  HMOX1  ID3  CDKN1A  SOX9  APOE  EDA2R  IGFBP3  LCN2  BTG2  BDKRB2  CHST11  FOSL1  NUPR1  ALDH1A3  DHRS2  SNAI1  ATF3  PRR5"
2.02838737783057e-06,59,4287,2.02588042152755,"GO:0048731 System development ","https://amigo.geneontology.org/amigo/term/GO:0048731"," HES2  NTN4  SOX9  MALL  S100A9  MAF  SIGLEC15  ZNF488  EDN1  HMOX1  LIF  APOE  ADAMTS7  RND1  CSF1  L1CAM  TGM2  TNF  PPP2R5B  ACHE  BAX  UPK3A  ZNF423  NOVA2  ACTA2  FHL2  EPAS1  GADD45A  ID3  TGFBI  SNAI1  CDKN1A  C3  EDN2  KLF2  VGF  ARHGAP22  LOXL2  DTX1  CYP1A1  DUSP15  SLC45A3  BTG2  DHRS3  KLK6  ANGPTL4  ATOH8  CHST11  DDIT3  FOSL1  NUPR1  TSKU  SPNS2  GAS6  ALDH1A3  NANOS1  AKR1C3  STRA6  DDIT4"
2.12126162512767e-06,60,4417,1.99958159355539,"GO:0042221 Response to chemical ","https://amigo.geneontology.org/amigo/term/GO:0042221"," CYP24A1  TIMP3  CCL22  RELB  EPAS1  SESN2  IRAK2  SSTR5  DHRS3  S100A9  PAQR7  TNF  CCL5  EDN1  BAX  OAS1  ICAM1  HMOX1  DHRS2  SLC5A5  EDN2  KLF2  APOE  GDF15  EDA2R  LOXL2  CYP1A1  AQP3  ADCY5  GAS6  CSF1  IFIT1  AKR1C1  AKR1C3  TGM2  TRIM16  ACHE  NOVA2  CA9  ID3  CDKN1A  SOX9  FOSB  VGF  OASL  DTX1  BTG2  DDIT4  BDKRB2  DDIT3  FOSL1  NUPR1  GPX2  SELENOM  BBC3  FHL2  RFTN1  ADAMTS7  ABCC3  L1CAM"
2.50031278269499e-06,35,1853,2.78040399762274,"GO:0042592 Homeostatic process ","https://amigo.geneontology.org/amigo/term/GO:0042592"," EDN1  SLC12A4  EDN2  VGF  APOE  ANGPTL4  SIGLEC15  HMOX1  GDF15  DDIT3  CCL5  ACHE  BAX  ICAM1  UPK3A  ZNF423  NOVA2  EPAS1  SOX9  KLF2  SESN2  AQP3  TSKU  SPNS2  GAS6  CSF1  NANOS1  TGM2  TNF  OAS1  ADCY5  LCN2  MALL  S100A9  AKR1C1"
2.50031278269499e-06,33,1674,2.90184202168686,"GO:0043067 Regulation of programmed cell death ","https://amigo.geneontology.org/amigo/term/GO:0043067"," PLEKHF1  TNFRSF10C  PHLDA3  TNF  DDIT3  BAX  ICAM1  FHL2  GADD45A  S100A9  ANGPTL4  GAS6  AKR1C3  TGM2  CCL5  EDN1  HMOX1  BBC3  ID3  CDKN1A  SOX9  APOE  BTG2  BDKRB2  CHST11  FOSL1  NUPR1  ALDH1A3  DHRS2  SNAI1  IGFBP3  ATF3  PRR5"
2.64779174266849e-06,19,596,4.69269815648628,"GO:0043065 Positive regulation of apoptotic process ","https://amigo.geneontology.org/amigo/term/GO:0043065"," PLEKHF1  TNFRSF10C  PHLDA3  TNF  DDIT3  BAX  GADD45A  S100A9  AKR1C3  CCL5  HMOX1  BBC3  ID3  FOSL1  NUPR1  ALDH1A3  IGFBP3  ATF3  TGM2"
3.60095556612618e-06,20,675,4.36155649320206,"GO:0097190 Apoptotic signaling pathway ","https://amigo.geneontology.org/amigo/term/GO:0097190"," BAX  CDIP1  BBC3  PLEKHF1  TNFRSF10C  PHLDA3  DDIT3  AEN  TNF  ICAM1  S100A9  RPS27L  CDKN1A  EDA2R  DDIT4  BDKRB2  NUPR1  HMOX1  SNAI1  ATF3"
3.97645271142836e-06,27,1202,3.30654605193875,"GO:0009628 Response to abiotic stimulus ","https://amigo.geneontology.org/amigo/term/GO:0009628"," EPAS1  DDIT4  IER5  AQP3  AEN  TNF  EDN1  LXN  BAX  RELB  BBC3  CA9  CDKN1A  SOX9  FOSB  LIF  VGF  LOXL2  CYP1A1  BTG2  ANGPTL4  BEST1  BDKRB2  FOSL1  GADD45A  HMOX1  STRA6"
7.21800385592135e-06,14,335,6.15174759115813,"GO:0043588 Skin development ","https://amigo.geneontology.org/amigo/term/GO:0043588"," KRT7  KRT80  KRT86  KRT83  KRT81  CYSRT1  TRIM16  SNAI1  CDKN1A  SOX9  KRT16  TNF  AKR1C3  AQP3"
1.21965790238548e-05,17,531,4.71269875324799,"GO:0031667 Response to nutrient levels ","https://amigo.geneontology.org/amigo/term/GO:0031667"," CYP24A1  SESN2  GABARAPL1  GDF15  GAS6  BAX  CDKN1A  VGF  APOE  CYP1A1  ATF3  DDIT3  UPP1  TNF  AKR1C3  PRR5  AQP3"
1.21965790238548e-05,26,1192,3.21079347549061,"GO:0072359 Circulatory system development ","https://amigo.geneontology.org/amigo/term/GO:0072359"," SOX9  EDN1  HMOX1  TGM2  TNF  BAX  FHL2  EPAS1  GADD45A  ID3  SNAI1  CDKN1A  C3  EDN2  LIF  ARHGAP22  APOE  DHRS3  ANGPTL4  DDIT3  FOSL1  ACTA2  TGFBI  KLF2  LOXL2  STRA6"
1.21965790238548e-05,36,2085,2.5416264456789,"GO:0141124 Intracellular signaling cassette ","https://amigo.geneontology.org/amigo/term/GO:0141124"," HMOX1  FGF22  RELB  FHL2  EDA2R  PHLDA3  TNF  EDN1  GADD45A  SOX9  EDN2  LIF  APOE  GDF15  IRAK2  PSCA  ATOH8  DDIT3  GAS6  AKR1C3  CCL5  LMCD1  ACTA2  RASD1  SESN2  IGFBP3  ATF3  RND1  CSF1  PRR5  CDKN1A  ICAM1  TGM2  FOSL1  MAF  ARHGAP22"
1.35451444851192e-05,22,886,3.65514186930308,"GO:0048871 Multicellular organismal-level homeostasis ","https://amigo.geneontology.org/amigo/term/GO:0048871"," SIGLEC15  GDF15  ACHE  BAX  ZNF423  NOVA2  EPAS1  SOX9  EDN2  KLF2  VGF  APOE  AQP3  DDIT3  TSKU  SPNS2  CSF1  NANOS1  TNF  OAS1  HMOX1  LCN2"
1.75449244308918e-05,31,1655,2.7572679643581,"GO:0016477 Cell migration ","https://amigo.geneontology.org/amigo/term/GO:0016477"," FGF22  NTN4  CCL22  S100A9  RND1  CCL5  EDN1  EDN2  APOE  IGFBP3  GAS6  CSF1  KRT16  NANOS1  L1CAM  TNF  BAX  ICAM1  ACTA2  GADD45A  SNAI1  SOX9  GDF15  DDIT3  SPNS2  LAMB3  HMOX1  LAMC2  LOXL2  ATOH8  DDIT4"
1.75449244308918e-05,42,2719,2.27381622990582,"GO:0048584 Positive regulation of response to stimulus ","https://amigo.geneontology.org/amigo/term/GO:0048584"," HMOX1  FGF22  C3  EDA2R  PLEKHF1  TMEM198  TNF  DDIT3  EDN1  BAX  GADD45A  EDN2  KLF2  LIF  GDF15  SESN2  IRAK2  OASL  S100A9  KLK6  ATOH8  GAS6  CSF1  AKR1C3  TRIM16  CCL5  PPP2R5B  LMCD1  ZNF423  ACTA2  RFTN1  IGFBP3  FOSL1  NUPR1  PRR5  OAS1  ICAM1  BBC3  APOE  ATF3  IER5  TGM2"
2.1825926053529e-05,35,2047,2.5168972191475,"GO:0033554 Cellular response to stress ","https://amigo.geneontology.org/amigo/term/GO:0033554"," BAX  CDIP1  BBC3  EPAS1  CDKN1A  SESN2  GABARAPL1  PHLDA3  DDIT3  AEN  EDN1  DHRS2  GDF15  BTG2  ATF3  IER5  SPATA18  AQP3  PARP10  RPS27L  RELB  GADD45A  KLF2  DDIT4  BDKRB2  NUPR1  GAS6  UPP1  NYNRIN  TNF  AKR1C3  HMOX1  SNAI1  FOSL1  MAF"
3.79527998556266e-05,59,4704,1.84629025660897,"GO:0048583 Regulation of response to stimulus ","https://amigo.geneontology.org/amigo/term/GO:0048583"," HMOX1  FGF22  FHL2  C3  SESN2  EDA2R  IGFBP3  DHRS3  AMER2  PLEKHF1  DDIT4  PHLDA3  TMEM198  TNF  APOE  DDIT3  EDN1  BAX  ICAM1  GADD45A  EDN2  KLF2  LIF  GDF15  IRAK2  OASL  S100A9  PSCA  KLK6  ATOH8  GAS6  CSF1  AKR1C3  TRIM16  CCL5  PPP2R5B  LMCD1  ZNF423  NOVA2  ACTA2  SOX9  RFTN1  RGS16  ATF3  BDKRB2  CHST11  FOSL1  NUPR1  TSKU  SPNS2  PRR5  DTX1  OAS1  BBC3  SNAI1  IER5  MGLL  TGM2  ARHGAP22"
3.89951669525674e-05,20,796,3.69855607149672,"GO:0001944 Vasculature development ","https://amigo.geneontology.org/amigo/term/GO:0001944"," HMOX1  TGM2  TNF  EDN1  BAX  EPAS1  GADD45A  C3  EDN2  LIF  ARHGAP22  APOE  ANGPTL4  DDIT3  FOSL1  ACTA2  TGFBI  KLF2  LOXL2  STRA6"
4.1970926505191e-05,10,184,8.00013758943313,"GO:0030216 Keratinocyte differentiation ","https://amigo.geneontology.org/amigo/term/GO:0030216"," KRT7  KRT80  KRT86  KRT83  KRT81  TRIM16  CDKN1A  KRT16  AKR1C3  AQP3"
4.45663884832657e-05,22,959,3.37690896371484,"GO:0014070 Response to organic cyclic compound ","https://amigo.geneontology.org/amigo/term/GO:0014070"," CYP24A1  SSTR5  PAQR7  SLC5A5  CYP1A1  ADCY5  IFIT1  AKR1C3  TGM2  TNF  EDN1  CA9  ID3  CDKN1A  SOX9  FOSB  KLF2  DDIT4  FOSL1  VGF  RFTN1  AQP3"
7.3800835175899e-05,29,1595,2.67640966628308,"GO:0010648 Negative regulation of cell communication ","https://amigo.geneontology.org/amigo/term/GO:0010648"," FHL2  SESN2  DDIT4  PHLDA3  ACHE  ICAM1  LIF  APOE  GDF15  PSCA  GAS6  TNF  CCL5  EDN1  BAX  SOX9  RGS16  DHRS3  ATF3  BDKRB2  CHST11  DDIT3  TSKU  SORCS2  OAS1  HMOX1  SNAI1  AMER2  IGFBP3"
7.3800835175899e-05,29,1594,2.67808871877134,"GO:0023057 Negative regulation of signaling ","https://amigo.geneontology.org/amigo/term/GO:0023057"," FHL2  SESN2  DDIT4  PHLDA3  ACHE  ICAM1  LIF  APOE  GDF15  PSCA  GAS6  TNF  CCL5  EDN1  BAX  SOX9  RGS16  DHRS3  ATF3  BDKRB2  CHST11  DDIT3  TSKU  SORCS2  OAS1  HMOX1  SNAI1  AMER2  IGFBP3"
7.99109315385406e-05,12,302,5.84910721770475,"GO:0061448 Connective tissue development ","https://amigo.geneontology.org/amigo/term/GO:0061448"," SOX9  ADAMTS7  EDN1  TGFBI  SNAI1  LOXL2  CHST11  MAF  CSF1  SELENOM  ACTA2  TSKU"
8.28579624983448e-05,19,766,3.65123773011204,"GO:0001568 Blood vessel development ","https://amigo.geneontology.org/amigo/term/GO:0001568"," HMOX1  TGM2  TNF  EDN1  BAX  EPAS1  GADD45A  C3  EDN2  ARHGAP22  APOE  ANGPTL4  DDIT3  FOSL1  ACTA2  TGFBI  KLF2  LOXL2  STRA6"
9.63434718642821e-05,22,1011,3.20322027319736,"GO:0033993 Response to lipid ","https://amigo.geneontology.org/amigo/term/GO:0033993"," CYP24A1  IRAK2  SSTR5  S100A9  PAQR7  SLC5A5  AQP3  ADCY5  AKR1C1  AKR1C3  TNF  EDN1  CA9  ID3  CDKN1A  SOX9  FOSB  CYP1A1  BTG2  DDIT4  FOSL1  TRIM16"
9.63434718642821e-05,23,1094,3.09475157938583,"GO:0048878 Chemical homeostasis ","https://amigo.geneontology.org/amigo/term/GO:0048878"," EDN1  SLC12A4  EDN2  VGF  APOE  ANGPTL4  HMOX1  CCL5  BAX  ICAM1  UPK3A  EPAS1  SESN2  AQP3  DDIT3  TSKU  GAS6  TGM2  OAS1  ADCY5  MALL  S100A9  AKR1C1"
0.000102331066361586,26,1357,2.82038748915609,"GO:0040011 Locomotion ","https://amigo.geneontology.org/amigo/term/GO:0040011"," FGF22  CCL22  S100A9  CCL5  EDN1  EDN2  APOE  IGFBP3  GAS6  CSF1  KRT16  TNF  NOVA2  ACTA2  GADD45A  SNAI1  SOX9  GDF15  CAVIN1  SPNS2  HMOX1  LAMC2  ICAM1  ATOH8  FOSL1  L1CAM"
0.000110972346723914,32,1921,2.45209839284655,"GO:0048870 Cell motility ","https://amigo.geneontology.org/amigo/term/GO:0048870"," FGF22  NTN4  CCL22  S100A9  RND1  CCL5  EDN1  EDN2  APOE  IGFBP3  GAS6  CSF1  KRT16  NANOS1  L1CAM  TNF  BAX  ICAM1  ACTA2  GADD45A  SNAI1  SOX9  GDF15  DDIT3  CAVIN1  SPNS2  LAMB3  HMOX1  LAMC2  LOXL2  ATOH8  DDIT4"
0.000148206723251583,21,960,3.22005537974683,"GO:0040007 Growth ","https://amigo.geneontology.org/amigo/term/GO:0040007"," EDN1  CDKN1A  SOX9  EDN2  KLF2  GDF15  SESN2  IGFBP3  CHST11  CSF1  NANOS1  SELENOM  BBC3  RFTN1  STRA6  TSKU  L1CAM  KLK6  PRR5  APOE  S100A9"
0.00014951004337478,11,269,6.01943437955861,"GO:0009636 Response to toxic substance ","https://amigo.geneontology.org/amigo/term/GO:0009636"," BAX  DHRS2  SESN2  CCL5  CDKN1A  APOE  CYP1A1  S100A9  NUPR1  GPX2  TNF"
0.00014951004337478,21,962,3.21336087791784,"GO:0009725 Response to hormone ","https://amigo.geneontology.org/amigo/term/GO:0009725"," TIMP3  SSTR5  DHRS3  PAQR7  KLF2  AKR1C1  AKR1C3  TRIM16  TNF  EDN1  CDKN1A  FOSB  VGF  GDF15  SESN2  BTG2  DDIT4  FOSL1  SLC5A5  FHL2  CYP24A1"
0.000151988159913492,39,2666,2.15337536915875,"GO:0050793 Regulation of developmental process ","https://amigo.geneontology.org/amigo/term/GO:0050793"," HES2  SOX9  LIF  CSF1  SIGLEC15  EDN1  HMOX1  APOE  ADAMTS7  IGFBP3  ATOH8  GAS6  TGM2  TRIM16  TNF  H4C5  NTN4  BAX  GADD45A  ID3  SNAI1  CDKN1A  C3  GDF15  LOXL2  DTX1  DUSP15  SLC45A3  BTG2  DDIT3  NUPR1  MAF  TSKU  ZNF488  KLF2  L1CAM  KLK6  AQP3  ANGPTL4"
0.000156213807533178,43,3099,2.04250043909632,"GO:0007166 Cell surface receptor signaling pathway ","https://amigo.geneontology.org/amigo/term/GO:0007166"," FGF22  BAX  CCL22  LIF  IRAK2  DTX1  DISP2  IGFBP3  AMER2  TNFRSF10C  TMEM198  TNF  CCL5  EDN2  EDN1  ICAM1  APOE  GDF15  EDA2R  ATOH8  GAS6  CSF1  PPP2R5B  ZNF423  GADD45A  SNAI1  SOX9  C3  RFTN1  OASL  GPR87  ADGRF4  CHST11  ADCY5  DDIT3  FOSL1  TSKU  OAS1  HMOX1  ATF3  DDIT4  GEM  BDKRB2"
0.000163469692310842,30,1772,2.49214218361574,"GO:1901700 Response to oxygen-containing compound ","https://amigo.geneontology.org/amigo/term/GO:1901700"," CYP24A1  SESN2  IRAK2  S100A9  EDN1  ICAM1  SLC5A5  AQP3  ADCY5  GAS6  AKR1C1  AKR1C3  TGM2  TRIM16  ACHE  CA9  ID3  CDKN1A  SOX9  FOSB  KLF2  VGF  GDF15  CYP1A1  BTG2  DDIT4  FOSL1  TNF  HMOX1  APOE"
0.000180911786856713,23,1146,2.95432655135087,"GO:0040012 Regulation of locomotion ","https://amigo.geneontology.org/amigo/term/GO:0040012"," FGF22  CCL22  CCL5  EDN1  EDN2  APOE  IGFBP3  GAS6  CSF1  KRT16  TNF  NOVA2  ACTA2  GADD45A  SNAI1  SOX9  GDF15  CAVIN1  SPNS2  HMOX1  LAMC2  ICAM1  ATOH8"
0.000207795697211956,6,61,14.4789375389085,"GO:2001244 Positive regulation of intrinsic apoptotic signaling pathway ","https://amigo.geneontology.org/amigo/term/GO:2001244"," PLEKHF1  DDIT3  S100A9  BAX  BBC3  NUPR1"
0.000219608998535149,16,605,3.89295951459358,"GO:0010817 Regulation of hormone levels ","https://amigo.geneontology.org/amigo/term/GO:0010817"," SSTR5  AKR1C1  AKR1C3  EDN1  LIF  CYP1A1  ALDH1A3  TNF  CCL5  SLC5A5  VGF  SELENOM  ADCY5  DHRS2  KLK6  DHRS3"
0.000252046379544336,4,17,34.6358897989576,"GO:0048385 Regulation of retinoic acid receptor signaling pathway ","https://amigo.geneontology.org/amigo/term/GO:0048385"," DHRS3  KLF2  AKR1C3  TRIM16"
0.000273063618925658,12,349,5.06140509956113,"GO:0070482 Response to oxygen levels ","https://amigo.geneontology.org/amigo/term/GO:0070482"," EPAS1  DDIT4  AQP3  EDN1  CA9  CDKN1A  LIF  LOXL2  CYP1A1  ANGPTL4  TNF  BBC3"
0.000280583838219512,39,2748,2.08911889890001,"GO:0031324 Negative regulation of cellular metabolic process ","https://amigo.geneontology.org/amigo/term/GO:0031324"," TIMP3  APOBEC3H  FHL2  ID3  SOX9  DDIT3  PARP10  NANOS1  EDN1  ZNF423  SNAI1  CDKN1A  KLF2  APOE  LOXL2  IGFBP3  BTG2  ATF3  GAS6  AKR1C3  TNF  HES2  LMCD1  BAX  HMOX1  RELB  RASD1  GADD45A  SESN2  DDIT4  BDKRB2  ATOH8  NUPR1  MAF  TSKU  H1-2  ZNF488  OAS1  FOSB"
0.000285127361840402,22,1098,2.94941320237025,"GO:2000145 Regulation of cell motility ","https://amigo.geneontology.org/amigo/term/GO:2000145"," FGF22  CCL22  CCL5  EDN1  EDN2  APOE  IGFBP3  GAS6  CSF1  KRT16  TNF  ACTA2  GADD45A  SNAI1  SOX9  GDF15  CAVIN1  SPNS2  HMOX1  LAMC2  ICAM1  ATOH8"
0.000289939341670994,39,2755,2.0838107928048,"GO:0009605 Response to external stimulus ","https://amigo.geneontology.org/amigo/term/GO:0009605"," OAS1  APOBEC3H  CCL22  RELB  IRAK2  OASL  S100A9  IFIT1  CCL5  APOE  BAX  EDN2  LCN2  DDIT4  GAS6  CSF1  TNF  EDN1  LXN  NOVA2  SOX9  C3  FOSB  VGF  CYP1A1  TMEM45B  BTG2  C15orf48  BEST1  FOSL1  NUPR1  ALDH1A3  KRT16  ACTA2  GADD45A  RFTN1  STRA6  MGLL  L1CAM"
0.000291998476831579,40,2868,2.05303391416415,"GO:0009653 Anatomical structure morphogenesis ","https://amigo.geneontology.org/amigo/term/GO:0009653"," FGF22  NTN4  SOX9  PGM5  ATOH8  HMOX1  LIF  L1CAM  TGM2  TNF  EDN1  BAX  UPK3A  NOVA2  CA9  FHL2  EPAS1  GADD45A  ID3  SNAI1  C3  EDN2  KLF2  ARHGAP22  APOE  GDF15  DHRS3  ANGPTL4  CHST11  TSKU  ALDH1A3  CSF1  KRT16  LAMB3  TGFBI  AQP3  LOXL2  STRA6  ACTA2  PHLDA3"
0.000291998476831579,50,3988,1.84556835062148,"GO:0009893 Positive regulation of metabolic process ","https://amigo.geneontology.org/amigo/term/GO:0009893"," FGF22  RELB  SESN2  PLEKHF1  ATOH8  TNF  IL32  EDN1  OAS1  ZNF423  BBC3  EPAS1  CDKN1A  SOX9  C3  KLF2  LIF  APOE  LMO2  BTG2  ATF3  IER5  S100A9  DDIT3  FOSL1  GAS6  CSF1  RPS27L  AKR1C1  NANOS1  AKR1C3  TRIM16  CCL5  PPP2R5B  ACHE  HMOX1  ID3  SNAI1  FOSB  GDF15  RFTN1  DTX1  SLC45A3  NUPR1  MAF  BAX  GADD45A  SPATA18  ACTA2  LCN2"
0.000291998476831579,6,66,13.3820483314154,"GO:0045071 Negative regulation of viral genome replication ","https://amigo.geneontology.org/amigo/term/GO:0045071"," OAS1  APOBEC3H  OASL  TNF  CCL5  IFIT1"
0.000308168387962061,26,1465,2.61246813841967,"GO:0009968 Negative regulation of signal transduction ","https://amigo.geneontology.org/amigo/term/GO:0009968"," FHL2  SESN2  DDIT4  PHLDA3  ICAM1  APOE  GDF15  PSCA  GAS6  TNF  CCL5  BAX  SOX9  LIF  RGS16  DHRS3  ATF3  BDKRB2  CHST11  DDIT3  TSKU  OAS1  HMOX1  SNAI1  AMER2  IGFBP3"
0.000328023737338229,28,1659,2.48443091384928,"GO:0045934 Negative regulation of nucleobase-containing compound metabolic process ","https://amigo.geneontology.org/amigo/term/GO:0045934"," APOBEC3H  FHL2  ID3  SOX9  DDIT3  H1-2  EDN1  ZNF423  SNAI1  KLF2  LOXL2  ATF3  GAS6  TNF  HES2  LMCD1  RELB  RASD1  BTG2  DDIT4  ATOH8  MAF  PARP10  ZNF488  GADD45A  CDKN1A  NUPR1  FOSB"
0.000358226971993289,21,1035,2.98671803338837,"GO:0030334 Regulation of cell migration ","https://amigo.geneontology.org/amigo/term/GO:0030334"," FGF22  CCL22  CCL5  EDN1  EDN2  APOE  IGFBP3  GAS6  CSF1  KRT16  TNF  ACTA2  GADD45A  SNAI1  SOX9  GDF15  SPNS2  HMOX1  LAMC2  ICAM1  ATOH8"
0.00040203005917778,29,1776,2.40364494241077,"GO:0065009 Regulation of molecular function ","https://amigo.geneontology.org/amigo/term/GO:0065009"," IL32  EDN1  BAX  OAS1  BBC3  ID3  CDKN1A  APOE  RGS16  S100A9  PSCA  ANGPTL4  GAS6  RPS27L  IFIT1  TNF  CCL5  GPR87  GEM  GADD45A  EDN2  IRAK2  DDIT3  NUPR1  PARP10  PSMB9  TIMP3  CSF1  TGM2"
0.000413942862020867,11,308,5.25723327305606,"GO:0001666 Response to hypoxia ","https://amigo.geneontology.org/amigo/term/GO:0001666"," EPAS1  DDIT4  AQP3  EDN1  CA9  LIF  LOXL2  CYP1A1  ANGPTL4  TNF  BBC3"
0.000500457788683801,25,1418,2.59524914748889,"GO:1902679 Negative regulation of rna biosynthetic process ","https://amigo.geneontology.org/amigo/term/GO:1902679"," APOBEC3H  FHL2  ID3  SOX9  DDIT3  EDN1  ZNF423  SNAI1  KLF2  LOXL2  ATF3  GAS6  TNF  HES2  LMCD1  RELB  RASD1  BTG2  ATOH8  MAF  PARP10  H1-2  ZNF488  GADD45A  FOSB"
0.000501416097413264,28,1703,2.42024127191776,"GO:0045595 Regulation of cell differentiation ","https://amigo.geneontology.org/amigo/term/GO:0045595"," HES2  SOX9  LIF  CSF1  SIGLEC15  EDN1  ADAMTS7  IGFBP3  ATOH8  GAS6  TGM2  TRIM16  TNF  H4C5  ID3  SNAI1  LOXL2  DTX1  DUSP15  SLC45A3  BTG2  DDIT3  MAF  TSKU  ZNF488  L1CAM  KLK6  AQP3"
0.000539731983493013,22,1155,2.8038577456299,"GO:0035295 Tube development ","https://amigo.geneontology.org/amigo/term/GO:0035295"," HMOX1  LIF  TGM2  TNF  EDN1  BAX  EPAS1  GADD45A  CDKN1A  SOX9  C3  EDN2  KLF2  ARHGAP22  APOE  CYP1A1  ANGPTL4  CSF1  TGFBI  LOXL2  STRA6  ATOH8"
0.000591923806853871,11,322,5.02865791335797,"GO:0036293 Response to decreased oxygen levels ","https://amigo.geneontology.org/amigo/term/GO:0036293"," EPAS1  DDIT4  AQP3  EDN1  CA9  LIF  LOXL2  CYP1A1  ANGPTL4  TNF  BBC3"
0.000591923806853871,26,1531,2.49984704296852,"GO:2000026 Regulation of multicellular organismal development ","https://amigo.geneontology.org/amigo/term/GO:2000026"," HES2  SOX9  CSF1  SIGLEC15  EDN1  HMOX1  LIF  ADAMTS7  ATOH8  GAS6  TGM2  TRIM16  TNF  H4C5  GADD45A  C3  LOXL2  DTX1  BTG2  NUPR1  MAF  ZNF488  KLF2  L1CAM  AQP3  ANGPTL4"
0.000591923806853871,8,159,7.40641668656954,"GO:2001235 Positive regulation of apoptotic signaling pathway ","https://amigo.geneontology.org/amigo/term/GO:2001235"," PLEKHF1  TNF  DDIT3  S100A9  BAX  BBC3  ATF3  NUPR1"
0.000593584307759048,16,669,3.52053887343664,"GO:0048514 Blood vessel morphogenesis ","https://amigo.geneontology.org/amigo/term/GO:0048514"," HMOX1  TGM2  TNF  EDN1  BAX  EPAS1  GADD45A  C3  EDN2  ARHGAP22  APOE  ANGPTL4  TGFBI  KLF2  LOXL2  STRA6"
0.000604900621070351,8,160,7.36012658227848,"GO:0048659 Smooth muscle cell proliferation ","https://amigo.geneontology.org/amigo/term/GO:0048659"," EDN1  HMOX1  IGFBP3  TNF  CCL5  APOE  DDIT3  CDKN1A"
0.000606240011343914,10,266,5.53392976111164,"GO:0002685 Regulation of leukocyte migration ","https://amigo.geneontology.org/amigo/term/GO:0002685"," EDN2  GAS6  CSF1  CCL5  EDN1  GDF15  SPNS2  ICAM1  TNF  HMOX1"
0.000606240011343914,10,266,5.53392976111164,"GO:0009913 Epidermal cell differentiation ","https://amigo.geneontology.org/amigo/term/GO:0009913"," KRT7  KRT80  KRT86  KRT83  KRT81  TRIM16  CDKN1A  KRT16  AKR1C3  AQP3"
0.000606240011343914,7,116,8.88291139240506,"GO:1901655 Cellular response to ketone ","https://amigo.geneontology.org/amigo/term/GO:1901655"," SLC5A5  ADCY5  GAS6  AKR1C3  KLF2  BTG2  DDIT4"
0.000702047429797533,19,923,3.03017129064553,"GO:0035239 Tube morphogenesis ","https://amigo.geneontology.org/amigo/term/GO:0035239"," HMOX1  TGM2  TNF  EDN1  BAX  EPAS1  GADD45A  SOX9  C3  EDN2  ARHGAP22  APOE  ANGPTL4  CSF1  TGFBI  KLF2  LOXL2  STRA6  ATOH8"
0.000747358412466878,8,166,7.09409791062986,"GO:0031960 Response to corticosteroid ","https://amigo.geneontology.org/amigo/term/GO:0031960"," SSTR5  AKR1C3  TNF  EDN1  CDKN1A  FOSB  DDIT4  FOSL1"
0.000770407305351828,11,335,4.83351596448139,"GO:0062012 Regulation of small molecule metabolic process ","https://amigo.geneontology.org/amigo/term/GO:0062012"," SNAI1  APOE  AKR1C3  TNF  SOX9  GDF15  SESN2  IGFBP3  SLC45A3  DDIT4  NUPR1"
0.00086855019243978,9,222,5.96767020184742,"GO:0051216 Cartilage development ","https://amigo.geneontology.org/amigo/term/GO:0051216"," SOX9  ADAMTS7  EDN1  TGFBI  SNAI1  LOXL2  CHST11  MAF  TSKU"
0.000882550765782928,7,124,8.30982033483054,"GO:0002062 Chondrocyte differentiation ","https://amigo.geneontology.org/amigo/term/GO:0002062"," SOX9  ADAMTS7  TGFBI  LOXL2  CHST11  MAF  TSKU"
0.000882550765782928,43,3374,1.876025151381,"GO:0031325 Positive regulation of cellular metabolic process ","https://amigo.geneontology.org/amigo/term/GO:0031325"," FGF22  RELB  SESN2  PLEKHF1  ATOH8  TNF  IL32  EDN1  OAS1  ZNF423  EPAS1  CDKN1A  SOX9  C3  KLF2  LIF  APOE  LMO2  ATF3  IER5  DDIT3  FOSL1  GAS6  CSF1  RPS27L  AKR1C1  AKR1C3  TRIM16  CCL5  PPP2R5B  HMOX1  ID3  SNAI1  FOSB  GDF15  RFTN1  DTX1  SLC45A3  NUPR1  MAF  GADD45A  SPATA18  ACTA2"
0.000962850466248236,3,9,49.0675105485232,"GO:0002138 Retinoic acid biosynthetic process ","https://amigo.geneontology.org/amigo/term/GO:0002138"," ALDH1A3  AKR1C3  CYP1A1"
0.00100227755502496,24,1401,2.5216707776543,"GO:0045892 Negative regulation of dna-templated transcription ","https://amigo.geneontology.org/amigo/term/GO:0045892"," FHL2  ID3  SOX9  DDIT3  EDN1  ZNF423  SNAI1  KLF2  LOXL2  ATF3  GAS6  TNF  HES2  LMCD1  RELB  RASD1  BTG2  ATOH8  MAF  PARP10  H1-2  ZNF488  GADD45A  FOSB"
0.00112766905818884,6,88,10.0365362485616,"GO:0031424 Keratinization ","https://amigo.geneontology.org/amigo/term/GO:0031424"," KRT7  KRT80  KRT86  KRT83  KRT81  KRT16"
0.00112766905818884,6,88,10.0365362485616,"GO:0045109 Intermediate filament organization ","https://amigo.geneontology.org/amigo/term/GO:0045109"," KRT7  KRT80  KRT86  KRT83  KRT16  KRT81"
0.00112766905818884,15,637,3.46630765256443,"GO:2000147 Positive regulation of cell motility ","https://amigo.geneontology.org/amigo/term/GO:2000147"," CCL22  CCL5  EDN1  EDN2  GAS6  CSF1  ACTA2  SNAI1  SOX9  CAVIN1  HMOX1  LAMC2  ICAM1  ATOH8  TNF"
0.00112766905818884,12,418,4.22590999939434,"GO:2001233 Regulation of apoptotic signaling pathway ","https://amigo.geneontology.org/amigo/term/GO:2001233"," PLEKHF1  TNF  DDIT3  ICAM1  S100A9  BAX  BDKRB2  HMOX1  BBC3  SNAI1  ATF3  NUPR1"
0.00128967725491943,3,10,44.1607594936709,"GO:0016102 Diterpenoid biosynthetic process ","https://amigo.geneontology.org/amigo/term/GO:0016102"," ALDH1A3  AKR1C3  CYP1A1"
0.00130005527571394,4,28,21.0289330922242,"GO:0042359 Vitamin d metabolic process ","https://amigo.geneontology.org/amigo/term/GO:0042359"," CYP24A1  CYP1A1  SNAI1  TNF"
0.00130005527571394,4,28,21.0289330922242,"GO:0045662 Negative regulation of myoblast differentiation ","https://amigo.geneontology.org/amigo/term/GO:0045662"," ID3  SOX9  DDIT3  TNF"
0.00130005527571394,25,1526,2.41157489589727,"GO:0051253 Negative regulation of rna metabolic process ","https://amigo.geneontology.org/amigo/term/GO:0051253"," APOBEC3H  FHL2  ID3  SOX9  DDIT3  EDN1  ZNF423  SNAI1  KLF2  LOXL2  ATF3  GAS6  TNF  HES2  LMCD1  RELB  RASD1  BTG2  ATOH8  MAF  PARP10  H1-2  ZNF488  GADD45A  FOSB"
0.00133092640724029,15,649,3.4022156774785,"GO:0044092 Negative regulation of molecular function ","https://amigo.geneontology.org/amigo/term/GO:0044092"," BAX  ID3  APOE  ANGPTL4  GAS6  IFIT1  TNF  GPR87  GEM  GADD45A  CDKN1A  IRAK2  NUPR1  PARP10  TIMP3"
0.00133117111067563,20,1067,2.75918522297225,"GO:0034097 Response to cytokine ","https://amigo.geneontology.org/amigo/term/GO:0034097"," TIMP3  CCL22  RELB  IRAK2  TNF  CCL5  EDN1  OAS1  EDN2  EDA2R  GAS6  CSF1  IFIT1  ICAM1  KLF2  OASL  DTX1  FOSL1  SOX9  ADAMTS7"
0.00133724528254013,9,239,5.54319156824321,"GO:0043542 Endothelial cell migration ","https://amigo.geneontology.org/amigo/term/GO:0043542"," S100A9  APOE  TNF  GADD45A  EDN2  HMOX1  LOXL2  ATOH8  EDN1"
0.00135976845194825,29,1931,2.21070606821415,"GO:0051240 Positive regulation of multicellular organismal process ","https://amigo.geneontology.org/amigo/term/GO:0051240"," SOX9  CSF1  IL32  EDN1  HMOX1  C3  EDN2  LIF  APOE  GAS6  TGM2  TRIM16  TNF  CCL5  ACHE  ACTA2  EPAS1  SNAI1  CDKN1A  RFTN1  LOXL2  TSKU  ZNF488  OAS1  STRA6  DDIT3  LCN2  L1CAM  ANGPTL4"
0.00136458494080161,40,3115,1.89024117682914,"GO:0009892 Negative regulation of metabolic process ","https://amigo.geneontology.org/amigo/term/GO:0009892"," TIMP3  APOBEC3H  FHL2  ID3  SOX9  DDIT3  PARP10  H1-2  NANOS1  EDN1  ZNF423  SNAI1  CDKN1A  KLF2  APOE  LOXL2  IGFBP3  BTG2  ATF3  GAS6  AKR1C3  TNF  HES2  LMCD1  BAX  HMOX1  RELB  NOVA2  RASD1  GADD45A  SESN2  DDIT4  BDKRB2  ATOH8  NUPR1  MAF  TSKU  ZNF488  OAS1  FOSB"
0.00136458494080161,7,136,7.57660089352197,"GO:0048525 Negative regulation of viral process ","https://amigo.geneontology.org/amigo/term/GO:0048525"," OAS1  APOBEC3H  OASL  IL32  TNF  CCL5  IFIT1"
0.00136919781151491,25,1538,2.39275896693059,"GO:0006629 Lipid metabolic process ","https://amigo.geneontology.org/amigo/term/GO:0006629"," CYP24A1  APOE  DHRS3  AKR1C1  AKR1C3  CYP1A1  MGLL  EDN1  SNAI1  C3  EDN2  ALDH1A3  TNF  BAX  SOX9  GDF15  SESN2  TMEM86A  SLC45A3  ANGPTL4  TSKU  SPNS2  SPATA18  DHRS2  FABP6"
0.00136919781151491,6,93,9.49693752552062,"GO:0048145 Regulation of fibroblast proliferation ","https://amigo.geneontology.org/amigo/term/GO:0048145"," PARP10  GAS6  BAX  LIF  NUPR1  CDKN1A"
0.0013757507409911,15,655,3.37105034302831,"GO:0040017 Positive regulation of locomotion ","https://amigo.geneontology.org/amigo/term/GO:0040017"," CCL22  CCL5  EDN1  EDN2  GAS6  CSF1  ACTA2  SNAI1  SOX9  CAVIN1  HMOX1  LAMC2  ICAM1  ATOH8  TNF"
0.00144701413336102,8,188,6.26393751683275,"GO:2001242 Regulation of intrinsic apoptotic signaling pathway ","https://amigo.geneontology.org/amigo/term/GO:2001242"," PLEKHF1  DDIT3  S100A9  BAX  BDKRB2  BBC3  SNAI1  NUPR1"
0.00149367959393122,20,1082,2.72093404150776,"GO:1901652 Response to peptide ","https://amigo.geneontology.org/amigo/term/GO:1901652"," TIMP3  CCL22  RELB  IRAK2  TNF  CCL5  EDN1  OAS1  EDN2  EDA2R  GAS6  CSF1  IFIT1  ICAM1  KLF2  OASL  DTX1  FOSL1  SOX9  ADAMTS7"
0.00149841765005592,9,245,5.40743993800052,"GO:0072593 Reactive oxygen species metabolic process ","https://amigo.geneontology.org/amigo/term/GO:0072593"," SESN2  AKR1C1  AKR1C3  TNF  EDN1  CDKN1A  CYP1A1  DDIT4  GADD45A"
0.00153109200853762,6,96,9.2001582278481,"GO:0008625 Extrinsic apoptotic signaling pathway via death domain receptors ","https://amigo.geneontology.org/amigo/term/GO:0008625"," TNFRSF10C  TNF  BAX  ICAM1  HMOX1  ATF3"
0.00153109200853762,20,1086,2.71091218500128,"GO:0009887 Animal organ morphogenesis ","https://amigo.geneontology.org/amigo/term/GO:0009887"," FGF22  NTN4  LIF  TNF  EDN1  BAX  FHL2  ID3  SNAI1  SOX9  DHRS3  CHST11  TSKU  ALDH1A3  CSF1  LAMB3  TGM2  AQP3  STRA6  ACTA2"
0.00153109200853762,6,96,9.2001582278481,"GO:0045069 Regulation of viral genome replication ","https://amigo.geneontology.org/amigo/term/GO:0045069"," OAS1  APOBEC3H  OASL  IFIT1  TNF  CCL5"
0.00153109200853762,6,96,9.2001582278481,"GO:0071347 Cellular response to interleukin-1 ","https://amigo.geneontology.org/amigo/term/GO:0071347"," IRAK2  EDN1  KLF2  SOX9  CCL5  ADAMTS7"
0.00160712484231296,28,1859,2.21714410224634,"GO:0022008 Neurogenesis ","https://amigo.geneontology.org/amigo/term/GO:0022008"," HES2  NTN4  SOX9  S100A9  ZNF488  APOE  RND1  CSF1  L1CAM  TGM2  TNF  PPP2R5B  EDN1  BAX  NOVA2  ID3  C3  EDN2  LIF  DTX1  DUSP15  SLC45A3  BTG2  KLK6  TSKU  GAS6  NANOS1  DDIT4"
0.0016240801839239,7,142,7.2564628275985,"GO:0019079 Viral genome replication ","https://amigo.geneontology.org/amigo/term/GO:0019079"," OAS1  APOBEC3H  OASL  GAS6  IFIT1  TNF  CCL5"
0.00163849429410654,5,60,12.2668776371308,"GO:0070542 Response to fatty acid ","https://amigo.geneontology.org/amigo/term/GO:0070542"," AKR1C1  AKR1C3  EDN1  ID3  SOX9"
0.00174680029268318,7,144,7.15567862165963,"GO:0051384 Response to glucocorticoid ","https://amigo.geneontology.org/amigo/term/GO:0051384"," SSTR5  TNF  EDN1  CDKN1A  FOSB  DDIT4  FOSL1"
0.0017488448360913,39,3054,1.87979657307702,"GO:0048468 Cell development ","https://amigo.geneontology.org/amigo/term/GO:0048468"," HES2  NTN4  PGM5  S100A9  CSF1  NANOS1  SIGLEC15  ZNF488  EDN1  LIF  APOE  RND1  GAS6  L1CAM  TGM2  TNF  H4C5  PPP2R5B  BAX  RELB  NOVA2  FHL2  EPAS1  CDKN1A  SOX9  C3  EDN2  KLF2  DTX1  BTG2  KLK6  CHST11  MAF  TSKU  PAQR7  ACHE  DHRS2  ACTA2  ICAM1"
0.00176384419645652,22,1286,2.51823926609839,"GO:0048646 Anatomical structure formation involved in morphogenesis ","https://amigo.geneontology.org/amigo/term/GO:0048646"," PGM5  HMOX1  TGM2  TNF  EDN1  FHL2  EPAS1  GADD45A  SNAI1  SOX9  C3  EDN2  ARHGAP22  GDF15  ANGPTL4  ATOH8  ALDH1A3  TGFBI  LAMB3  KLF2  LOXL2  STRA6"
0.00177060875765275,31,2185,2.08845697071518,"GO:0008283 Cell population proliferation ","https://amigo.geneontology.org/amigo/term/GO:0008283"," FGF22  LIF  BTG2  NUPR1  EDN1  HMOX1  CDKN1A  SOX9  EDN2  APOE  IGFBP3  PARP10  GAS6  CSF1  AKR1C3  TNF  CCL5  BAX  ZNF423  SSTR5  ATF3  ATOH8  CHST11  DDIT3  FOSL1  LAMC2  LOXL2  IER5  DHRS2  TGFBI  FABP6"
0.00188119025568028,22,1293,2.50460610688518,"GO:0071495 Cellular response to endogenous stimulus ","https://amigo.geneontology.org/amigo/term/GO:0071495"," FGF22  SSTR5  DHRS3  SOX9  KLF2  GDF15  ADAMTS7  AKR1C1  AKR1C3  TRIM16  PPP2R5B  EDN1  ZNF423  ACTA2  FOSB  DDIT4  CHST11  PAQR7  GAS6  SLC5A5  CCL5  CYP24A1"
0.00191648832069335,19,1021,2.73932233228778,"GO:0019220 Regulation of phosphate metabolic process ","https://amigo.geneontology.org/amigo/term/GO:0019220"," EDN1  CDKN1A  C3  LIF  APOE  SESN2  IGFBP3  GAS6  TNF  CCL5  PPP2R5B  FGF22  BAX  GADD45A  DDIT4  BDKRB2  SPATA18  NUPR1  CSF1"
0.00192686201908632,19,1022,2.73664197775521,"GO:0051174 Regulation of phosphorus metabolic process ","https://amigo.geneontology.org/amigo/term/GO:0051174"," EDN1  CDKN1A  C3  LIF  APOE  SESN2  IGFBP3  GAS6  TNF  CCL5  PPP2R5B  FGF22  BAX  GADD45A  DDIT4  BDKRB2  SPATA18  NUPR1  CSF1"
0.0020356828377602,14,609,3.38396624472574,"GO:0030335 Positive regulation of cell migration ","https://amigo.geneontology.org/amigo/term/GO:0030335"," CCL22  CCL5  EDN1  EDN2  GAS6  CSF1  ACTA2  SNAI1  SOX9  HMOX1  LAMC2  ICAM1  ATOH8  TNF"
0.0020356828377602,10,322,4.57150719396179,"GO:0043491 Phosphatidylinositol 3-kinase/protein kinase b signal transduction ","https://amigo.geneontology.org/amigo/term/GO:0043491"," PHLDA3  EDN1  GDF15  GAS6  AKR1C3  CCL5  SESN2  PRR5  TNF  DDIT3"
0.0020356828377602,12,459,3.84843219988417,"GO:0050900 Leukocyte migration ","https://amigo.geneontology.org/amigo/term/GO:0050900"," CCL22  S100A9  CCL5  EDN2  GAS6  CSF1  TNF  EDN1  ICAM1  GDF15  SPNS2  HMOX1"
0.0020356828377602,10,322,4.57150719396179,"GO:0070371 Erk1 and erk2 cascade ","https://amigo.geneontology.org/amigo/term/GO:0070371"," PSCA  GAS6  EDN1  ACTA2  SOX9  LIF  ATF3  ICAM1  APOE  TNF"
0.00231060521197512,16,779,3.02341528411953,"GO:0008285 Negative regulation of cell population proliferation ","https://amigo.geneontology.org/amigo/term/GO:0008285"," BTG2  NUPR1  HMOX1  CDKN1A  APOE  IGFBP3  PARP10  BAX  SOX9  LIF  SSTR5  FOSL1  TNF  ATOH8  DHRS2  FABP6"
0.00234372053018344,9,265,4.99933126343444,"GO:0031669 Cellular response to nutrient levels ","https://amigo.geneontology.org/amigo/term/GO:0031669"," SESN2  GABARAPL1  GAS6  CYP24A1  CDKN1A  ATF3  UPP1  AKR1C3  PRR5"
0.00237704654193262,8,207,5.68898673026356,"GO:0001659 Temperature homeostasis ","https://amigo.geneontology.org/amigo/term/GO:0001659"," ACHE  ZNF423  NOVA2  EPAS1  EDN2  DDIT3  TNF  LCN2"
0.00238542099548992,7,154,6.69102416570771,"GO:0035296 Regulation of tube diameter ","https://amigo.geneontology.org/amigo/term/GO:0035296"," EDN1  EDN2  BDKRB2  ACTA2  APOE  TNF  KLF2"
0.00238542099548992,7,154,6.69102416570771,"GO:0097746 Blood vessel diameter maintenance ","https://amigo.geneontology.org/amigo/term/GO:0097746"," EDN1  EDN2  BDKRB2  ACTA2  APOE  TNF  KLF2"
0.00246680321170827,7,155,6.64785626786443,"GO:0035150 Regulation of tube size ","https://amigo.geneontology.org/amigo/term/GO:0035150"," EDN1  EDN2  BDKRB2  ACTA2  APOE  TNF  KLF2"
0.00255031444456217,7,156,6.60524180460889,"GO:0048660 Regulation of smooth muscle cell proliferation ","https://amigo.geneontology.org/amigo/term/GO:0048660"," EDN1  HMOX1  IGFBP3  TNF  CCL5  APOE  CDKN1A"
0.00260143707973577,5,68,10.8237155621742,"GO:2000351 Regulation of endothelial cell apoptotic process ","https://amigo.geneontology.org/amigo/term/GO:2000351"," ICAM1  GAS6  AKR1C3  ANGPTL4  TNF"
0.00262073319038136,6,109,8.10289165021484,"GO:0062014 Negative regulation of small molecule metabolic process ","https://amigo.geneontology.org/amigo/term/GO:0062014"," SNAI1  APOE  AKR1C3  SOX9  DDIT4  NUPR1"
0.00266332210618514,18,966,2.74290431637707,"GO:0071345 Cellular response to cytokine stimulus ","https://amigo.geneontology.org/amigo/term/GO:0071345"," CCL22  IRAK2  TNF  CCL5  EDN1  OAS1  EDN2  EDA2R  GAS6  CSF1  IFIT1  ICAM1  KLF2  OASL  DTX1  FOSL1  SOX9  ADAMTS7"
0.00275883128532424,9,273,4.85283071359021,"GO:0042445 Hormone metabolic process ","https://amigo.geneontology.org/amigo/term/GO:0042445"," AKR1C1  AKR1C3  CYP1A1  ALDH1A3  SLC5A5  SELENOM  DHRS2  KLK6  DHRS3"
0.00280239267592263,13,556,3.44178581185684,"GO:0001501 Skeletal system development ","https://amigo.geneontology.org/amigo/term/GO:0001501"," SOX9  SIGLEC15  ADAMTS7  EDN1  TGFBI  SNAI1  LOXL2  DHRS3  CHST11  MAF  SPNS2  TSKU  TGM2"
0.00280239267592263,18,971,2.72878019528347,"GO:0043066 Negative regulation of apoptotic process ","https://amigo.geneontology.org/amigo/term/GO:0043066"," ICAM1  FHL2  ANGPTL4  GAS6  TNF  CCL5  EDN1  BAX  CDKN1A  SOX9  BTG2  BDKRB2  CHST11  NUPR1  HMOX1  DHRS2  SNAI1  PRR5"
0.00280239267592263,6,111,7.95689360246322,"GO:0045104 Intermediate filament cytoskeleton organization ","https://amigo.geneontology.org/amigo/term/GO:0045104"," KRT7  KRT80  KRT86  KRT83  KRT16  KRT81"
0.00280239267592263,20,1154,2.55117039247088,"GO:0050790 Regulation of catalytic activity ","https://amigo.geneontology.org/amigo/term/GO:0050790"," EDN1  OAS1  BBC3  CDKN1A  APOE  RGS16  S100A9  ANGPTL4  GAS6  RPS27L  IFIT1  TNF  CCL5  GPR87  GADD45A  EDN2  PSMB9  TIMP3  CSF1  TGM2"
0.00280239267592263,4,37,15.9137872049264,"GO:0071398 Cellular response to fatty acid ","https://amigo.geneontology.org/amigo/term/GO:0071398"," AKR1C1  AKR1C3  EDN1  ID3"
0.00284921409965085,28,1946,2.11802203806575,"GO:0044281 Small molecule metabolic process ","https://amigo.geneontology.org/amigo/term/GO:0044281"," CYP24A1  CA9  APOE  ADCY5  UPP1  AKR1C1  AKR1C3  CYP1A1  EDN1  SNAI1  EDN2  ALDH1A3  TNF  MGLL  SOX9  C3  GDF15  SESN2  IGFBP3  SLC45A3  ATF3  DDIT4  TSKU  OAS1  NUPR1  DHRS3  GLRX  PARP10"
0.00284971994035799,6,112,7.88584990958409,"GO:0045103 Intermediate filament-based process ","https://amigo.geneontology.org/amigo/term/GO:0045103"," KRT7  KRT80  KRT86  KRT83  KRT16  KRT81"
0.00284971994035799,6,112,7.88584990958409,"GO:0048144 Fibroblast proliferation ","https://amigo.geneontology.org/amigo/term/GO:0048144"," PARP10  GAS6  BAX  CDKN1A  LIF  NUPR1"
0.0029545795260765,27,1851,2.1472006236793,"GO:0042127 Regulation of cell population proliferation ","https://amigo.geneontology.org/amigo/term/GO:0042127"," FGF22  LIF  BTG2  NUPR1  EDN1  HMOX1  CDKN1A  SOX9  EDN2  APOE  IGFBP3  PARP10  GAS6  CSF1  AKR1C3  TNF  CCL5  BAX  SSTR5  ATF3  CHST11  FOSL1  LAMC2  IER5  ATOH8  DHRS2  FABP6"
0.0029545795260765,12,485,3.64212449432337,"GO:0043410 Positive regulation of mapk cascade ","https://amigo.geneontology.org/amigo/term/GO:0043410"," FGF22  EDA2R  EDN1  GADD45A  LIF  GDF15  GAS6  TNF  ACTA2  IGFBP3  ICAM1  APOE"
0.0029545795260765,4,38,15.4950033311126,"GO:0045745 Positive regulation of g protein-coupled receptor signaling pathway ","https://amigo.geneontology.org/amigo/term/GO:0045745"," EDN1  C3  KLK6  CCL5"
0.0029545795260765,15,721,3.0624659843045,"GO:0061061 Muscle structure development ","https://amigo.geneontology.org/amigo/term/GO:0061061"," PGM5  EDN1  IGFBP3  FHL2  EPAS1  ID3  SOX9  LIF  GDF15  BTG2  ATF3  DDIT3  NUPR1  TNF  STRA6"
0.0029545795260765,4,38,15.4950033311126,"GO:0070293 Renal absorption ","https://amigo.geneontology.org/amigo/term/GO:0070293"," EDN1  AQP3  GAS6  AKR1C3"
0.00316802078278346,10,347,4.24214788603947,"GO:0019216 Regulation of lipid metabolic process ","https://amigo.geneontology.org/amigo/term/GO:0019216"," SNAI1  C3  APOE  AKR1C3  TNF  SOX9  GDF15  SLC45A3  ANGPTL4  SPATA18"
0.00324484037894003,5,73,10.0823651812034,"GO:0072577 Endothelial cell apoptotic process ","https://amigo.geneontology.org/amigo/term/GO:0072577"," ICAM1  GAS6  AKR1C3  ANGPTL4  TNF"
0.00335263403896822,9,284,4.66486896059904,"GO:0097305 Response to alcohol ","https://amigo.geneontology.org/amigo/term/GO:0097305"," SLC5A5  ADCY5  AKR1C3  CDKN1A  FOSB  KLF2  BTG2  FOSL1  TNF"
0.0033845441152863,11,421,3.84614690760396,"GO:0006631 Fatty acid metabolic process ","https://amigo.geneontology.org/amigo/term/GO:0006631"," AKR1C1  AKR1C3  EDN1  EDN2  CYP1A1  MGLL  SOX9  C3  GDF15  SESN2  SLC45A3"
0.0033845441152863,5,74,9.94611700307903,"GO:0043525 Positive regulation of neuron apoptotic process ","https://amigo.geneontology.org/amigo/term/GO:0043525"," DDIT3  BAX  BBC3  TNF  NUPR1"
0.0033845441152863,6,117,7.54884777669588,"GO:0045445 Myoblast differentiation ","https://amigo.geneontology.org/amigo/term/GO:0045445"," IGFBP3  EPAS1  ID3  SOX9  DDIT3  TNF"
0.00343847779955597,9,287,4.61610726414678,"GO:0003018 Vascular process in circulatory system ","https://amigo.geneontology.org/amigo/term/GO:0003018"," EDN1  EDN2  BDKRB2  APOE  ACTA2  TNF  KLF2  SLC5A5  ABCC3"
0.00343847779955597,8,225,5.23386779184248,"GO:0009612 Response to mechanical stimulus ","https://amigo.geneontology.org/amigo/term/GO:0009612"," EDN1  SOX9  FOSB  BTG2  FOSL1  TNF  GADD45A  STRA6"
0.00343847779955597,8,225,5.23386779184248,"GO:0033002 Muscle cell proliferation ","https://amigo.geneontology.org/amigo/term/GO:0033002"," EDN1  HMOX1  IGFBP3  TNF  CCL5  APOE  DDIT3  CDKN1A"
0.00343847779955597,4,40,14.720253164557,"GO:0051385 Response to mineralocorticoid ","https://amigo.geneontology.org/amigo/term/GO:0051385"," EDN1  CDKN1A  FOSB  FOSL1"
0.00343847779955597,9,286,4.63224749933611,"GO:0051896 Regulation of phosphatidylinositol 3-kinase/protein kinase b signal transduction ","https://amigo.geneontology.org/amigo/term/GO:0051896"," PHLDA3  GDF15  GAS6  AKR1C3  CCL5  SESN2  PRR5  TNF  DDIT3"
0.00343847779955597,13,574,3.33385524632823,"GO:0071407 Cellular response to organic cyclic compound ","https://amigo.geneontology.org/amigo/term/GO:0071407"," SSTR5  SLC5A5  CYP1A1  ADCY5  IFIT1  AKR1C3  TGM2  CYP24A1  EDN1  ID3  KLF2  DDIT4  PAQR7"
0.00349100789514468,3,16,27.6004746835443,"GO:0016322 Neuron remodeling ","https://amigo.geneontology.org/amigo/term/GO:0016322"," RND1  NTN4  C3"
0.00354702619002947,27,1882,2.11183228184398,"GO:0048585 Negative regulation of response to stimulus ","https://amigo.geneontology.org/amigo/term/GO:0048585"," FHL2  SESN2  DDIT4  PHLDA3  APOE  ICAM1  GDF15  PSCA  GAS6  TNF  CCL5  BAX  SOX9  LIF  RGS16  DHRS3  ATF3  BDKRB2  CHST11  DDIT3  TSKU  OAS1  HMOX1  SNAI1  AMER2  IGFBP3  EDN1"
0.00355994843315512,9,289,4.58416188515615,"GO:0071695 Anatomical structure maturation ","https://amigo.geneontology.org/amigo/term/GO:0071695"," RND1  NTN4  EDN1  EPAS1  CDKN1A  C3  KLF2  ADAMTS7  DDIT3"
0.00360958796351498,13,579,3.30506547736167,"GO:0001525 Angiogenesis ","https://amigo.geneontology.org/amigo/term/GO:0001525"," HMOX1  TGM2  TNF  EDN1  EPAS1  GADD45A  C3  EDN2  ARHGAP22  ANGPTL4  TGFBI  KLF2  LOXL2"
0.00364717940060102,6,120,7.36012658227848,"GO:0033559 Unsaturated fatty acid metabolic process ","https://amigo.geneontology.org/amigo/term/GO:0033559"," AKR1C1  AKR1C3  EDN1  EDN2  MGLL  CYP1A1"
0.00366351681490456,18,1007,2.63122698075497,"GO:0043069 Negative regulation of programmed cell death ","https://amigo.geneontology.org/amigo/term/GO:0043069"," ICAM1  FHL2  ANGPTL4  GAS6  TNF  CCL5  EDN1  BAX  CDKN1A  SOX9  BTG2  BDKRB2  CHST11  NUPR1  HMOX1  DHRS2  SNAI1  PRR5"
0.00390193124898108,4,42,14.0192887281495,"GO:0008207 C21-steroid hormone metabolic process ","https://amigo.geneontology.org/amigo/term/GO:0008207"," AKR1C1  AKR1C3  CYP1A1  DHRS2"
0.00390193124898108,4,42,14.0192887281495,"GO:0048384 Retinoic acid receptor signaling pathway ","https://amigo.geneontology.org/amigo/term/GO:0048384"," DHRS3  KLF2  AKR1C3  TRIM16"
0.00392474556623794,16,836,2.81727333292956,"GO:0001932 Regulation of protein phosphorylation ","https://amigo.geneontology.org/amigo/term/GO:0001932"," EDN1  CDKN1A  C3  LIF  APOE  SESN2  IGFBP3  GAS6  TNF  CCL5  PPP2R5B  FGF22  BAX  GADD45A  BDKRB2  CSF1"
0.00392474556623794,3,17,25.9769173492182,"GO:0016114 Terpenoid biosynthetic process ","https://amigo.geneontology.org/amigo/term/GO:0016114"," ALDH1A3  AKR1C3  CYP1A1"
0.00392474556623794,14,668,3.08508299855984,"GO:0032787 Monocarboxylic acid metabolic process ","https://amigo.geneontology.org/amigo/term/GO:0032787"," AKR1C1  AKR1C3  EDN1  EDN2  CYP1A1  ALDH1A3  MGLL  SOX9  C3  GDF15  SESN2  SLC45A3  DDIT4  NUPR1"
0.00392474556623794,8,232,5.07594936708861,"GO:0042594 Response to starvation ","https://amigo.geneontology.org/amigo/term/GO:0042594"," SESN2  GABARAPL1  CDKN1A  ATF3  DDIT3  GAS6  UPP1  AKR1C3"
0.00392474556623794,5,78,9.43605972086985,"GO:0045661 Regulation of myoblast differentiation ","https://amigo.geneontology.org/amigo/term/GO:0045661"," IGFBP3  ID3  SOX9  DDIT3  TNF"
0.00392474556623794,3,17,25.9769173492182,"GO:0051412 Response to corticosterone ","https://amigo.geneontology.org/amigo/term/GO:0051412"," CDKN1A  FOSB  FOSL1"
0.00412863364439431,6,124,7.12270314414047,"GO:0070555 Response to interleukin-1 ","https://amigo.geneontology.org/amigo/term/GO:0070555"," IRAK2  EDN1  KLF2  SOX9  CCL5  ADAMTS7"
0.004207840515654,18,1023,2.59007387059653,"GO:0006974 Dna damage response ","https://amigo.geneontology.org/amigo/term/GO:0006974"," BAX  CDIP1  CDKN1A  PHLDA3  AEN  BTG2  SPATA18  PARP10  RPS27L  BBC3  GADD45A  SESN2  DDIT4  NUPR1  NYNRIN  TNF  SNAI1  DDIT3"
0.00421347479850688,14,674,3.05761935168839,"GO:0043408 Regulation of mapk cascade ","https://amigo.geneontology.org/amigo/term/GO:0043408"," FGF22  EDA2R  EDN1  GADD45A  LIF  APOE  GDF15  PSCA  GAS6  TNF  ACTA2  IGFBP3  ATF3  ICAM1"
0.00422388948596566,32,2450,1.92264531128907,"GO:0031327 Negative regulation of cellular biosynthetic process ","https://amigo.geneontology.org/amigo/term/GO:0031327"," APOBEC3H  FHL2  ID3  SOX9  DDIT3  PARP10  NANOS1  EDN1  ZNF423  SNAI1  KLF2  LOXL2  BTG2  ATF3  GAS6  AKR1C3  TNF  HES2  LMCD1  RELB  RASD1  CDKN1A  APOE  SESN2  ATOH8  MAF  TSKU  H1-2  ZNF488  OAS1  GADD45A  FOSB"
0.00442900159740099,14,678,3.03958029946604,"GO:0048589 Developmental growth ","https://amigo.geneontology.org/amigo/term/GO:0048589"," EDN1  CDKN1A  SOX9  EDN2  KLF2  GDF15  CHST11  CSF1  SELENOM  STRA6  TSKU  L1CAM  KLK6  APOE"
0.00444963937914274,7,179,5.75652358390496,"GO:0002687 Positive regulation of leukocyte migration ","https://amigo.geneontology.org/amigo/term/GO:0002687"," EDN2  GAS6  CSF1  CCL5  EDN1  ICAM1  TNF"
0.00444963937914274,14,679,3.03510374526948,"GO:0071396 Cellular response to lipid ","https://amigo.geneontology.org/amigo/term/GO:0071396"," IRAK2  SSTR5  SLC5A5  ADCY5  AKR1C1  AKR1C3  CYP24A1  EDN1  ID3  SOX9  BTG2  DDIT4  PAQR7  TNF"
0.00449399480263618,3,18,24.5337552742616,"GO:0030656 Regulation of vitamin metabolic process ","https://amigo.geneontology.org/amigo/term/GO:0030656"," SNAI1  AKR1C3  TNF"
0.00450580430638034,33,2574,1.88721194417397,"GO:0003008 System process ","https://amigo.geneontology.org/amigo/term/GO:0003008"," EDN1  EDN2  BDKRB2  APOE  LMCD1  LXN  TIMP3  ACTA2  EPAS1  TGFBI  SOX9  BTG2  AQP3  BEST1  ADCY5  DDIT3  FOSL1  SPNS2  GAS6  ALDH1A3  SELENOM  TNF  ZNF488  KLF2  STRA6  MGLL  SLC5A5  ABCC3  AKR1C3  HMOX1  RGS16  DHRS3  AKR1C1"
0.00450580430638034,19,1125,2.48608720112518,"GO:0031399 Regulation of protein modification process ","https://amigo.geneontology.org/amigo/term/GO:0031399"," EDN1  CDKN1A  C3  LIF  APOE  SESN2  IGFBP3  GAS6  TNF  CCL5  PPP2R5B  FGF22  BAX  GADD45A  BDKRB2  NUPR1  EPAS1  PARP10  CSF1"
0.00450580430638034,8,239,4.92728139399396,"GO:0060541 Respiratory system development ","https://amigo.geneontology.org/amigo/term/GO:0060541"," TNF  EPAS1  SOX9  EDN2  KLF2  LIF  ALDH1A3  STRA6"
0.00471251990170363,12,523,3.37749594597865,"GO:0010876 Lipid localization ","https://amigo.geneontology.org/amigo/term/GO:0010876"," APOE  STRA6  FABP6  SPNS2  C3  BDKRB2  TNF  EDN1  ABCC3  TSKU  SELENOM  AKR1C1"
0.00475795081479304,7,182,5.66163583252191,"GO:1903900 Regulation of viral life cycle ","https://amigo.geneontology.org/amigo/term/GO:1903900"," OAS1  APOBEC3H  OASL  IL32  IFIT1  TNF  CCL5"
0.00489299910852614,32,2477,1.90168793405661,"GO:0009890 Negative regulation of biosynthetic process ","https://amigo.geneontology.org/amigo/term/GO:0009890"," APOBEC3H  FHL2  ID3  SOX9  DDIT3  PARP10  NANOS1  EDN1  ZNF423  SNAI1  KLF2  APOE  LOXL2  BTG2  ATF3  GAS6  AKR1C3  TNF  HES2  LMCD1  RELB  RASD1  CDKN1A  SESN2  ATOH8  MAF  TSKU  H1-2  ZNF488  OAS1  GADD45A  FOSB"
0.00493867675076031,6,130,6.79396299902629,"GO:0042303 Molting cycle ","https://amigo.geneontology.org/amigo/term/GO:0042303"," KRT83  KRT16  SNAI1  SOX9  TSKU  TNF"
0.00493867675076031,6,130,6.79396299902629,"GO:0042633 Hair cycle ","https://amigo.geneontology.org/amigo/term/GO:0042633"," KRT83  KRT16  SNAI1  SOX9  TSKU  TNF"
0.00495739844521188,2,4,73.6012658227848,"GO:0009753 Response to jasmonic acid ","https://amigo.geneontology.org/amigo/term/GO:0009753"," AKR1C1  AKR1C3"
0.00495739844521188,2,4,73.6012658227848,"GO:0014826 Vein smooth muscle contraction ","https://amigo.geneontology.org/amigo/term/GO:0014826"," EDN1  EDN2"
0.00495739844521188,2,4,73.6012658227848,"GO:0070384 Harderian gland development ","https://amigo.geneontology.org/amigo/term/GO:0070384"," SOX9  ALDH1A3"
0.00495739844521188,2,4,73.6012658227848,"GO:0071395 Cellular response to jasmonic acid stimulus ","https://amigo.geneontology.org/amigo/term/GO:0071395"," AKR1C1  AKR1C3"
0.00497818402185243,3,19,23.2425049966689,"GO:2000269 Regulation of fibroblast apoptotic process ","https://amigo.geneontology.org/amigo/term/GO:2000269"," GAS6  BBC3  NUPR1"
0.00499929044037819,6,131,6.74210068605662,"GO:0006690 Icosanoid metabolic process ","https://amigo.geneontology.org/amigo/term/GO:0006690"," AKR1C1  AKR1C3  EDN1  EDN2  MGLL  CYP1A1"
0.00509758933153336,11,454,3.56658116321865,"GO:0001503 Ossification ","https://amigo.geneontology.org/amigo/term/GO:0001503"," SOX9  FHL2  ID3  ADAMTS7  IGFBP3  DHRS3  CSF1  TNF  CYP24A1  ACHE  SNAI1"
0.00509758933153336,11,454,3.56658116321865,"GO:0050673 Epithelial cell proliferation ","https://amigo.geneontology.org/amigo/term/GO:0050673"," APOE  TNF  BAX  CDKN1A  SOX9  IGFBP3  NUPR1  CCL5  HMOX1  LOXL2  ATOH8"
0.00513463000332494,6,132,6.69102416570771,"GO:0046683 Response to organophosphorus ","https://amigo.geneontology.org/amigo/term/GO:0046683"," FOSB  FOSL1  SLC5A5  VGF  AKR1C1  TRIM16"
0.00520380716527773,8,247,4.76769333265003,"GO:0001649 Osteoblast differentiation ","https://amigo.geneontology.org/amigo/term/GO:0001649"," FHL2  ID3  SOX9  IGFBP3  TNF  CYP24A1  ACHE  SNAI1"
0.00520380716527773,10,382,3.85346941480549,"GO:0019058 Viral life cycle ","https://amigo.geneontology.org/amigo/term/GO:0019058"," OAS1  APOBEC3H  OASL  IL32  ICAM1  GAS6  IFIT1  TNF  CCL5  APOE"
0.00527280477766729,6,133,6.64071571333397,"GO:0022612 Gland morphogenesis ","https://amigo.geneontology.org/amigo/term/GO:0022612"," NTN4  BAX  SOX9  CSF1  TGM2  TNF"
0.00528942214571902,5,86,8.55828672357963,"GO:0097009 Energy homeostasis ","https://amigo.geneontology.org/amigo/term/GO:0097009"," GDF15  EDN2  VGF  APOE  TSKU"
0.00550968577202031,15,788,2.80207864807556,"GO:0000165 Mapk cascade ","https://amigo.geneontology.org/amigo/term/GO:0000165"," FGF22  EDA2R  EDN1  GADD45A  LIF  APOE  GDF15  PSCA  GAS6  TNF  ACTA2  SOX9  IGFBP3  ATF3  ICAM1"
0.00550968577202031,7,189,5.45194561650258,"GO:0009267 Cellular response to starvation ","https://amigo.geneontology.org/amigo/term/GO:0009267"," SESN2  GABARAPL1  CDKN1A  ATF3  GAS6  UPP1  AKR1C3"
0.00550968577202031,3,20,22.0803797468354,"GO:0042448 Progesterone metabolic process ","https://amigo.geneontology.org/amigo/term/GO:0042448"," AKR1C1  AKR1C3  CYP1A1"
0.00550968577202031,3,20,22.0803797468354,"GO:0070230 Positive regulation of lymphocyte apoptotic process ","https://amigo.geneontology.org/amigo/term/GO:0070230"," CCL5  BAX  BBC3"
0.00556486830474235,7,190,5.42325116588941,"GO:0015718 Monocarboxylic acid transport ","https://amigo.geneontology.org/amigo/term/GO:0015718"," FABP6  APOE  BDKRB2  EDN1  TNF  ABCC3  AKR1C1"
0.00556486830474235,19,1155,2.42151350758946,"GO:1901698 Response to nitrogen compound ","https://amigo.geneontology.org/amigo/term/GO:1901698"," SESN2  ICAM1  SLC5A5  APOE  GDF15  IFIT1  TGM2  TRIM16  EDN1  ACHE  SOX9  FOSB  KLF2  VGF  BTG2  ADCY5  FOSL1  TNF  RFTN1"
0.0058627747785621,31,2406,1.89662447257384,"GO:0010558 Negative regulation of macromolecule biosynthetic process ","https://amigo.geneontology.org/amigo/term/GO:0010558"," APOBEC3H  FHL2  ID3  SOX9  DDIT3  PARP10  NANOS1  EDN1  ZNF423  SNAI1  KLF2  LOXL2  BTG2  ATF3  GAS6  TNF  HES2  LMCD1  RELB  RASD1  CDKN1A  APOE  SESN2  ATOH8  MAF  TSKU  H1-2  ZNF488  OAS1  GADD45A  FOSB"
0.0058627747785621,28,2079,1.98252567872821,"GO:0044419 Biological process involved in interspecies interaction between organisms ","https://amigo.geneontology.org/amigo/term/GO:0044419"," OAS1  APOBEC3H  CCL22  RELB  IRAK2  OASL  S100A9  IFIT1  CCL5  BAX  ICAM1  LCN2  DDIT4  GAS6  CYSRT1  TNF  EDN1  C3  VGF  APOE  CYP1A1  TMEM45B  C15orf48  FOSL1  CSF1  KRT16  ACTA2  RFTN1"
0.00614069032458775,39,3329,1.7245114851839,"GO:0002376 Immune system process ","https://amigo.geneontology.org/amigo/term/GO:0002376"," CCL22  RELB  C3  S100A9  CSF1  SIGLEC15  CCL5  BAX  OAS1  EDN2  LIF  IRAK2  OASL  AQP3  GAS6  IFIT1  TNF  H4C5  IL32  EDN1  ICAM1  APOBEC3H  EPAS1  CDKN1A  SOX9  KLF2  APOE  GDF15  RFTN1  DTX1  LCN2  TMEM45B  FOSL1  SPNS2  KRT16  PSMB9  DHRS2  HMOX1  GEM"
0.00614069032458775,4,50,11.7762025316456,"GO:0035272 Exocrine system development ","https://amigo.geneontology.org/amigo/term/GO:0035272"," NTN4  SOX9  TGM2  TNF"
0.00614069032458775,4,50,11.7762025316456,"GO:0045429 Positive regulation of nitric oxide biosynthetic process ","https://amigo.geneontology.org/amigo/term/GO:0045429"," KLF2  APOE  TNF  EDN1"
0.00621722485105299,13,629,3.04234167153006,"GO:0040008 Regulation of growth ","https://amigo.geneontology.org/amigo/term/GO:0040008"," EDN1  CDKN1A  GDF15  SESN2  IGFBP3  CSF1  NANOS1  BBC3  RFTN1  L1CAM  PRR5  APOE  S100A9"
0.00627083123479033,6,139,6.35406611419725,"GO:0034219 Carbohydrate transmembrane transport ","https://amigo.geneontology.org/amigo/term/GO:0034219"," AQP3  C3  EDN1  SESN2  TNF  SLC45A3"
0.00639151274470984,16,892,2.64040415507748,"GO:0042325 Regulation of phosphorylation ","https://amigo.geneontology.org/amigo/term/GO:0042325"," EDN1  CDKN1A  C3  LIF  APOE  SESN2  IGFBP3  GAS6  TNF  CCL5  PPP2R5B  FGF22  BAX  GADD45A  BDKRB2  CSF1"
0.00642638887158436,4,51,11.5452965996525,"GO:0042311 Vasodilation ","https://amigo.geneontology.org/amigo/term/GO:0042311"," BDKRB2  APOE  TNF  KLF2"
0.00642638887158436,4,51,11.5452965996525,"GO:0085029 Extracellular matrix assembly ","https://amigo.geneontology.org/amigo/term/GO:0085029"," NTN4  SOX9  GAS6  LAMB3"
0.00642638887158436,4,51,11.5452965996525,"GO:1904407 Positive regulation of nitric oxide metabolic process ","https://amigo.geneontology.org/amigo/term/GO:1904407"," KLF2  APOE  TNF  EDN1"
0.00642638887158436,5,91,8.08805118931701,"GO:2000027 Regulation of animal organ morphogenesis ","https://amigo.geneontology.org/amigo/term/GO:2000027"," NTN4  EDN1  SOX9  CSF1  TNF"
0.00675340380060167,35,2885,1.78581927472961,"GO:0010605 Negative regulation of macromolecule metabolic process ","https://amigo.geneontology.org/amigo/term/GO:0010605"," TIMP3  APOBEC3H  FHL2  ID3  SOX9  DDIT3  PARP10  H1-2  NANOS1  EDN1  ZNF423  SNAI1  KLF2  APOE  LOXL2  IGFBP3  BTG2  ATF3  GAS6  TNF  HES2  LMCD1  BAX  RELB  RASD1  GADD45A  CDKN1A  SESN2  BDKRB2  ATOH8  MAF  TSKU  ZNF488  OAS1  FOSB"
0.00686668178211487,4,52,11.3232716650438,"GO:0006693 Prostaglandin metabolic process ","https://amigo.geneontology.org/amigo/term/GO:0006693"," AKR1C1  AKR1C3  EDN1  EDN2"
0.00692527066846265,5,93,7.91411460460052,"GO:0046209 Nitric oxide metabolic process ","https://amigo.geneontology.org/amigo/term/GO:0046209"," KLF2  APOE  TNF  CYP1A1  EDN1"
0.00701801514572631,6,143,6.17632999911481,"GO:0008643 Carbohydrate transport ","https://amigo.geneontology.org/amigo/term/GO:0008643"," AQP3  C3  EDN1  SESN2  SLC45A3  TNF"
0.00709442564036887,2,5,58.8810126582279,"GO:0003431 Growth plate cartilage chondrocyte development ","https://amigo.geneontology.org/amigo/term/GO:0003431"," SOX9  TSKU"
0.00709442564036887,2,5,58.8810126582279,"GO:0048386 Positive regulation of retinoic acid receptor signaling pathway ","https://amigo.geneontology.org/amigo/term/GO:0048386"," KLF2  TRIM16"
0.00715394140629986,5,94,7.82992189604094,"GO:2001057 Reactive nitrogen species metabolic process ","https://amigo.geneontology.org/amigo/term/GO:2001057"," KLF2  APOE  TNF  CYP1A1  EDN1"
0.00715938626014863,7,201,5.12645632596511,"GO:0051897 Positive regulation of phosphatidylinositol 3-kinase/protein kinase b signal transduction ","https://amigo.geneontology.org/amigo/term/GO:0051897"," GDF15  GAS6  AKR1C3  CCL5  SESN2  PRR5  TNF"
0.00717541232897319,4,53,11.1096250298543,"GO:0006692 Prostanoid metabolic process ","https://amigo.geneontology.org/amigo/term/GO:0006692"," AKR1C1  AKR1C3  EDN1  EDN2"
0.00720997431648588,17,999,2.50494798596064,"GO:0000122 Negative regulation of transcription by rna polymerase ii ","https://amigo.geneontology.org/amigo/term/GO:0000122"," FHL2  ID3  SOX9  DDIT3  EDN1  SNAI1  KLF2  LOXL2  ATF3  TNF  HES2  LMCD1  BTG2  MAF  H1-2  GADD45A  FOSB"
0.00726368159920926,11,482,3.35939387572877,"GO:0009615 Response to virus ","https://amigo.geneontology.org/amigo/term/GO:0009615"," OAS1  APOBEC3H  OASL  IFIT1  BAX  DDIT4  TNF  ACTA2  CCL5  CCL22  FOSL1"
0.00738637168525256,12,563,3.13753175798727,"GO:0051336 Regulation of hydrolase activity ","https://amigo.geneontology.org/amigo/term/GO:0051336"," OAS1  BBC3  RGS16  S100A9  ANGPTL4  GAS6  RPS27L  TNF  CCL5  PSMB9  TIMP3  TGM2"
0.00747293043633276,12,564,3.13196875841638,"GO:0098771 Inorganic ion homeostasis ","https://amigo.geneontology.org/amigo/term/GO:0098771"," EDN1  SLC12A4  EDN2  HMOX1  CCL5  BAX  UPK3A  EPAS1  APOE  DDIT3  TGM2  S100A9"
0.00748028314705279,3,23,19.2003302146395,"GO:0060445 Branching involved in salivary gland morphogenesis ","https://amigo.geneontology.org/amigo/term/GO:0060445"," NTN4  TGM2  TNF"
0.00772667893629699,35,2915,1.76744034565864,"GO:0031328 Positive regulation of cellular biosynthetic process ","https://amigo.geneontology.org/amigo/term/GO:0031328"," FGF22  RELB  ATOH8  TNF  IL32  EDN1  ZNF423  EPAS1  SOX9  C3  KLF2  LIF  LMO2  ATF3  IER5  DDIT3  FOSL1  GAS6  CSF1  RPS27L  TRIM16  CCL5  PPP2R5B  ID3  SNAI1  FOSB  RFTN1  DTX1  SLC45A3  NUPR1  MAF  OAS1  APOE  ACTA2  HMOX1"
0.00773342760454345,6,147,6.00826659777835,"GO:0071621 Granulocyte chemotaxis ","https://amigo.geneontology.org/amigo/term/GO:0071621"," CCL22  S100A9  EDN2  CSF1  CCL5  EDN1"
0.0079342151895596,5,97,7.58775936317369,"GO:0001523 Retinoid metabolic process ","https://amigo.geneontology.org/amigo/term/GO:0001523"," DHRS3  CYP1A1  ALDH1A3  AKR1C1  AKR1C3"
0.00797441988534641,4,55,10.7056386651323,"GO:0006775 Fat-soluble vitamin metabolic process ","https://amigo.geneontology.org/amigo/term/GO:0006775"," CYP24A1  CYP1A1  SNAI1  TNF"
0.00827291056810544,3,24,18.4003164556962,"GO:0014829 Vascular associated smooth muscle contraction ","https://amigo.geneontology.org/amigo/term/GO:0014829"," EDN1  EDN2  ACTA2"
0.00827291056810544,18,1110,2.38706808073897,"GO:0044255 Cellular lipid metabolic process ","https://amigo.geneontology.org/amigo/term/GO:0044255"," DHRS3  AKR1C1  AKR1C3  MGLL  EDN1  C3  EDN2  APOE  CYP1A1  ALDH1A3  BAX  SOX9  GDF15  SESN2  SLC45A3  SPNS2  TNF  SPATA18"
0.00827291056810544,28,2141,1.92511484636896,"GO:0051246 Regulation of protein metabolic process ","https://amigo.geneontology.org/amigo/term/GO:0051246"," TIMP3  NANOS1  EDN1  BBC3  CDKN1A  C3  LIF  APOE  SESN2  IGFBP3  BTG2  S100A9  GAS6  CSF1  RPS27L  TNF  CCL5  PPP2R5B  FGF22  BAX  GADD45A  SOX9  BDKRB2  NUPR1  KLF2  EPAS1  PARP10  PSMB9"
0.00837658528796807,4,56,10.5144665461121,"GO:0032330 Regulation of chondrocyte differentiation ","https://amigo.geneontology.org/amigo/term/GO:0032330"," SOX9  ADAMTS7  LOXL2  MAF"
0.00837658528796807,4,56,10.5144665461121,"GO:0048662 Negative regulation of smooth muscle cell proliferation ","https://amigo.geneontology.org/amigo/term/GO:0048662"," HMOX1  IGFBP3  APOE  CDKN1A"
0.00871420867935509,7,210,4.90675105485232,"GO:0050792 Regulation of viral process ","https://amigo.geneontology.org/amigo/term/GO:0050792"," OAS1  APOBEC3H  OASL  IL32  IFIT1  TNF  CCL5"
0.00885314603119092,26,1936,1.97689350350455,"GO:0009607 Response to biotic stimulus ","https://amigo.geneontology.org/amigo/term/GO:0009607"," OAS1  APOBEC3H  CCL22  RELB  IRAK2  OASL  S100A9  DDIT3  IFIT1  CCL5  BAX  LCN2  DDIT4  TNF  EDN1  C3  VGF  APOE  CYP1A1  TMEM45B  C15orf48  FOSL1  CSF1  KRT16  ACTA2  RFTN1"
0.00907677514934501,18,1121,2.36364457593243,"GO:0007417 Central nervous system development ","https://amigo.geneontology.org/amigo/term/GO:0007417"," SOX9  S100A9  ZNF488  BAX  ZNF423  NOVA2  ID3  C3  LIF  DUSP15  SLC45A3  BTG2  TSKU  ALDH1A3  NANOS1  DDIT4  KLK6  TNF"
0.00907677514934501,6,153,5.77264829982626,"GO:0010212 Response to ionizing radiation ","https://amigo.geneontology.org/amigo/term/GO:0010212"," AEN  TNF  BAX  BBC3  CDKN1A  GADD45A"
0.00907677514934501,7,212,4.86046095056126,"GO:0030324 Lung development ","https://amigo.geneontology.org/amigo/term/GO:0030324"," TNF  EPAS1  SOX9  EDN2  KLF2  LIF  STRA6"
0.00907677514934501,3,25,17.6643037974684,"GO:0044346 Fibroblast apoptotic process ","https://amigo.geneontology.org/amigo/term/GO:0044346"," GAS6  BBC3  NUPR1"
0.0094520075137773,2,6,49.0675105485232,"GO:0002457 T cell antigen processing and presentation ","https://amigo.geneontology.org/amigo/term/GO:0002457"," ICAM1  RFTN1"
0.0094520075137773,2,6,49.0675105485232,"GO:0003100 Regulation of systemic arterial blood pressure by endothelin ","https://amigo.geneontology.org/amigo/term/GO:0003100"," EDN1  EDN2"
0.0094520075137773,2,6,49.0675105485232,"GO:0014034 Neural crest cell fate commitment ","https://amigo.geneontology.org/amigo/term/GO:0014034"," EDN1  SOX9"
0.0094520075137773,5,102,7.21581037478283,"GO:0016101 Diterpenoid metabolic process ","https://amigo.geneontology.org/amigo/term/GO:0016101"," DHRS3  CYP1A1  ALDH1A3  AKR1C1  AKR1C3"
0.0094520075137773,2,6,49.0675105485232,"GO:0032471 Negative regulation of endoplasmic reticulum calcium ion concentration ","https://amigo.geneontology.org/amigo/term/GO:0032471"," BAX  TGM2"
0.0094520075137773,2,6,49.0675105485232,"GO:0046813 Receptor-mediated virion attachment to host cell ","https://amigo.geneontology.org/amigo/term/GO:0046813"," ICAM1  GAS6"
0.00980914027763901,11,506,3.20005503577325,"GO:0016032 Viral process ","https://amigo.geneontology.org/amigo/term/GO:0016032"," OAS1  APOBEC3H  OASL  IL32  ICAM1  GAS6  IFIT1  TNF  CCL5  APOE  PARP10"
0.00980914027763901,7,216,4.77045241443976,"GO:0030323 Respiratory tube development ","https://amigo.geneontology.org/amigo/term/GO:0030323"," TNF  EPAS1  SOX9  EDN2  KLF2  LIF  STRA6"
0.00990497841338123,35,2969,1.73529424304309,"GO:0009891 Positive regulation of biosynthetic process ","https://amigo.geneontology.org/amigo/term/GO:0009891"," FGF22  RELB  ATOH8  TNF  IL32  EDN1  ZNF423  EPAS1  SOX9  C3  KLF2  LIF  APOE  LMO2  ATF3  IER5  DDIT3  FOSL1  GAS6  CSF1  RPS27L  TRIM16  CCL5  PPP2R5B  ID3  SNAI1  FOSB  RFTN1  DTX1  SLC45A3  NUPR1  MAF  OAS1  ACTA2  HMOX1"
0.0101755234029629,8,284,4.14655018719914,"GO:0010001 Glial cell differentiation ","https://amigo.geneontology.org/amigo/term/GO:0010001"," SOX9  S100A9  ZNF488  LIF  DTX1  DUSP15  SLC45A3  TNF"
0.0101755234029629,34,2859,1.75057225461678,"GO:0010557 Positive regulation of macromolecule biosynthetic process ","https://amigo.geneontology.org/amigo/term/GO:0010557"," FGF22  RELB  ATOH8  TNF  IL32  EDN1  ZNF423  EPAS1  SOX9  C3  KLF2  LIF  LMO2  ATF3  IER5  DDIT3  FOSL1  GAS6  CSF1  RPS27L  TRIM16  PPP2R5B  ID3  SNAI1  FOSB  RFTN1  DTX1  NUPR1  MAF  OAS1  APOE  ACTA2  CCL5  HMOX1"
0.0101755234029629,11,509,3.18119420059188,"GO:0016049 Cell growth ","https://amigo.geneontology.org/amigo/term/GO:0016049"," EDN1  CDKN1A  SOX9  EDN2  SESN2  IGFBP3  NANOS1  L1CAM  PRR5  APOE  S100A9"
0.0103516261988912,5,105,7.00964436407474,"GO:0033135 Regulation of peptidyl-serine phosphorylation ","https://amigo.geneontology.org/amigo/term/GO:0033135"," LIF  TNF  BAX  GADD45A  BDKRB2"
0.0103940761697641,7,219,4.70510375122825,"GO:0048469 Cell maturation ","https://amigo.geneontology.org/amigo/term/GO:0048469"," RND1  NTN4  EDN1  EPAS1  CDKN1A  C3  KLF2"
0.0106886323265274,3,27,16.3558368495077,"GO:0002544 Chronic inflammatory response ","https://amigo.geneontology.org/amigo/term/GO:0002544"," S100A9  TNF  CCL5"
0.0106886323265274,5,106,6.94351564365894,"GO:0002690 Positive regulation of leukocyte chemotaxis ","https://amigo.geneontology.org/amigo/term/GO:0002690"," EDN2  GAS6  CSF1  CCL5  EDN1"
0.0106886323265274,3,27,16.3558368495077,"GO:0042574 Retinal metabolic process ","https://amigo.geneontology.org/amigo/term/GO:0042574"," ALDH1A3  AKR1C1  AKR1C3"
0.0106886323265274,5,106,6.94351564365894,"GO:0090130 Tissue migration ","https://amigo.geneontology.org/amigo/term/GO:0090130"," NANOS1  SNAI1  SOX9  KRT16  ACTA2"
0.0110337723130481,5,107,6.87862297409204,"GO:0045833 Negative regulation of lipid metabolic process ","https://amigo.geneontology.org/amigo/term/GO:0045833"," SNAI1  APOE  AKR1C3  TNF  SOX9"
0.0110703919321938,8,289,4.07481056458324,"GO:0015850 Organic hydroxy compound transport ","https://amigo.geneontology.org/amigo/term/GO:0015850"," APOE  AQP3  STRA6  TGM2  TSKU  SELENOM  ABCC3  AKR1C1"
0.0111503472418193,33,2764,1.75748319258459,"GO:0007399 Nervous system development ","https://amigo.geneontology.org/amigo/term/GO:0007399"," HES2  NTN4  SOX9  MALL  S100A9  ZNF488  APOE  RND1  CSF1  L1CAM  TGM2  TNF  PPP2R5B  EDN1  BAX  ZNF423  NOVA2  ID3  C3  EDN2  LIF  DTX1  DUSP15  SLC45A3  BTG2  KLK6  ATOH8  TSKU  GAS6  ALDH1A3  NANOS1  DDIT4  ACHE"
0.0111503472418193,12,600,2.94405063291139,"GO:1901615 Organic hydroxy compound metabolic process ","https://amigo.geneontology.org/amigo/term/GO:1901615"," CYP24A1  APOE  AKR1C1  AKR1C3  CYP1A1  SNAI1  TNF  SLC5A5  EPAS1  TSKU  ALDH1A3  DHRS3"
0.0112559695834557,13,687,2.78549186520001,"GO:0032870 Cellular response to hormone stimulus ","https://amigo.geneontology.org/amigo/term/GO:0032870"," SSTR5  DHRS3  KLF2  AKR1C1  AKR1C3  TRIM16  EDN1  FOSB  GDF15  DDIT4  PAQR7  SLC5A5  CYP24A1"
0.0116628350385524,3,28,15.7716998191682,"GO:0033137 Negative regulation of peptidyl-serine phosphorylation ","https://amigo.geneontology.org/amigo/term/GO:0033137"," BAX  GADD45A  BDKRB2"
0.0118245784077422,12,605,2.91971963594518,"GO:0019221 Cytokine-mediated signaling pathway ","https://amigo.geneontology.org/amigo/term/GO:0019221"," CCL22  IRAK2  TNF  CCL5  EDN1  EDN2  EDA2R  GAS6  CSF1  OASL  FOSL1  OAS1"
0.0120535417342356,9,367,3.60987134825648,"GO:0008202 Steroid metabolic process ","https://amigo.geneontology.org/amigo/term/GO:0008202"," CYP24A1  APOE  AKR1C1  AKR1C3  CYP1A1  SNAI1  TNF  TSKU  DHRS2"
0.0120535417342356,2,7,42.0578661844485,"GO:0033139 Regulation of peptidyl-serine phosphorylation of stat protein ","https://amigo.geneontology.org/amigo/term/GO:0033139"," LIF  GADD45A"
0.0120535417342356,2,7,42.0578661844485,"GO:0042501 Serine phosphorylation of stat protein ","https://amigo.geneontology.org/amigo/term/GO:0042501"," LIF  GADD45A"
0.0120535417342356,2,7,42.0578661844485,"GO:0046137 Negative regulation of vitamin metabolic process ","https://amigo.geneontology.org/amigo/term/GO:0046137"," SNAI1  AKR1C3"
0.0120535417342356,2,7,42.0578661844485,"GO:0060137 Maternal process involved in parturition ","https://amigo.geneontology.org/amigo/term/GO:0060137"," EDN1  CYP1A1"
0.0120535417342356,6,165,5.35281933256617,"GO:0120161 Regulation of cold-induced thermogenesis ","https://amigo.geneontology.org/amigo/term/GO:0120161"," ACHE  ZNF423  NOVA2  EPAS1  DDIT3  LCN2"
0.012065666011264,14,784,2.62861663652803,"GO:0032103 Positive regulation of response to external stimulus ","https://amigo.geneontology.org/amigo/term/GO:0032103"," EDN2  IRAK2  OASL  S100A9  GAS6  CSF1  CCL5  EDN1  C3  FOSL1  NUPR1  TNF  OAS1  RFTN1"
0.012065666011264,4,64,9.2001582278481,"GO:1990874 Vascular associated smooth muscle cell proliferation ","https://amigo.geneontology.org/amigo/term/GO:1990874"," EDN1  DDIT3  TNF  CDKN1A"
0.0122647581217887,7,228,4.51937597157451,"GO:0060348 Bone development ","https://amigo.geneontology.org/amigo/term/GO:0060348"," SIGLEC15  SOX9  ADAMTS7  DHRS3  SPNS2  TSKU  TGM2"
0.0122846125628427,9,369,3.59030564989194,"GO:0043086 Negative regulation of catalytic activity ","https://amigo.geneontology.org/amigo/term/GO:0043086"," APOE  ANGPTL4  GAS6  IFIT1  GPR87  TNF  GADD45A  CDKN1A  TIMP3"
0.0122846125628427,9,369,3.59030564989194,"GO:0048545 Response to steroid hormone ","https://amigo.geneontology.org/amigo/term/GO:0048545"," SSTR5  PAQR7  AKR1C3  TNF  EDN1  CDKN1A  FOSB  DDIT4  FOSL1"
0.012315459615779,25,1891,1.94609375522964,"GO:0051707 Response to other organism ","https://amigo.geneontology.org/amigo/term/GO:0051707"," OAS1  APOBEC3H  CCL22  RELB  IRAK2  OASL  S100A9  IFIT1  CCL5  BAX  LCN2  DDIT4  TNF  EDN1  C3  VGF  APOE  CYP1A1  TMEM45B  C15orf48  FOSL1  CSF1  KRT16  ACTA2  RFTN1"
0.0124075098259947,8,297,3.96505135745642,"GO:0070372 Regulation of erk1 and erk2 cascade ","https://amigo.geneontology.org/amigo/term/GO:0070372"," PSCA  GAS6  ACTA2  LIF  ATF3  ICAM1  APOE  TNF"
0.0125114615891817,25,1894,1.9430112413618,"GO:0043207 Response to external biotic stimulus ","https://amigo.geneontology.org/amigo/term/GO:0043207"," OAS1  APOBEC3H  CCL22  RELB  IRAK2  OASL  S100A9  IFIT1  CCL5  BAX  LCN2  DDIT4  TNF  EDN1  C3  VGF  APOE  CYP1A1  TMEM45B  C15orf48  FOSL1  CSF1  KRT16  ACTA2  RFTN1"
0.0126121553587583,5,112,6.57154159132007,"GO:0097306 Cellular response to alcohol ","https://amigo.geneontology.org/amigo/term/GO:0097306"," SLC5A5  ADCY5  AKR1C3  KLF2  BTG2"
0.01262268744823,16,977,2.41068629102263,"GO:0006954 Inflammatory response ","https://amigo.geneontology.org/amigo/term/GO:0006954"," CCL22  RELB  S100A9  CCL5  APOE  BDKRB2  TNF  LXN  C3  FOSL1  NUPR1  CSF1  KRT16  HMOX1  MGLL  IRAK2"
0.01262268744823,6,168,5.25723327305606,"GO:0008277 Regulation of g protein-coupled receptor signaling pathway ","https://amigo.geneontology.org/amigo/term/GO:0008277"," EDN1  C3  KLK6  CCL5  MGLL  RGS16"
0.01262268744823,9,372,3.56135157207023,"GO:0021700 Developmental maturation ","https://amigo.geneontology.org/amigo/term/GO:0021700"," RND1  NTN4  EDN1  EPAS1  CDKN1A  C3  KLF2  ADAMTS7  DDIT3"
0.01262268744823,6,168,5.25723327305606,"GO:0030856 Regulation of epithelial cell differentiation ","https://amigo.geneontology.org/amigo/term/GO:0030856"," LIF  ATOH8  TRIM16  TNF  SOX9  AQP3"
0.01262268744823,6,168,5.25723327305606,"GO:0106106 Cold-induced thermogenesis ","https://amigo.geneontology.org/amigo/term/GO:0106106"," ACHE  ZNF423  NOVA2  EPAS1  DDIT3  LCN2"
0.0128878683559182,4,66,8.92136555427695,"GO:0030858 Positive regulation of epithelial cell differentiation ","https://amigo.geneontology.org/amigo/term/GO:0030858"," LIF  ATOH8  TRIM16  SOX9"
0.0128878683559182,4,66,8.92136555427695,"GO:0042572 Retinol metabolic process ","https://amigo.geneontology.org/amigo/term/GO:0042572"," CYP1A1  ALDH1A3  AKR1C3  DHRS3"
0.0128878683559182,4,66,8.92136555427695,"GO:0071384 Cellular response to corticosteroid stimulus ","https://amigo.geneontology.org/amigo/term/GO:0071384"," SSTR5  AKR1C3  EDN1  DDIT4"
0.0129861995239947,11,533,3.03795093452395,"GO:0002009 Morphogenesis of an epithelium ","https://amigo.geneontology.org/amigo/term/GO:0002009"," SOX9  LIF  TNF  NTN4  EDN1  CA9  SNAI1  ALDH1A3  CSF1  KRT16  TGM2"
0.0130388338125858,3,30,14.720253164557,"GO:0009651 Response to salt stress ","https://amigo.geneontology.org/amigo/term/GO:0009651"," BAX  BDKRB2  TNF"
0.0130388338125858,3,30,14.720253164557,"GO:0034138 Toll-like receptor 3 signaling pathway ","https://amigo.geneontology.org/amigo/term/GO:0034138"," TNF  OAS1  RFTN1"
0.0130388338125858,19,1276,2.19188722669735,"GO:1901701 Cellular response to oxygen-containing compound ","https://amigo.geneontology.org/amigo/term/GO:1901701"," SESN2  IRAK2  EDN1  ICAM1  SLC5A5  ADCY5  GAS6  AKR1C1  AKR1C3  TGM2  CYP24A1  ACHE  ID3  SOX9  KLF2  GDF15  BTG2  DDIT4  TNF"
0.0130496201169959,10,453,3.24950400983597,"GO:0009410 Response to xenobiotic stimulus ","https://amigo.geneontology.org/amigo/term/GO:0009410"," CYP1A1  GAS6  EDN1  CA9  CDKN1A  FOSB  FOSL1  TNF  AKR1C1  ABCC3"
0.0130496201169959,5,114,6.45625138796358,"GO:0050848 Regulation of calcium-mediated signaling ","https://amigo.geneontology.org/amigo/term/GO:0050848"," FHL2  EDN1  EDN2  TNF  LMCD1"
0.0133158314015714,7,234,4.40349453640593,"GO:0072330 Monocarboxylic acid biosynthetic process ","https://amigo.geneontology.org/amigo/term/GO:0072330"," EDN1  EDN2  ALDH1A3  AKR1C3  MGLL  CYP1A1  SLC45A3"
0.0134839829420039,5,115,6.40011007154651,"GO:0006721 Terpenoid metabolic process ","https://amigo.geneontology.org/amigo/term/GO:0006721"," DHRS3  CYP1A1  ALDH1A3  AKR1C1  AKR1C3"
0.0135625201901636,7,235,4.38475626178292,"GO:0052548 Regulation of endopeptidase activity ","https://amigo.geneontology.org/amigo/term/GO:0052548"," BBC3  S100A9  GAS6  RPS27L  TNF  PSMB9  TIMP3"
0.013662055060362,6,172,5.13497203414778,"GO:0006633 Fatty acid biosynthetic process ","https://amigo.geneontology.org/amigo/term/GO:0006633"," EDN1  EDN2  MGLL  SLC45A3  CYP1A1  AKR1C3"
0.0139914380279857,13,713,2.68391712677757,"GO:0043085 Positive regulation of catalytic activity ","https://amigo.geneontology.org/amigo/term/GO:0043085"," EDN1  BBC3  CDKN1A  APOE  RGS16  S100A9  GAS6  RPS27L  TNF  CCL5  EDN2  CSF1  TGM2"
0.0140085127805071,3,31,14.2454062882809,"GO:0008299 Isoprenoid biosynthetic process ","https://amigo.geneontology.org/amigo/term/GO:0008299"," ALDH1A3  AKR1C3  CYP1A1"
0.0142228611204305,40,3659,1.60921051265996,"GO:0010604 Positive regulation of macromolecule metabolic process ","https://amigo.geneontology.org/amigo/term/GO:0010604"," FGF22  RELB  ATOH8  TNF  IL32  EDN1  ZNF423  BBC3  EPAS1  CDKN1A  SOX9  C3  KLF2  LIF  APOE  LMO2  BTG2  ATF3  IER5  S100A9  DDIT3  FOSL1  GAS6  CSF1  RPS27L  NANOS1  TRIM16  CCL5  PPP2R5B  ID3  SNAI1  FOSB  RFTN1  DTX1  NUPR1  MAF  BAX  OAS1  ACTA2  HMOX1"
0.014297612243504,2,8,36.8006329113924,"GO:0003433 Chondrocyte development involved in endochondral bone morphogenesis ","https://amigo.geneontology.org/amigo/term/GO:0003433"," SOX9  TSKU"
0.014297612243504,2,8,36.8006329113924,"GO:0042482 Positive regulation of odontogenesis ","https://amigo.geneontology.org/amigo/term/GO:0042482"," EDN1  CSF1"
0.014297612243504,2,8,36.8006329113924,"GO:0060509 Type i pneumocyte differentiation ","https://amigo.geneontology.org/amigo/term/GO:0060509"," SOX9  KLF2"
0.014297612243504,2,8,36.8006329113924,"GO:0070106 Interleukin-27-mediated signaling pathway ","https://amigo.geneontology.org/amigo/term/GO:0070106"," OASL  OAS1"
0.014297612243504,2,8,36.8006329113924,"GO:1903896 Positive regulation of ire1-mediated unfolded protein response ","https://amigo.geneontology.org/amigo/term/GO:1903896"," BAX  BBC3"
0.0143413757186724,4,69,8.53348009539534,"GO:0006919 Activation of cysteine-type endopeptidase activity involved in apoptotic process ","https://amigo.geneontology.org/amigo/term/GO:0006919"," BBC3  S100A9  RPS27L  TNF"
0.0144890143375377,36,3185,1.66382767323093,"GO:0065008 Regulation of biological quality ","https://amigo.geneontology.org/amigo/term/GO:0065008"," EDN1  SLC12A4  EDN2  VGF  SSTR5  KCNK7  AKR1C1  AKR1C3  BDKRB2  BAX  LIF  ARHGAP22  APOE  GDF15  CYP1A1  BTG2  GLRX  ALDH1A3  IFIT1  NANOS1  TNF  CCL5  SLC5A5  ACTA2  EPAS1  AQP3  BEST1  GAS6  SORCS2  SELENOM  KLF2  ADCY5  L1CAM  DHRS2  KLK6  DHRS3"
0.0145317878804337,5,118,6.23739540871058,"GO:0034308 Primary alcohol metabolic process ","https://amigo.geneontology.org/amigo/term/GO:0034308"," AKR1C1  AKR1C3  CYP1A1  ALDH1A3  DHRS3"
0.0146089502979298,10,463,3.17932033791727,"GO:0006869 Lipid transport ","https://amigo.geneontology.org/amigo/term/GO:0006869"," APOE  STRA6  FABP6  SPNS2  BDKRB2  EDN1  ABCC3  TSKU  SELENOM  AKR1C1"
0.0146984690084508,3,32,13.8002373417722,"GO:0001516 Prostaglandin biosynthetic process ","https://amigo.geneontology.org/amigo/term/GO:0001516"," EDN1  EDN2  AKR1C3"
0.0146984690084508,9,385,3.44109814236396,"GO:0042063 Gliogenesis ","https://amigo.geneontology.org/amigo/term/GO:0042063"," SOX9  S100A9  ZNF488  CSF1  TNF  LIF  DTX1  DUSP15  SLC45A3"
0.0146984690084508,3,32,13.8002373417722,"GO:0046457 Prostanoid biosynthetic process ","https://amigo.geneontology.org/amigo/term/GO:0046457"," EDN1  EDN2  AKR1C3"
0.0146984690084508,14,811,2.54110412211834,"GO:0051248 Negative regulation of protein metabolic process ","https://amigo.geneontology.org/amigo/term/GO:0051248"," TIMP3  NANOS1  EDN1  APOE  IGFBP3  BTG2  GAS6  BAX  GADD45A  CDKN1A  SESN2  BDKRB2  TNF  PARP10"
0.0146984690084508,3,32,13.8002373417722,"GO:2000352 Negative regulation of endothelial cell apoptotic process ","https://amigo.geneontology.org/amigo/term/GO:2000352"," ICAM1  GAS6  ANGPTL4"
0.0147292813405699,4,70,8.41157323688969,"GO:0045428 Regulation of nitric oxide biosynthetic process ","https://amigo.geneontology.org/amigo/term/GO:0045428"," KLF2  APOE  TNF  EDN1"
0.0147576014396365,7,241,4.27559220547298,"GO:0071356 Cellular response to tumor necrosis factor ","https://amigo.geneontology.org/amigo/term/GO:0071356"," TNF  GAS6  EDN1  KLF2  EDA2R  CCL5  ADAMTS7"
0.0148101180078873,16,1002,2.35053942747417,"GO:0051093 Negative regulation of developmental process ","https://amigo.geneontology.org/amigo/term/GO:0051093"," SOX9  ADAMTS7  GAS6  TNF  H4C5  GADD45A  ID3  SNAI1  CDKN1A  GDF15  LOXL2  DTX1  BTG2  DDIT3  TSKU  KLF2"
0.014850656189788,6,177,4.98991632696846,"GO:0097530 Granulocyte migration ","https://amigo.geneontology.org/amigo/term/GO:0097530"," CCL22  S100A9  EDN2  CSF1  CCL5  EDN1"
0.0149933872642974,12,635,2.78178012558557,"GO:0044283 Small molecule biosynthetic process ","https://amigo.geneontology.org/amigo/term/GO:0044283"," EDN1  SNAI1  EDN2  APOE  ALDH1A3  AKR1C3  TNF  MGLL  SESN2  CYP1A1  SLC45A3  ATF3"
0.0153510353067741,12,637,2.77304612205155,"GO:0055080 Monoatomic cation homeostasis ","https://amigo.geneontology.org/amigo/term/GO:0055080"," EDN1  SLC12A4  EDN2  HMOX1  CCL5  BAX  UPK3A  EPAS1  APOE  DDIT3  TGM2  S100A9"
0.0155900855621776,6,179,4.93416307191853,"GO:0055088 Lipid homeostasis ","https://amigo.geneontology.org/amigo/term/GO:0055088"," APOE  ANGPTL4  SESN2  TSKU  MALL  AKR1C1"
0.0157162286153827,3,33,13.3820483314154,"GO:0042573 Retinoic acid metabolic process ","https://amigo.geneontology.org/amigo/term/GO:0042573"," ALDH1A3  AKR1C3  CYP1A1"
0.0158858033240617,4,72,8.17791842475387,"GO:0050850 Positive regulation of calcium-mediated signaling ","https://amigo.geneontology.org/amigo/term/GO:0050850"," EDN1  EDN2  TNF  LMCD1"
0.0158858033240617,4,72,8.17791842475387,"GO:0080164 Regulation of nitric oxide metabolic process ","https://amigo.geneontology.org/amigo/term/GO:0080164"," KLF2  APOE  TNF  EDN1"
0.0158858033240617,6,180,4.90675105485232,"GO:2000116 Regulation of cysteine-type endopeptidase activity ","https://amigo.geneontology.org/amigo/term/GO:2000116"," BBC3  S100A9  GAS6  RPS27L  TNF  PSMB9"
0.0162615425800281,6,181,4.87964193300231,"GO:0120254 Olefinic compound metabolic process ","https://amigo.geneontology.org/amigo/term/GO:0120254"," AKR1C1  AKR1C3  CYP1A1  ALDH1A3  MGLL  DHRS3"
0.0165763741501997,4,73,8.06589214496272,"GO:1905330 Regulation of morphogenesis of an epithelium ","https://amigo.geneontology.org/amigo/term/GO:1905330"," LIF  TNF  NTN4  SOX9"
0.0165763741501997,4,73,8.06589214496272,"GO:2000379 Positive regulation of reactive oxygen species metabolic process ","https://amigo.geneontology.org/amigo/term/GO:2000379"," AKR1C1  AKR1C3  CDKN1A  GADD45A"
0.0166324037733349,3,34,12.9884586746091,"GO:0002063 Chondrocyte development ","https://amigo.geneontology.org/amigo/term/GO:0002063"," SOX9  CHST11  TSKU"
0.0166324037733349,2,9,32.7116736990155,"GO:0003418 Growth plate cartilage chondrocyte differentiation ","https://amigo.geneontology.org/amigo/term/GO:0003418"," SOX9  TSKU"
0.0166324037733349,5,124,5.93558595345039,"GO:0008645 Hexose transmembrane transport ","https://amigo.geneontology.org/amigo/term/GO:0008645"," C3  EDN1  SESN2  TNF  SLC45A3"
0.0166324037733349,6,183,4.8263125129695,"GO:0010594 Regulation of endothelial cell migration ","https://amigo.geneontology.org/amigo/term/GO:0010594"," APOE  TNF  GADD45A  HMOX1  ATOH8  EDN1"
0.0166324037733349,2,9,32.7116736990155,"GO:0014824 Artery smooth muscle contraction ","https://amigo.geneontology.org/amigo/term/GO:0014824"," EDN1  EDN2"
0.0166324037733349,2,9,32.7116736990155,"GO:0019062 Virion attachment to host cell ","https://amigo.geneontology.org/amigo/term/GO:0019062"," ICAM1  GAS6"
0.0166324037733349,2,9,32.7116736990155,"GO:0044597 Daunorubicin metabolic process ","https://amigo.geneontology.org/amigo/term/GO:0044597"," AKR1C1  AKR1C3"
0.0166324037733349,10,475,3.09900066622252,"GO:0048732 Gland development ","https://amigo.geneontology.org/amigo/term/GO:0048732"," NTN4  EDN1  BAX  SOX9  CYP1A1  ALDH1A3  CSF1  TGM2  TNF  STRA6"
0.0166324037733349,12,647,2.73018605834132,"GO:0050801 Monoatomic ion homeostasis ","https://amigo.geneontology.org/amigo/term/GO:0050801"," EDN1  SLC12A4  EDN2  HMOX1  CCL5  BAX  UPK3A  EPAS1  APOE  DDIT3  TGM2  S100A9"
0.0166324037733349,3,34,12.9884586746091,"GO:0051043 Regulation of membrane protein ectodomain proteolysis ","https://amigo.geneontology.org/amigo/term/GO:0051043"," TIMP3  APOE  TNF"
0.0166576751315445,7,249,4.13822378120075,"GO:0009755 Hormone-mediated signaling pathway ","https://amigo.geneontology.org/amigo/term/GO:0009755"," DHRS3  KLF2  AKR1C3  TRIM16  SSTR5  PAQR7  CYP24A1"
0.016889943132307,18,1220,2.17184063083627,"GO:0051241 Negative regulation of multicellular organismal process ","https://amigo.geneontology.org/amigo/term/GO:0051241"," SOX9  APOE  ADAMTS7  DDIT3  GAS6  TNF  ZNF423  NOVA2  GADD45A  KLF2  GDF15  LOXL2  DTX1  BTG2  TSKU  OAS1  RELB  EDN1"
0.0170307520941383,8,322,3.65720575516943,"GO:0010563 Negative regulation of phosphorus metabolic process ","https://amigo.geneontology.org/amigo/term/GO:0010563"," CDKN1A  APOE  IGFBP3  BAX  GADD45A  DDIT4  BDKRB2  NUPR1"
0.0170307520941383,8,322,3.65720575516943,"GO:0045936 Negative regulation of phosphate metabolic process ","https://amigo.geneontology.org/amigo/term/GO:0045936"," CDKN1A  APOE  IGFBP3  BAX  GADD45A  DDIT4  BDKRB2  NUPR1"
0.017262603767881,12,651,2.71341072157732,"GO:0048729 Tissue morphogenesis ","https://amigo.geneontology.org/amigo/term/GO:0048729"," SOX9  LIF  TNF  NTN4  EDN1  CA9  SNAI1  ALDH1A3  CSF1  KRT16  TGM2  ACTA2"
0.0175033553364815,3,35,12.6173598553345,"GO:0007435 Salivary gland morphogenesis ","https://amigo.geneontology.org/amigo/term/GO:0007435"," NTN4  TGM2  TNF"
0.0175033553364815,4,75,7.85080168776371,"GO:0061035 Regulation of cartilage development ","https://amigo.geneontology.org/amigo/term/GO:0061035"," SOX9  ADAMTS7  LOXL2  MAF"
0.0176612804761289,6,186,4.74846876276031,"GO:1990845 Adaptive thermogenesis ","https://amigo.geneontology.org/amigo/term/GO:1990845"," ACHE  ZNF423  NOVA2  EPAS1  DDIT3  LCN2"
0.0179974110958696,5,127,5.7953752616366,"GO:0015749 Monosaccharide transmembrane transport ","https://amigo.geneontology.org/amigo/term/GO:0015749"," C3  EDN1  SESN2  TNF  SLC45A3"
0.0183084326857163,13,747,2.56175757883856,"GO:0070848 Response to growth factor ","https://amigo.geneontology.org/amigo/term/GO:0070848"," FGF22  SOX9  GDF15  ADAMTS7  PPP2R5B  EDN1  ZNF423  ACTA2  CHST11  DDIT3  GAS6  CCL5  DDIT4"
0.0184912671979163,6,188,4.69795313762456,"GO:0001959 Regulation of cytokine-mediated signaling pathway ","https://amigo.geneontology.org/amigo/term/GO:0001959"," EDN1  GAS6  CSF1  CCL5  OAS1  IRAK2"
0.0185558662780637,26,2090,1.83122766640422,"GO:0002682 Regulation of immune system process ","https://amigo.geneontology.org/amigo/term/GO:0002682"," C3  CSF1  SIGLEC15  BAX  EDN2  LIF  IRAK2  OASL  AQP3  GAS6  TNF  CCL5  H4C5  EDN1  CDKN1A  SOX9  APOE  GDF15  RFTN1  DTX1  FOSL1  SPNS2  OAS1  ICAM1  S100A9  HMOX1"
0.0186463311817481,3,36,12.2668776371308,"GO:0046685 Response to arsenic-containing substance ","https://amigo.geneontology.org/amigo/term/GO:0046685"," HMOX1  CDKN1A  CYP1A1"
0.0186463311817481,3,36,12.2668776371308,"GO:0048147 Negative regulation of fibroblast proliferation ","https://amigo.geneontology.org/amigo/term/GO:0048147"," PARP10  BAX  NUPR1"
0.0186761150067165,10,487,3.02263925350246,"GO:0048568 Embryonic organ development ","https://amigo.geneontology.org/amigo/term/GO:0048568"," EDN1  EPAS1  ID3  SNAI1  SOX9  LIF  CHST11  ALDH1A3  TNF  STRA6"
0.0186761150067165,13,750,2.55151054852321,"GO:1902532 Negative regulation of intracellular signal transduction ","https://amigo.geneontology.org/amigo/term/GO:1902532"," FHL2  SESN2  DDIT4  PHLDA3  APOE  GDF15  PSCA  LIF  DHRS3  ATF3  BDKRB2  SNAI1  DDIT3"
0.0188578930497574,5,129,5.70552448238642,"GO:0006766 Vitamin metabolic process ","https://amigo.geneontology.org/amigo/term/GO:0006766"," CYP24A1  CYP1A1  SNAI1  AKR1C3  TNF"
0.0188578930497574,10,488,3.01644532060594,"GO:0030099 Myeloid cell differentiation ","https://amigo.geneontology.org/amigo/term/GO:0030099"," CSF1  SIGLEC15  LIF  TNF  H4C5  RELB  EPAS1  KLF2  DHRS2  MAF"
0.0189686863260915,6,191,4.62416329776658,"GO:0006006 Glucose metabolic process ","https://amigo.geneontology.org/amigo/term/GO:0006006"," SESN2  IGFBP3  SLC45A3  ATF3  TNF  OAS1"
0.0189686863260915,2,10,29.4405063291139,"GO:0014820 Tonic smooth muscle contraction ","https://amigo.geneontology.org/amigo/term/GO:0014820"," EDN1  EDN2"
0.0189686863260915,2,10,29.4405063291139,"GO:0015840 Urea transport ","https://amigo.geneontology.org/amigo/term/GO:0015840"," UPK3A  AQP3"
0.0189686863260915,2,10,29.4405063291139,"GO:0030638 Polyketide metabolic process ","https://amigo.geneontology.org/amigo/term/GO:0030638"," AKR1C1  AKR1C3"
0.0189686863260915,2,10,29.4405063291139,"GO:0030647 Aminoglycoside antibiotic metabolic process ","https://amigo.geneontology.org/amigo/term/GO:0030647"," AKR1C1  AKR1C3"
0.0189686863260915,2,10,29.4405063291139,"GO:0044598 Doxorubicin metabolic process ","https://amigo.geneontology.org/amigo/term/GO:0044598"," AKR1C1  AKR1C3"
0.0189686863260915,2,10,29.4405063291139,"GO:0044650 Adhesion of symbiont to host cell ","https://amigo.geneontology.org/amigo/term/GO:0044650"," ICAM1  GAS6"
0.0189686863260915,4,78,7.54884777669588,"GO:0045685 Regulation of glial cell differentiation ","https://amigo.geneontology.org/amigo/term/GO:0045685"," LIF  DUSP15  SLC45A3  ZNF488"
0.0189686863260915,6,191,4.62416329776658,"GO:0046890 Regulation of lipid biosynthetic process ","https://amigo.geneontology.org/amigo/term/GO:0046890"," SNAI1  C3  APOE  AKR1C3  TNF  SLC45A3"
0.0189686863260915,2,10,29.4405063291139,"GO:0048865 Stem cell fate commitment ","https://amigo.geneontology.org/amigo/term/GO:0048865"," EDN1  SOX9"
0.0189686863260915,20,1449,2.03178097509413,"GO:0051094 Positive regulation of developmental process ","https://amigo.geneontology.org/amigo/term/GO:0051094"," SOX9  CSF1  EDN1  HMOX1  LIF  APOE  IGFBP3  ATOH8  GAS6  TGM2  TRIM16  TNF  BAX  SNAI1  C3  GDF15  LOXL2  ZNF488  L1CAM  ANGPTL4"
0.0189686863260915,2,10,29.4405063291139,"GO:0060426 Lung vasculature development ","https://amigo.geneontology.org/amigo/term/GO:0060426"," LIF  STRA6"
0.0189686863260915,2,10,29.4405063291139,"GO:0060693 Regulation of branching involved in salivary gland morphogenesis ","https://amigo.geneontology.org/amigo/term/GO:0060693"," NTN4  TNF"
0.0189686863260915,2,10,29.4405063291139,"GO:0070831 Basement membrane assembly ","https://amigo.geneontology.org/amigo/term/GO:0070831"," NTN4  LAMB3"
0.0189686863260915,2,10,29.4405063291139,"GO:2000271 Positive regulation of fibroblast apoptotic process ","https://amigo.geneontology.org/amigo/term/GO:2000271"," BBC3  NUPR1"
0.0190473656485067,8,332,3.54704895531493,"GO:0001822 Kidney development ","https://amigo.geneontology.org/amigo/term/GO:0001822"," LIF  EDN1  BAX  UPK3A  ACTA2  ID3  SOX9  STRA6"
0.0191231409702656,3,37,11.9353404036948,"GO:0002021 Response to dietary excess ","https://amigo.geneontology.org/amigo/term/GO:0002021"," GDF15  VGF  APOE"
0.0195549326525047,20,1454,2.02479410791705,"GO:0140546 Defense response to symbiont ","https://amigo.geneontology.org/amigo/term/GO:0140546"," OAS1  APOBEC3H  CCL22  RELB  OASL  S100A9  IFIT1  CCL5  IRAK2  DDIT4  TNF  EDN1  C3  APOE  LCN2  TMEM45B  FOSL1  CSF1  KRT16  RFTN1"
0.0197761809913045,7,261,3.94796061884669,"GO:0052547 Regulation of peptidase activity ","https://amigo.geneontology.org/amigo/term/GO:0052547"," BBC3  S100A9  GAS6  RPS27L  TNF  PSMB9  TIMP3"
0.0202116893807429,18,1251,2.11802203806575,"GO:0045087 Innate immune response ","https://amigo.geneontology.org/amigo/term/GO:0045087"," RELB  OAS1  IRAK2  OASL  IFIT1  TNF  EDN1  APOBEC3H  C3  APOE  LCN2  TMEM45B  S100A9  FOSL1  CSF1  KRT16  CCL5  RFTN1"
0.0203519775091338,3,38,11.6212524983344,"GO:0007431 Salivary gland development ","https://amigo.geneontology.org/amigo/term/GO:0007431"," NTN4  TGM2  TNF"
0.0203519775091338,4,80,7.36012658227848,"GO:0030330 Dna damage response signal transduction by p53 class mediator ","https://amigo.geneontology.org/amigo/term/GO:0030330"," CDKN1A  RPS27L  SESN2  SNAI1"
0.0203519775091338,3,38,11.6212524983344,"GO:0048873 Homeostasis of number of cells within a tissue ","https://amigo.geneontology.org/amigo/term/GO:0048873"," BAX  SOX9  CSF1"
0.0208270103291336,21,1570,1.96895106022736,"GO:0098542 Defense response to other organism ","https://amigo.geneontology.org/amigo/term/GO:0098542"," OAS1  APOBEC3H  CCL22  RELB  OASL  S100A9  IFIT1  CCL5  IRAK2  LCN2  DDIT4  TNF  EDN1  C3  VGF  APOE  TMEM45B  FOSL1  CSF1  KRT16  RFTN1"
0.0208462561371626,5,134,5.49263177781976,"GO:0006334 Nucleosome assembly ","https://amigo.geneontology.org/amigo/term/GO:0006334"," H4C5  SOX9  H3C4  H1-2  H2BC17"
0.02101505917291,4,81,7.26926082200344,"GO:0071479 Cellular response to ionizing radiation ","https://amigo.geneontology.org/amigo/term/GO:0071479"," TNF  BBC3  CDKN1A  GADD45A"
0.02101505917291,4,81,7.26926082200344,"GO:0140962 Multicellular organismal-level chemical homeostasis ","https://amigo.geneontology.org/amigo/term/GO:0140962"," EPAS1  AQP3  OAS1  HMOX1"
0.0216171044393469,3,39,11.3232716650438,"GO:0051353 Positive regulation of oxidoreductase activity ","https://amigo.geneontology.org/amigo/term/GO:0051353"," TNF  EDN1  EDN2"
0.0216171044393469,3,39,11.3232716650438,"GO:0070328 Triglyceride homeostasis ","https://amigo.geneontology.org/amigo/term/GO:0070328"," ANGPTL4  APOE  SESN2"
0.0216960271568291,27,2241,1.77352447765747,"GO:0006952 Defense response ","https://amigo.geneontology.org/amigo/term/GO:0006952"," OAS1  APOBEC3H  CCL22  RELB  OASL  S100A9  IFIT1  CCL5  APOE  BDKRB2  IRAK2  LCN2  DDIT4  TNF  EDN1  LXN  C3  VGF  TMEM45B  FOSL1  NUPR1  CSF1  KRT16  HMOX1  RFTN1  MGLL  IL32"
0.0220214531233571,2,11,26.7640966628308,"GO:0002676 Regulation of chronic inflammatory response ","https://amigo.geneontology.org/amigo/term/GO:0002676"," TNF  CCL5"
0.0220214531233571,2,11,26.7640966628308,"GO:0036462 Trail-activated apoptotic signaling pathway ","https://amigo.geneontology.org/amigo/term/GO:0036462"," TNFRSF10C  ATF3"
0.0220214531233571,8,342,3.44333407358058,"GO:0072001 Renal system development ","https://amigo.geneontology.org/amigo/term/GO:0072001"," LIF  EDN1  BAX  UPK3A  ACTA2  ID3  SOX9  STRA6"
0.0220214531233571,2,11,26.7640966628308,"GO:1902237 Positive regulation of endoplasmic reticulum stress-induced intrinsic apoptotic signaling pathway ","https://amigo.geneontology.org/amigo/term/GO:1902237"," DDIT3  BBC3"
0.0220511612475283,7,268,3.84484224447383,"GO:0034612 Response to tumor necrosis factor ","https://amigo.geneontology.org/amigo/term/GO:0034612"," TNF  GAS6  EDN1  KLF2  EDA2R  CCL5  ADAMTS7"
0.0222368520310748,5,137,5.37235516954634,"GO:0006720 Isoprenoid metabolic process ","https://amigo.geneontology.org/amigo/term/GO:0006720"," DHRS3  CYP1A1  ALDH1A3  AKR1C1  AKR1C3"
0.0222368520310748,5,137,5.37235516954634,"GO:0042476 Odontogenesis ","https://amigo.geneontology.org/amigo/term/GO:0042476"," EDN1  BAX  ID3  CSF1  AQP3"
0.0222368520310748,5,137,5.37235516954634,"GO:0098773 Skin epidermis development ","https://amigo.geneontology.org/amigo/term/GO:0098773"," CYSRT1  SNAI1  SOX9  KRT16  TNF"
0.0222817981304179,6,200,4.41607594936709,"GO:0060759 Regulation of response to cytokine stimulus ","https://amigo.geneontology.org/amigo/term/GO:0060759"," EDN1  GAS6  CSF1  CCL5  OAS1  IRAK2"
0.0222817981304179,6,200,4.41607594936709,"GO:0061138 Morphogenesis of a branching epithelium ","https://amigo.geneontology.org/amigo/term/GO:0061138"," TNF  NTN4  EDN1  SOX9  CSF1  TGM2"
0.0222817981304179,8,344,3.42331468943185,"GO:0062197 Cellular response to chemical stress ","https://amigo.geneontology.org/amigo/term/GO:0062197"," EDN1  DHRS2  RELB  KLF2  GDF15  SESN2  BDKRB2  DDIT3"
0.0222817981304179,7,269,3.83054915062821,"GO:0071674 Mononuclear cell migration ","https://amigo.geneontology.org/amigo/term/GO:0071674"," CCL5  EDN2  GAS6  CSF1  ICAM1  SPNS2  TNF"
0.0223791617992069,19,1374,2.03555174764616,"GO:0010628 Positive regulation of gene expression ","https://amigo.geneontology.org/amigo/term/GO:0010628"," FGF22  IL32  SOX9  C3  GAS6  CSF1  RPS27L  TNF  ID3  LIF  RFTN1  ATF3  MAF  OAS1  DDIT3  TRIM16  ACTA2  CCL5  HMOX1"
0.0223791617992069,3,40,11.0401898734177,"GO:0042044 Fluid transport ","https://amigo.geneontology.org/amigo/term/GO:0042044"," UPK3A  AQP3  EDN1"
0.0223791617992069,3,40,11.0401898734177,"GO:0055090 Acylglycerol homeostasis ","https://amigo.geneontology.org/amigo/term/GO:0055090"," APOE  ANGPTL4  SESN2"
0.0228153278386252,4,84,7.00964436407474,"GO:0006809 Nitric oxide biosynthetic process ","https://amigo.geneontology.org/amigo/term/GO:0006809"," KLF2  APOE  TNF  EDN1"
0.0228153278386252,4,84,7.00964436407474,"GO:0030968 Endoplasmic reticulum unfolded protein response ","https://amigo.geneontology.org/amigo/term/GO:0030968"," ATF3  DDIT3  BAX  BBC3"
0.0228153278386252,8,346,3.40352674325016,"GO:0046879 Hormone secretion ","https://amigo.geneontology.org/amigo/term/GO:0046879"," SSTR5  EDN1  LIF  TNF  CCL5  VGF  SELENOM  ADCY5"
0.0228257527789121,9,426,3.10991264039936,"GO:0030522 Intracellular receptor signaling pathway ","https://amigo.geneontology.org/amigo/term/GO:0030522"," DHRS3  KLF2  OASL  AKR1C3  TRIM16  TNF  OAS1  RFTN1  CYP24A1"
0.0230159152145308,5,139,5.29505509516437,"GO:0002688 Regulation of leukocyte chemotaxis ","https://amigo.geneontology.org/amigo/term/GO:0002688"," EDN2  GAS6  CSF1  CCL5  EDN1"
0.0231349355631887,16,1072,2.1970527111279,"GO:0044093 Positive regulation of molecular function ","https://amigo.geneontology.org/amigo/term/GO:0044093"," IL32  EDN1  BBC3  CDKN1A  APOE  RGS16  S100A9  GAS6  RPS27L  TNF  CCL5  EDN2  IRAK2  DDIT3  CSF1  TGM2"
0.0233844807492768,9,428,3.09538033834142,"GO:0001558 Regulation of cell growth ","https://amigo.geneontology.org/amigo/term/GO:0001558"," EDN1  CDKN1A  SESN2  IGFBP3  NANOS1  L1CAM  PRR5  APOE  S100A9"
0.0235280437129844,3,41,10.7709169496758,"GO:0110110 Positive regulation of animal organ morphogenesis ","https://amigo.geneontology.org/amigo/term/GO:0110110"," EDN1  SOX9  CSF1"
0.0235280437129844,3,41,10.7709169496758,"GO:2000108 Positive regulation of leukocyte apoptotic process ","https://amigo.geneontology.org/amigo/term/GO:2000108"," CCL5  BAX  BBC3"
0.0237943822152181,7,274,3.76064861868244,"GO:0030595 Leukocyte chemotaxis ","https://amigo.geneontology.org/amigo/term/GO:0030595"," CCL22  S100A9  CCL5  EDN2  GAS6  CSF1  EDN1"
0.0241432531035862,5,141,5.21994793069396,"GO:0050680 Negative regulation of epithelial cell proliferation ","https://amigo.geneontology.org/amigo/term/GO:0050680"," APOE  SOX9  NUPR1  TNF  ATOH8"
0.0243370115770991,4,86,6.8466293788637,"GO:0050810 Regulation of steroid biosynthetic process ","https://amigo.geneontology.org/amigo/term/GO:0050810"," SNAI1  APOE  TNF  AKR1C3"
0.0245305575972257,11,604,2.68084080811468,"GO:0005975 Carbohydrate metabolic process ","https://amigo.geneontology.org/amigo/term/GO:0005975"," PGM5  SESN2  GABARAPL1  IGFBP3  SLC45A3  ATF3  DDIT4  CHST11  TNF  OAS1  NUPR1"
0.0245305575972257,5,142,5.18318773399893,"GO:0048593 Camera-type eye morphogenesis ","https://amigo.geneontology.org/amigo/term/GO:0048593"," BAX  SOX9  TSKU  ALDH1A3  STRA6"
0.0245305575972257,21,1604,1.92721518987342,"GO:0048699 Generation of neurons ","https://amigo.geneontology.org/amigo/term/GO:0048699"," NTN4  APOE  RND1  L1CAM  PPP2R5B  EDN1  BAX  NOVA2  ID3  SOX9  C3  EDN2  LIF  BTG2  KLK6  TSKU  GAS6  NANOS1  DTX1  S100A9  DDIT4"
0.0245305575972257,2,12,24.5337552742616,"GO:0060707 Trophoblast giant cell differentiation ","https://amigo.geneontology.org/amigo/term/GO:0060707"," SNAI1  LIF"
0.0245305575972257,2,12,24.5337552742616,"GO:0060900 Embryonic camera-type eye formation ","https://amigo.geneontology.org/amigo/term/GO:0060900"," ALDH1A3  STRA6"
0.0245305575972257,2,12,24.5337552742616,"GO:0061046 Regulation of branching involved in lung morphogenesis ","https://amigo.geneontology.org/amigo/term/GO:0061046"," TNF  SOX9"
0.0245305575972257,2,12,24.5337552742616,"GO:0070099 Regulation of chemokine-mediated signaling pathway ","https://amigo.geneontology.org/amigo/term/GO:0070099"," EDN1  CCL5"
0.0248648341006015,4,87,6.76793248945148,"GO:0042982 Amyloid precursor protein metabolic process ","https://amigo.geneontology.org/amigo/term/GO:0042982"," APOE  TNF  KLK6  ACHE"
0.0248648341006015,9,434,3.05258706177449,"GO:0150063 Visual system development ","https://amigo.geneontology.org/amigo/term/GO:0150063"," MAF  ACHE  BAX  SOX9  C3  CYP1A1  TSKU  ALDH1A3  STRA6"
0.0249099697347211,6,207,4.26674004769767,"GO:0000302 Response to reactive oxygen species ","https://amigo.geneontology.org/amigo/term/GO:0000302"," EDN1  KLF2  SESN2  FOSL1  HMOX1  APOE"
0.0249099697347211,5,143,5.14694166592901,"GO:0045834 Positive regulation of lipid metabolic process ","https://amigo.geneontology.org/amigo/term/GO:0045834"," APOE  TNF  GDF15  SLC45A3  SPATA18"
0.0249099697347211,5,143,5.14694166592901,"GO:0097237 Cellular response to toxic substance ","https://amigo.geneontology.org/amigo/term/GO:0097237"," SESN2  APOE  S100A9  GPX2  TNF"
0.0252331105654544,8,355,3.31724014975932,"GO:0071214 Cellular response to abiotic stimulus ","https://amigo.geneontology.org/amigo/term/GO:0071214"," TNF  BAX  RELB  BBC3  CDKN1A  SOX9  BDKRB2  GADD45A"
0.0252331105654544,8,355,3.31724014975932,"GO:0104004 Cellular response to environmental stimulus ","https://amigo.geneontology.org/amigo/term/GO:0104004"," TNF  BAX  RELB  BBC3  CDKN1A  SOX9  BDKRB2  GADD45A"
0.0255691589148744,4,88,6.69102416570771,"GO:0051591 Response to camp ","https://amigo.geneontology.org/amigo/term/GO:0051591"," FOSB  FOSL1  SLC5A5  VGF"
0.0256241953283789,10,522,2.81997187060478,"GO:0006935 Chemotaxis ","https://amigo.geneontology.org/amigo/term/GO:0006935"," CCL22  S100A9  CCL5  EDN2  GAS6  CSF1  EDN1  NOVA2  FOSL1  L1CAM"
0.0256241953283789,12,701,2.51987215370447,"GO:1901699 Cellular response to nitrogen compound ","https://amigo.geneontology.org/amigo/term/GO:1901699"," SESN2  ICAM1  SLC5A5  IFIT1  TGM2  EDN1  ACHE  SOX9  KLF2  GDF15  ADCY5  TNF"
0.0258217689452289,9,438,3.02470955436102,"GO:0006979 Response to oxidative stress ","https://amigo.geneontology.org/amigo/term/GO:0006979"," HMOX1  EDN1  DHRS2  EPAS1  KLF2  APOE  SESN2  FOSL1  GPX2"
0.0258217689452289,8,357,3.29865617132929,"GO:0009914 Hormone transport ","https://amigo.geneontology.org/amigo/term/GO:0009914"," SSTR5  EDN1  LIF  TNF  CCL5  VGF  SELENOM  ADCY5"
0.0259779559004955,5,145,5.07594936708861,"GO:0048565 Digestive tract development ","https://amigo.geneontology.org/amigo/term/GO:0048565"," CDKN1A  SOX9  CYP1A1  TNF  STRA6"
0.0260983670212609,10,524,2.80920861919026,"GO:0042330 Taxis ","https://amigo.geneontology.org/amigo/term/GO:0042330"," CCL22  S100A9  CCL5  EDN2  GAS6  CSF1  EDN1  NOVA2  FOSL1  L1CAM"
0.0262267711913416,4,89,6.615844118902,"GO:0042310 Vasoconstriction ","https://amigo.geneontology.org/amigo/term/GO:0042310"," EDN1  EDN2  BDKRB2  ACTA2"
0.0264780468907102,8,359,3.28027925672579,"GO:0030198 Extracellular matrix organization ","https://amigo.geneontology.org/amigo/term/GO:0030198"," NTN4  TGFBI  LOXL2  ADAMTS7  SOX9  GAS6  LAMB3  TNF"
0.0268687992871995,8,360,3.27116736990155,"GO:0043062 Extracellular structure organization ","https://amigo.geneontology.org/amigo/term/GO:0043062"," NTN4  TGFBI  LOXL2  ADAMTS7  SOX9  GAS6  LAMB3  TNF"
0.0269513585741612,4,90,6.54233473980309,"GO:0006970 Response to osmotic stress ","https://amigo.geneontology.org/amigo/term/GO:0006970"," BAX  RELB  BDKRB2  TNF"
0.0269513585741612,44,4363,1.48450868494271,"GO:0019219 Regulation of nucleobase-containing compound metabolic process ","https://amigo.geneontology.org/amigo/term/GO:0019219"," HES2  APOBEC3H  ZNF423  RELB  NOVA2  FHL2  EPAS1  ID3  SNAI1  SOX9  FOSB  KLF2  ATF3  ATOH8  DDIT3  FOSL1  MAF  H1-2  TNF  ZNF488  EDN1  OAS1  LIF  LOXL2  LMO2  BTG2  IER5  GAS6  NANOS1  TRIM16  PPP2R5B  LMCD1  RASD1  CDKN1A  DTX1  DDIT4  NUPR1  PARP10  BAX  GADD45A  APOE  IRAK2  HMOX1  S100A9"
0.0269513585741612,3,44,10.0365362485616,"GO:0097242 Amyloid-beta clearance ","https://amigo.geneontology.org/amigo/term/GO:0097242"," APOE  C3  TNF"
0.0269513585741612,4,90,6.54233473980309,"GO:1902893 Regulation of mirna transcription ","https://amigo.geneontology.org/amigo/term/GO:1902893"," SOX9  FOSL1  TNF  ATOH8"
0.0270155250501472,5,147,5.00688883148196,"GO:0043281 Regulation of cysteine-type endopeptidase activity involved in apoptotic process ","https://amigo.geneontology.org/amigo/term/GO:0043281"," BBC3  S100A9  GAS6  RPS27L  TNF"
0.0270921698314557,2,13,22.6465433300876,"GO:0044406 Adhesion of symbiont to host ","https://amigo.geneontology.org/amigo/term/GO:0044406"," ICAM1  GAS6"
0.0270921698314557,8,362,3.25309462200154,"GO:0045229 External encapsulating structure organization ","https://amigo.geneontology.org/amigo/term/GO:0045229"," NTN4  TGFBI  LOXL2  ADAMTS7  SOX9  GAS6  LAMB3  TNF"
0.0270921698314557,2,13,22.6465433300876,"GO:0060556 Regulation of vitamin d biosynthetic process ","https://amigo.geneontology.org/amigo/term/GO:0060556"," SNAI1  TNF"
0.0270921698314557,2,13,22.6465433300876,"GO:0070828 Heterochromatin organization ","https://amigo.geneontology.org/amigo/term/GO:0070828"," SNAI1  LOXL2"
0.0270921698314557,2,13,22.6465433300876,"GO:1904321 Response to forskolin ","https://amigo.geneontology.org/amigo/term/GO:1904321"," SLC5A5  ADCY5"
0.0270921698314557,2,13,22.6465433300876,"GO:1904322 Cellular response to forskolin ","https://amigo.geneontology.org/amigo/term/GO:1904322"," SLC5A5  ADCY5"
0.0270921698314557,2,13,22.6465433300876,"GO:1905939 Regulation of gonad development ","https://amigo.geneontology.org/amigo/term/GO:1905939"," SOX9  NUPR1"
0.0275112261446194,4,91,6.47044095145361,"GO:0061614 Mirna transcription ","https://amigo.geneontology.org/amigo/term/GO:0061614"," SOX9  FOSL1  TNF  ATOH8"
0.0279372103382532,3,45,9.81350210970464,"GO:0001937 Negative regulation of endothelial cell proliferation ","https://amigo.geneontology.org/amigo/term/GO:0001937"," APOE  TNF  ATOH8"
0.0279372103382532,3,45,9.81350210970464,"GO:0070884 Regulation of calcineurin-nfat signaling cascade ","https://amigo.geneontology.org/amigo/term/GO:0070884"," FHL2  TNF  LMCD1"
0.0279372103382532,3,45,9.81350210970464,"GO:1905898 Positive regulation of response to endoplasmic reticulum stress ","https://amigo.geneontology.org/amigo/term/GO:1905898"," DDIT3  BAX  BBC3"
0.0281391106153293,9,447,2.96380936199133,"GO:0048880 Sensory system development ","https://amigo.geneontology.org/amigo/term/GO:0048880"," MAF  ACHE  BAX  SOX9  C3  CYP1A1  TSKU  ALDH1A3  STRA6"
0.0284019758655796,12,715,2.47053199964592,"GO:0071363 Cellular response to growth factor stimulus ","https://amigo.geneontology.org/amigo/term/GO:0071363"," FGF22  SOX9  GDF15  ADAMTS7  PPP2R5B  EDN1  ZNF423  ACTA2  CHST11  GAS6  CCL5  DDIT4"
0.028449278233973,10,534,2.75660171620917,"GO:0023061 Signal release ","https://amigo.geneontology.org/amigo/term/GO:0023061"," SSTR5  EDN1  LIF  TGM2  TNF  CCL5  VGF  BEST1  SELENOM  ADCY5"
0.028449278233973,8,366,3.217541675313,"GO:0042886 Amide transport ","https://amigo.geneontology.org/amigo/term/GO:0042886"," UPK3A  SSTR5  EDN1  TNF  CCL5  VGF  AQP3  ADCY5"
0.0289441425019669,11,625,2.59076455696203,"GO:0003013 Circulatory system process ","https://amigo.geneontology.org/amigo/term/GO:0003013"," EDN1  EDN2  BDKRB2  APOE  ACTA2  EPAS1  GAS6  TNF  KLF2  SLC5A5  ABCC3"
0.0290943180259276,6,217,4.07011608236598,"GO:0001763 Morphogenesis of a branching structure ","https://amigo.geneontology.org/amigo/term/GO:0001763"," TNF  NTN4  EDN1  SOX9  CSF1  TGM2"
0.0291282058118736,3,46,9.60016510731976,"GO:0001974 Blood vessel remodeling ","https://amigo.geneontology.org/amigo/term/GO:0001974"," BAX  EPAS1  LIF"
0.0291282058118736,3,46,9.60016510731976,"GO:0060428 Lung epithelium development ","https://amigo.geneontology.org/amigo/term/GO:0060428"," SOX9  KLF2  STRA6"
0.0291282058118736,3,46,9.60016510731976,"GO:0106056 Regulation of calcineurin-mediated signaling ","https://amigo.geneontology.org/amigo/term/GO:0106056"," FHL2  TNF  LMCD1"
0.0291282058118736,3,46,9.60016510731976,"GO:1902041 Regulation of extrinsic apoptotic signaling pathway via death domain receptors ","https://amigo.geneontology.org/amigo/term/GO:1902041"," ICAM1  HMOX1  ATF3"
0.0293545166460406,26,2204,1.736508994004,"GO:0045935 Positive regulation of nucleobase-containing compound metabolic process ","https://amigo.geneontology.org/amigo/term/GO:0045935"," RELB  ATOH8  TNF  EDN1  ZNF423  EPAS1  SOX9  KLF2  LIF  LMO2  BTG2  ATF3  IER5  DDIT3  FOSL1  NANOS1  TRIM16  PPP2R5B  SNAI1  FOSB  DTX1  NUPR1  MAF  BAX  APOE  CDKN1A"
0.0299240325766617,11,629,2.57428910667928,"GO:0009611 Response to wounding ","https://amigo.geneontology.org/amigo/term/GO:0009611"," APOE  TNF  BAX  CDKN1A  DDIT3  FOSL1  TSKU  GAS6  HMOX1  KLK6  EDN1"
0.0302936983116691,8,371,3.17417857995837,"GO:0046942 Carboxylic acid transport ","https://amigo.geneontology.org/amigo/term/GO:0046942"," FABP6  APOE  BDKRB2  EDN1  BEST1  TNF  ABCC3  AKR1C1"
0.0303134344859502,2,14,21.0289330922242,"GO:1900103 Positive regulation of endoplasmic reticulum unfolded protein response ","https://amigo.geneontology.org/amigo/term/GO:1900103"," BAX  BBC3"
0.0305358913566783,3,47,9.39590627524912,"GO:0002920 Regulation of humoral immune response ","https://amigo.geneontology.org/amigo/term/GO:0002920"," C3  SPNS2  TNF"
0.0305358913566783,8,372,3.16564584184021,"GO:0015849 Organic acid transport ","https://amigo.geneontology.org/amigo/term/GO:0015849"," FABP6  APOE  BDKRB2  EDN1  BEST1  TNF  ABCC3  AKR1C1"
0.0305358913566783,3,47,9.39590627524912,"GO:0043537 Negative regulation of blood vessel endothelial cell migration ","https://amigo.geneontology.org/amigo/term/GO:0043537"," APOE  TNF  GADD45A"
0.0309710085338508,24,1987,1.7779872971785,"GO:0051254 Positive regulation of rna metabolic process ","https://amigo.geneontology.org/amigo/term/GO:0051254"," RELB  ATOH8  TNF  EDN1  ZNF423  EPAS1  SOX9  KLF2  LIF  LMO2  BTG2  ATF3  IER5  DDIT3  FOSL1  NANOS1  TRIM16  PPP2R5B  SNAI1  FOSB  DTX1  NUPR1  MAF  APOE"
0.0322007587344099,3,48,9.2001582278481,"GO:0048713 Regulation of oligodendrocyte differentiation ","https://amigo.geneontology.org/amigo/term/GO:0048713"," DUSP15  SLC45A3  ZNF488"
0.0322007587344099,3,48,9.2001582278481,"GO:0140467 Integrated stress response signaling ","https://amigo.geneontology.org/amigo/term/GO:0140467"," DDIT3  FOSL1  MAF"
0.0322858426516543,8,376,3.13196875841637,"GO:0043010 Camera-type eye development ","https://amigo.geneontology.org/amigo/term/GO:0043010"," MAF  ACHE  BAX  SOX9  CYP1A1  TSKU  ALDH1A3  STRA6"
0.0324147013559741,5,156,4.71802986043492,"GO:0034728 Nucleosome organization ","https://amigo.geneontology.org/amigo/term/GO:0034728"," H4C5  SOX9  H3C4  H1-2  H2BC17"
0.0324147013559741,5,156,4.71802986043492,"GO:0055123 Digestive system development ","https://amigo.geneontology.org/amigo/term/GO:0055123"," CDKN1A  SOX9  CYP1A1  TNF  STRA6"
0.0325088141192567,4,97,6.07020749053895,"GO:0003073 Regulation of systemic arterial blood pressure ","https://amigo.geneontology.org/amigo/term/GO:0003073"," EDN1  EDN2  GAS6  TNF"
0.0325088141192567,4,97,6.07020749053895,"GO:0010631 Epithelial cell migration ","https://amigo.geneontology.org/amigo/term/GO:0010631"," NANOS1  SNAI1  SOX9  KRT16"
0.0325088141192567,4,97,6.07020749053895,"GO:0021954 Central nervous system neuron development ","https://amigo.geneontology.org/amigo/term/GO:0021954"," NOVA2  BTG2  TSKU  NANOS1"
0.0325088141192567,8,377,3.1236611489776,"GO:0050678 Regulation of epithelial cell proliferation ","https://amigo.geneontology.org/amigo/term/GO:0050678"," APOE  TNF  BAX  SOX9  NUPR1  CCL5  HMOX1  ATOH8"
0.0326702907023433,41,4046,1.49167172453494,"GO:0051252 Regulation of rna metabolic process ","https://amigo.geneontology.org/amigo/term/GO:0051252"," HES2  APOBEC3H  ZNF423  RELB  NOVA2  FHL2  EPAS1  ID3  SNAI1  SOX9  FOSB  KLF2  ATF3  ATOH8  DDIT3  FOSL1  MAF  TNF  ZNF488  EDN1  OAS1  LIF  LOXL2  LMO2  BTG2  IER5  GAS6  NANOS1  TRIM16  PPP2R5B  LMCD1  RASD1  DTX1  NUPR1  PARP10  H1-2  GADD45A  APOE  IRAK2  HMOX1  S100A9"
0.0329063047135853,5,157,4.68797871482706,"GO:2000377 Regulation of reactive oxygen species metabolic process ","https://amigo.geneontology.org/amigo/term/GO:2000377"," AKR1C1  AKR1C3  TNF  CDKN1A  GADD45A"
0.0333926604539525,3,49,9.01239989666753,"GO:0043457 Regulation of cellular respiration ","https://amigo.geneontology.org/amigo/term/GO:0043457"," OAS1  TNF  NUPR1"
0.0333926604539525,3,49,9.01239989666753,"GO:0048246 Macrophage chemotaxis ","https://amigo.geneontology.org/amigo/term/GO:0048246"," EDN2  CSF1  CCL5"
0.0334031353318683,2,15,19.6270042194093,"GO:0003413 Chondrocyte differentiation involved in endochondral bone morphogenesis ","https://amigo.geneontology.org/amigo/term/GO:0003413"," SOX9  TSKU"
0.0334031353318683,2,15,19.6270042194093,"GO:0048070 Regulation of developmental pigmentation ","https://amigo.geneontology.org/amigo/term/GO:0048070"," BAX  SPNS2"
0.0334031353318683,5,158,4.65830796346739,"GO:0050921 Positive regulation of chemotaxis ","https://amigo.geneontology.org/amigo/term/GO:0050921"," EDN2  GAS6  CSF1  CCL5  EDN1"
0.0334031353318683,2,15,19.6270042194093,"GO:1901857 Positive regulation of cellular respiration ","https://amigo.geneontology.org/amigo/term/GO:1901857"," OAS1  NUPR1"
0.0340788925523545,6,227,3.89081581442034,"GO:0050920 Regulation of chemotaxis ","https://amigo.geneontology.org/amigo/term/GO:0050920"," EDN2  GAS6  CSF1  CCL5  EDN1  NOVA2"
0.0342728971266448,4,99,5.94757703618463,"GO:0042542 Response to hydrogen peroxide ","https://amigo.geneontology.org/amigo/term/GO:0042542"," EDN1  KLF2  FOSL1  HMOX1"
0.0348010116100345,3,50,8.83215189873418,"GO:0120163 Negative regulation of cold-induced thermogenesis ","https://amigo.geneontology.org/amigo/term/GO:0120163"," ZNF423  NOVA2  DDIT3"
0.0348010116100345,3,50,8.83215189873418,"GO:1905314 Semi-lunar valve development ","https://amigo.geneontology.org/amigo/term/GO:1905314"," SOX9  STRA6  SNAI1"
0.0351732355345741,4,100,5.88810126582278,"GO:0033273 Response to vitamin ","https://amigo.geneontology.org/amigo/term/GO:0033273"," CYP24A1  GAS6  CYP1A1  AQP3"
0.0351732355345741,4,100,5.88810126582278,"GO:0042632 Cholesterol homeostasis ","https://amigo.geneontology.org/amigo/term/GO:0042632"," APOE  TSKU  MALL  AKR1C1"
0.0351732355345741,4,100,5.88810126582278,"GO:0090132 Epithelium migration ","https://amigo.geneontology.org/amigo/term/GO:0090132"," NANOS1  SNAI1  SOX9  KRT16"
0.0355965367565712,5,161,4.57150719396179,"GO:0001935 Endothelial cell proliferation ","https://amigo.geneontology.org/amigo/term/GO:0001935"," APOE  TNF  HMOX1  LOXL2  ATOH8"
0.0361547281682399,17,1250,2.00195443037975,"GO:0010629 Negative regulation of gene expression ","https://amigo.geneontology.org/amigo/term/GO:0010629"," PARP10  NANOS1  BTG2  GAS6  TNF  EDN1  ID3  CDKN1A  SOX9  KLF2  APOE  SESN2  TSKU  OAS1  RELB  ATOH8  DDIT3"
0.0361547281682399,4,101,5.82980323348791,"GO:0048661 Positive regulation of smooth muscle cell proliferation ","https://amigo.geneontology.org/amigo/term/GO:0048661"," EDN1  HMOX1  TNF  CCL5"
0.0361547281682399,4,101,5.82980323348791,"GO:0055092 Sterol homeostasis ","https://amigo.geneontology.org/amigo/term/GO:0055092"," APOE  TSKU  MALL  AKR1C1"
0.036163178434199,3,51,8.65897244973939,"GO:0035850 Epithelial cell differentiation involved in kidney development ","https://amigo.geneontology.org/amigo/term/GO:0035850"," LIF  EDN1  ACTA2"
0.036163178434199,3,51,8.65897244973939,"GO:0042551 Neuron maturation ","https://amigo.geneontology.org/amigo/term/GO:0042551"," RND1  NTN4  C3"
0.0366348939800563,6,232,3.80696202531646,"GO:0002064 Epithelial cell development ","https://amigo.geneontology.org/amigo/term/GO:0002064"," TNF  EPAS1  CDKN1A  SOX9  ACTA2  ICAM1"
0.0366348939800563,2,16,18.4003164556962,"GO:0006978 Dna damage response signal transduction by p53 class mediator resulting in transcription of p21 class mediator ","https://amigo.geneontology.org/amigo/term/GO:0006978"," RPS27L  CDKN1A"
0.0366348939800563,6,232,3.80696202531646,"GO:0007601 Visual perception ","https://amigo.geneontology.org/amigo/term/GO:0007601"," TIMP3  EPAS1  TGFBI  BEST1  RGS16  DHRS3"
0.0366348939800563,2,16,18.4003164556962,"GO:0014029 Neural crest formation ","https://amigo.geneontology.org/amigo/term/GO:0014029"," EDN1  SOX9"
0.0366348939800563,2,16,18.4003164556962,"GO:0042368 Vitamin d biosynthetic process ","https://amigo.geneontology.org/amigo/term/GO:0042368"," SNAI1  TNF"
0.0366348939800563,2,16,18.4003164556962,"GO:1903894 Regulation of ire1-mediated unfolded protein response ","https://amigo.geneontology.org/amigo/term/GO:1903894"," BAX  BBC3"
0.0367325980181349,4,102,5.77264829982626,"GO:0048708 Astrocyte differentiation ","https://amigo.geneontology.org/amigo/term/GO:0048708"," S100A9  SOX9  LIF  TNF"
0.0367325980181349,4,102,5.77264829982626,"GO:1905897 Regulation of response to endoplasmic reticulum stress ","https://amigo.geneontology.org/amigo/term/GO:1905897"," DDIT3  BAX  NUPR1  BBC3"
0.0371082207635147,6,233,3.79062313250394,"GO:0042180 Cellular ketone metabolic process ","https://amigo.geneontology.org/amigo/term/GO:0042180"," AKR1C1  AKR1C3  SOX9  GDF15  CYP1A1  SLC45A3"
0.0374744673107722,3,52,8.49245374878286,"GO:0006636 Unsaturated fatty acid biosynthetic process ","https://amigo.geneontology.org/amigo/term/GO:0006636"," EDN1  EDN2  AKR1C3"
0.0377347491769078,6,234,3.77442388834794,"GO:0019318 Hexose metabolic process ","https://amigo.geneontology.org/amigo/term/GO:0019318"," SESN2  IGFBP3  SLC45A3  ATF3  TNF  OAS1"
0.0377350619865487,4,103,5.71660317070173,"GO:2000628 Regulation of mirna metabolic process ","https://amigo.geneontology.org/amigo/term/GO:2000628"," SOX9  FOSL1  TNF  ATOH8"
0.0383681187607197,6,235,3.75836251009965,"GO:0050953 Sensory perception of light stimulus ","https://amigo.geneontology.org/amigo/term/GO:0050953"," TIMP3  EPAS1  TGFBI  BEST1  RGS16  DHRS3"
0.0387307535639942,8,393,2.99648919380294,"GO:0051090 Regulation of dna-binding transcription factor activity ","https://amigo.geneontology.org/amigo/term/GO:0051090"," EDN1  ID3  TNF  IRAK2  DDIT3  NUPR1  PARP10  S100A9"
0.0387728003825806,7,312,3.30262090230445,"GO:0002221 Pattern recognition receptor signaling pathway ","https://amigo.geneontology.org/amigo/term/GO:0002221"," IRAK2  OASL  FOSL1  TNF  OAS1  RFTN1  S100A9"
0.0387728003825806,4,104,5.66163583252191,"GO:0043280 Positive regulation of cysteine-type endopeptidase activity involved in apoptotic process ","https://amigo.geneontology.org/amigo/term/GO:0043280"," BBC3  S100A9  RPS27L  TNF"
0.0388718568632172,3,53,8.33221877239073,"GO:0033173 Calcineurin-nfat signaling cascade ","https://amigo.geneontology.org/amigo/term/GO:0033173"," FHL2  TNF  LMCD1"
0.0388718568632172,14,954,2.16020486691612,"GO:0045597 Positive regulation of cell differentiation ","https://amigo.geneontology.org/amigo/term/GO:0045597"," SOX9  CSF1  EDN1  LIF  IGFBP3  ATOH8  GAS6  TGM2  TRIM16  TNF  SNAI1  LOXL2  ZNF488  L1CAM"
0.0388718568632172,3,53,8.33221877239073,"GO:0045668 Negative regulation of osteoblast differentiation ","https://amigo.geneontology.org/amigo/term/GO:0045668"," ID3  SOX9  TNF"
0.0388718568632172,3,53,8.33221877239073,"GO:0071622 Regulation of granulocyte chemotaxis ","https://amigo.geneontology.org/amigo/term/GO:0071622"," CSF1  CCL5  EDN1"
0.0395250874146934,15,1058,2.08699241463473,"GO:0046903 Secretion ","https://amigo.geneontology.org/amigo/term/GO:0046903"," SSTR5  EDN1  LIF  BDKRB2  TGM2  TNF  CCL5  CA9  VGF  BEST1  CAVIN1  SELENOM  APOE  ADCY5  ACHE"
0.0395477877617052,6,238,3.71098819274545,"GO:0001667 Ameboidal-type cell migration ","https://amigo.geneontology.org/amigo/term/GO:0001667"," NANOS1  EDN1  ACTA2  SNAI1  SOX9  KRT16"
0.0395477877617052,4,105,5.60771549125979,"GO:0002027 Regulation of heart rate ","https://amigo.geneontology.org/amigo/term/GO:0002027"," EDN1  EDN2  EPAS1  TNF"
0.0395477877617052,2,17,17.3179448994788,"GO:0036005 Response to macrophage colony-stimulating factor ","https://amigo.geneontology.org/amigo/term/GO:0036005"," CSF1  TNF"
0.0395477877617052,2,17,17.3179448994788,"GO:0042772 Dna damage response signal transduction resulting in transcription ","https://amigo.geneontology.org/amigo/term/GO:0042772"," RPS27L  CDKN1A"
0.0395477877617052,2,17,17.3179448994788,"GO:0043584 Nose development ","https://amigo.geneontology.org/amigo/term/GO:0043584"," ALDH1A3  STRA6"
0.0395477877617052,2,17,17.3179448994788,"GO:0045651 Positive regulation of macrophage differentiation ","https://amigo.geneontology.org/amigo/term/GO:0045651"," CSF1  LIF"
0.0395477877617052,2,17,17.3179448994788,"GO:0070234 Positive regulation of t cell apoptotic process ","https://amigo.geneontology.org/amigo/term/GO:0070234"," CCL5  BBC3"
0.0395477877617052,2,17,17.3179448994788,"GO:0120305 Regulation of pigmentation ","https://amigo.geneontology.org/amigo/term/GO:0120305"," BAX  SPNS2"
0.0395477877617052,4,105,5.60771549125979,"GO:2000106 Regulation of leukocyte apoptotic process ","https://amigo.geneontology.org/amigo/term/GO:2000106"," GAS6  CCL5  BAX  BBC3"
0.0398667270663882,12,761,2.32119629401687,"GO:0055082 Intracellular chemical homeostasis ","https://amigo.geneontology.org/amigo/term/GO:0055082"," EDN1  EDN2  HMOX1  CCL5  BAX  ICAM1  APOE  DDIT3  GAS6  TGM2  ADCY5  S100A9"
0.0400016389589567,3,54,8.17791842475387,"GO:0034198 Cellular response to amino acid starvation ","https://amigo.geneontology.org/amigo/term/GO:0034198"," SESN2  CDKN1A  ATF3"
0.0400821961426005,18,1380,1.92003302146395,"GO:0002684 Positive regulation of immune system process ","https://amigo.geneontology.org/amigo/term/GO:0002684"," C3  CSF1  BAX  EDN2  LIF  IRAK2  OASL  AQP3  GAS6  TNF  CCL5  EDN1  CDKN1A  RFTN1  FOSL1  OAS1  ICAM1  S100A9"
0.0400821961426005,15,1063,2.07717589339938,"GO:0008284 Positive regulation of cell population proliferation ","https://amigo.geneontology.org/amigo/term/GO:0008284"," FGF22  LIF  EDN1  HMOX1  SOX9  EDN2  GAS6  CSF1  AKR1C3  TNF  CCL5  CDKN1A  ATF3  LAMC2  FOSL1"
0.0400821961426005,17,1273,1.96578400469339,"GO:0032101 Regulation of response to external stimulus ","https://amigo.geneontology.org/amigo/term/GO:0032101"," APOE  EDN2  IRAK2  OASL  S100A9  GAS6  CSF1  TNF  CCL5  EDN1  NOVA2  C3  FOSL1  NUPR1  OAS1  RFTN1  MGLL"
0.0400821961426005,4,106,5.55481251492716,"GO:0043535 Regulation of blood vessel endothelial cell migration ","https://amigo.geneontology.org/amigo/term/GO:0043535"," APOE  TNF  GADD45A  HMOX1"
0.0400821961426005,7,316,3.26081557442718,"GO:0045765 Regulation of angiogenesis ","https://amigo.geneontology.org/amigo/term/GO:0045765"," HMOX1  TGM2  TNF  GADD45A  C3  KLF2  ANGPTL4"
0.0400821961426005,4,106,5.55481251492716,"GO:0060840 Artery development ","https://amigo.geneontology.org/amigo/term/GO:0060840"," EDN1  APOE  DDIT3  STRA6"
0.0403715719930514,10,575,2.5600440286186,"GO:0044057 Regulation of system process ","https://amigo.geneontology.org/amigo/term/GO:0044057"," BDKRB2  EDN1  EDN2  APOE  LMCD1  EPAS1  GAS6  TNF  ZNF488  MGLL"
0.0409275083324497,4,107,5.50289837927363,"GO:0006939 Smooth muscle contraction ","https://amigo.geneontology.org/amigo/term/GO:0006939"," EDN1  EDN2  BDKRB2  ACTA2"
0.0409275083324497,4,107,5.50289837927363,"GO:0098869 Cellular oxidant detoxification ","https://amigo.geneontology.org/amigo/term/GO:0098869"," SESN2  APOE  S100A9  GPX2"
0.0412859408205009,3,55,8.02922899884925,"GO:0006509 Membrane protein ectodomain proteolysis ","https://amigo.geneontology.org/amigo/term/GO:0006509"," TIMP3  APOE  TNF"
0.0412859408205009,3,55,8.02922899884925,"GO:0097720 Calcineurin-mediated signaling ","https://amigo.geneontology.org/amigo/term/GO:0097720"," FHL2  TNF  LMCD1"
0.0416262473354033,22,1830,1.76964792142215,"GO:0045893 Positive regulation of dna-templated transcription ","https://amigo.geneontology.org/amigo/term/GO:0045893"," RELB  ATOH8  TNF  EDN1  ZNF423  EPAS1  SOX9  KLF2  LIF  LMO2  ATF3  IER5  DDIT3  FOSL1  TRIM16  PPP2R5B  SNAI1  FOSB  DTX1  NUPR1  MAF  APOE"
0.0416369288880782,14,967,2.13116385009098,"GO:0019752 Carboxylic acid metabolic process ","https://amigo.geneontology.org/amigo/term/GO:0019752"," AKR1C1  AKR1C3  EDN1  EDN2  CYP1A1  ALDH1A3  MGLL  SOX9  C3  GDF15  SESN2  SLC45A3  DDIT4  NUPR1"
0.0416369288880782,6,242,3.64964954493148,"GO:0043583 Ear development ","https://amigo.geneontology.org/amigo/term/GO:0043583"," EDN1  SOX9  MAF  TSKU  ALDH1A3  STRA6"
0.0418376320208079,4,108,5.45194561650258,"GO:0034620 Cellular response to unfolded protein ","https://amigo.geneontology.org/amigo/term/GO:0034620"," ATF3  DDIT3  BAX  BBC3"
0.0421056446069429,20,1609,1.82973936166028,"GO:0080134 Regulation of response to stress ","https://amigo.geneontology.org/amigo/term/GO:0080134"," APOE  DDIT3  IRAK2  OASL  S100A9  TNF  C3  SESN2  BDKRB2  FOSL1  NUPR1  BAX  OAS1  SNAI1  RFTN1  IER5  MGLL  EDN1  BBC3  CCL5"
0.0421056446069429,22,1833,1.7667516073118,"GO:1902680 Positive regulation of rna biosynthetic process ","https://amigo.geneontology.org/amigo/term/GO:1902680"," RELB  ATOH8  TNF  EDN1  ZNF423  EPAS1  SOX9  KLF2  LIF  LMO2  ATF3  IER5  DDIT3  FOSL1  TRIM16  PPP2R5B  SNAI1  FOSB  DTX1  NUPR1  MAF  APOE"
0.0422914935228153,2,18,16.3558368495077,"GO:0007567 Parturition ","https://amigo.geneontology.org/amigo/term/GO:0007567"," EDN1  CYP1A1"
0.0422914935228153,8,404,2.91490161674395,"GO:0009306 Protein secretion ","https://amigo.geneontology.org/amigo/term/GO:0009306"," SSTR5  TNF  CCL5  VGF  CAVIN1  APOE  ADCY5  ACHE"
0.0422914935228153,3,56,7.88584990958409,"GO:0032715 Negative regulation of interleukin-6 production ","https://amigo.geneontology.org/amigo/term/GO:0032715"," GAS6  TNF  KLF2"
0.0422914935228153,3,56,7.88584990958409,"GO:0042531 Positive regulation of tyrosine phosphorylation of stat protein ","https://amigo.geneontology.org/amigo/term/GO:0042531"," LIF  CCL5  TNF"
0.0422914935228153,3,56,7.88584990958409,"GO:0048146 Positive regulation of fibroblast proliferation ","https://amigo.geneontology.org/amigo/term/GO:0048146"," GAS6  LIF  CDKN1A"
0.0422914935228153,3,56,7.88584990958409,"GO:0048286 Lung alveolus development ","https://amigo.geneontology.org/amigo/term/GO:0048286"," EDN2  LIF  STRA6"
0.0422914935228153,2,18,16.3558368495077,"GO:0071371 Cellular response to gonadotropin stimulus ","https://amigo.geneontology.org/amigo/term/GO:0071371"," EDN1  SLC5A5"
0.0422914935228153,3,56,7.88584990958409,"GO:0071385 Cellular response to glucocorticoid stimulus ","https://amigo.geneontology.org/amigo/term/GO:0071385"," SSTR5  EDN1  DDIT4"
0.0422914935228153,2,18,16.3558368495077,"GO:0072077 Renal vesicle morphogenesis ","https://amigo.geneontology.org/amigo/term/GO:0072077"," LIF  SOX9"
0.0423830839225517,7,322,3.20005503577325,"GO:0030336 Negative regulation of cell migration ","https://amigo.geneontology.org/amigo/term/GO:0030336"," APOE  IGFBP3  KRT16  TNF  GADD45A  GDF15  HMOX1"
0.0423830839225517,7,322,3.20005503577325,"GO:1901342 Regulation of vasculature development ","https://amigo.geneontology.org/amigo/term/GO:1901342"," HMOX1  TGM2  TNF  GADD45A  C3  KLF2  ANGPTL4"
0.0426093803613527,5,173,4.25440842906271,"GO:0048592 Eye morphogenesis ","https://amigo.geneontology.org/amigo/term/GO:0048592"," BAX  SOX9  TSKU  ALDH1A3  STRA6"
0.042861488544636,7,323,3.19014774464083,"GO:0006874 Intracellular calcium ion homeostasis ","https://amigo.geneontology.org/amigo/term/GO:0006874"," EDN1  EDN2  CCL5  BAX  APOE  DDIT3  TGM2"
0.042861488544636,7,323,3.19014774464083,"GO:0048608 Reproductive structure development ","https://amigo.geneontology.org/amigo/term/GO:0048608"," SOX9  BAX  C3  VGF  NUPR1  AKR1C3  STRA6"
0.0432267914770401,4,110,5.35281933256617,"GO:0019218 Regulation of steroid metabolic process ","https://amigo.geneontology.org/amigo/term/GO:0019218"," SNAI1  APOE  TNF  AKR1C3"
0.0432267914770401,13,874,2.18951134026591,"GO:0019725 Cellular homeostasis ","https://amigo.geneontology.org/amigo/term/GO:0019725"," EDN1  SLC12A4  EDN2  HMOX1  DDIT3  CCL5  BAX  ICAM1  APOE  GAS6  TGM2  ADCY5  S100A9"
0.0432267914770401,8,407,2.89341585544117,"GO:0035592 Establishment of protein localization to extracellular region ","https://amigo.geneontology.org/amigo/term/GO:0035592"," SSTR5  TNF  CCL5  VGF  CAVIN1  APOE  ADCY5  ACHE"
0.0432267914770401,5,174,4.22995780590717,"GO:0071675 Regulation of mononuclear cell migration ","https://amigo.geneontology.org/amigo/term/GO:0071675"," GAS6  CSF1  CCL5  SPNS2  TNF"
0.0435256545206552,3,57,7.7475016655563,"GO:0051055 Negative regulation of lipid biosynthetic process ","https://amigo.geneontology.org/amigo/term/GO:0051055"," SNAI1  APOE  AKR1C3"
0.0435256545206552,3,57,7.7475016655563,"GO:0140894 Endolysosomal toll-like receptor signaling pathway ","https://amigo.geneontology.org/amigo/term/GO:0140894"," TNF  OAS1  RFTN1"
0.0435256545206552,3,57,7.7475016655563,"GO:1990928 Response to amino acid starvation ","https://amigo.geneontology.org/amigo/term/GO:1990928"," SESN2  CDKN1A  ATF3"
0.044177996842397,4,111,5.30459573497548,"GO:0048709 Oligodendrocyte differentiation ","https://amigo.geneontology.org/amigo/term/GO:0048709"," SOX9  ZNF488  DUSP15  SLC45A3"
0.044384453608931,38,3776,1.48138140956876,"GO:2001141 Regulation of rna biosynthetic process ","https://amigo.geneontology.org/amigo/term/GO:2001141"," HES2  APOBEC3H  ZNF423  RELB  FHL2  EPAS1  ID3  SNAI1  SOX9  FOSB  KLF2  ATF3  ATOH8  DDIT3  FOSL1  MAF  TNF  ZNF488  EDN1  LIF  LOXL2  LMO2  IER5  GAS6  TRIM16  PPP2R5B  LMCD1  RASD1  DTX1  BTG2  NUPR1  PARP10  H1-2  GADD45A  APOE  IRAK2  HMOX1  S100A9"
0.0445492279658237,6,248,3.56135157207023,"GO:0060560 Developmental growth involved in morphogenesis ","https://amigo.geneontology.org/amigo/term/GO:0060560"," EDN1  SOX9  EDN2  CSF1  L1CAM  APOE"
0.0448416724970604,2,19,15.4950033311126,"GO:0002863 Positive regulation of inflammatory response to antigenic stimulus ","https://amigo.geneontology.org/amigo/term/GO:0002863"," C3  TNF"
0.0448416724970604,2,19,15.4950033311126,"GO:0003417 Growth plate cartilage development ","https://amigo.geneontology.org/amigo/term/GO:0003417"," SOX9  TSKU"
0.0448416724970604,2,19,15.4950033311126,"GO:0016137 Glycoside metabolic process ","https://amigo.geneontology.org/amigo/term/GO:0016137"," AKR1C1  AKR1C3"
0.0448416724970604,19,1516,1.84488661033366,"GO:0030182 Neuron differentiation ","https://amigo.geneontology.org/amigo/term/GO:0030182"," NTN4  APOE  RND1  L1CAM  PPP2R5B  EDN1  NOVA2  ID3  SOX9  C3  EDN2  LIF  BTG2  KLK6  TSKU  NANOS1  DTX1  S100A9  DDIT4"
0.0448416724970604,2,19,15.4950033311126,"GO:0030812 Negative regulation of nucleotide catabolic process ","https://amigo.geneontology.org/amigo/term/GO:0030812"," DDIT4  NUPR1"
0.0448416724970604,2,19,15.4950033311126,"GO:0033122 Negative regulation of purine nucleotide catabolic process ","https://amigo.geneontology.org/amigo/term/GO:0033122"," DDIT4  NUPR1"
0.0448416724970604,2,19,15.4950033311126,"GO:0042362 Fat-soluble vitamin biosynthetic process ","https://amigo.geneontology.org/amigo/term/GO:0042362"," SNAI1  TNF"
0.0448416724970604,2,19,15.4950033311126,"GO:0042481 Regulation of odontogenesis ","https://amigo.geneontology.org/amigo/term/GO:0042481"," EDN1  CSF1"
0.0448416724970604,2,19,15.4950033311126,"GO:0045820 Negative regulation of glycolytic process ","https://amigo.geneontology.org/amigo/term/GO:0045820"," DDIT4  NUPR1"
0.0448416724970604,7,327,3.1511245306391,"GO:0061458 Reproductive system development ","https://amigo.geneontology.org/amigo/term/GO:0061458"," SOX9  BAX  C3  VGF  NUPR1  AKR1C3  STRA6"
0.0448416724970604,2,19,15.4950033311126,"GO:0072087 Renal vesicle development ","https://amigo.geneontology.org/amigo/term/GO:0072087"," LIF  SOX9"
0.0448416724970604,3,58,7.61392405063291,"GO:1904035 Regulation of epithelial cell apoptotic process ","https://amigo.geneontology.org/amigo/term/GO:1904035"," BAX  HMOX1  NUPR1"
0.0449002138574605,5,177,4.15826360580705,"GO:0007584 Response to nutrient ","https://amigo.geneontology.org/amigo/term/GO:0007584"," CYP24A1  GAS6  CYP1A1  AKR1C3  AQP3"
0.0454919742791928,8,413,2.85138075826769,"GO:0071692 Protein localization to extracellular region ","https://amigo.geneontology.org/amigo/term/GO:0071692"," SSTR5  TNF  CCL5  VGF  CAVIN1  APOE  ADCY5  ACHE"
0.045800732640124,5,178,4.13490257431375,"GO:0030178 Negative regulation of wnt signaling pathway ","https://amigo.geneontology.org/amigo/term/GO:0030178"," APOE  SOX9  DDIT3  TSKU  AMER2"
0.0463215546060534,16,1197,1.96761947061747,"GO:0009790 Embryo development ","https://amigo.geneontology.org/amigo/term/GO:0009790"," EDN1  BAX  EPAS1  ID3  SNAI1  CDKN1A  SOX9  KLF2  LIF  ATOH8  CHST11  FOSL1  ALDH1A3  LAMB3  TNF  STRA6"
0.0463273836054949,3,59,7.48487449045269,"GO:0072132 Mesenchyme morphogenesis ","https://amigo.geneontology.org/amigo/term/GO:0072132"," SNAI1  SOX9  ACTA2"
0.0465144397086446,7,331,3.11304447588818,"GO:0060070 Canonical wnt signaling pathway ","https://amigo.geneontology.org/amigo/term/GO:0060070"," AMER2  TMEM198  APOE  EDN1  SOX9  DDIT3  SNAI1"
0.0465673076916275,14,989,2.08375676748026,"GO:0043436 Oxoacid metabolic process ","https://amigo.geneontology.org/amigo/term/GO:0043436"," AKR1C1  AKR1C3  EDN1  EDN2  CYP1A1  ALDH1A3  MGLL  SOX9  C3  GDF15  SESN2  SLC45A3  DDIT4  NUPR1"
0.0477044567125847,13,890,2.15014933864315,"GO:0022603 Regulation of anatomical structure morphogenesis ","https://amigo.geneontology.org/amigo/term/GO:0022603"," HMOX1  LIF  TGM2  TNF  NTN4  EDN1  GADD45A  SOX9  C3  CSF1  KLF2  L1CAM  ANGPTL4"
0.0481348161802435,6,254,3.47722515698196,"GO:0043523 Regulation of neuron apoptotic process ","https://amigo.geneontology.org/amigo/term/GO:0043523"," DDIT3  BAX  BBC3  BTG2  TNF  NUPR1"
0.0481348161802435,3,60,7.36012658227848,"GO:0061005 Cell differentiation involved in kidney development ","https://amigo.geneontology.org/amigo/term/GO:0061005"," LIF  EDN1  ACTA2"
0.0481815412884332,8,419,2.81054953022567,"GO:0001701 In utero embryonic development ","https://amigo.geneontology.org/amigo/term/GO:0001701"," EDN1  EPAS1  SNAI1  CDKN1A  KLF2  LIF  CHST11  FOSL1"
0.0481815412884332,14,995,2.07119140003817,"GO:0006082 Organic acid metabolic process ","https://amigo.geneontology.org/amigo/term/GO:0006082"," AKR1C1  AKR1C3  EDN1  EDN2  CYP1A1  ALDH1A3  MGLL  SOX9  C3  GDF15  SESN2  SLC45A3  DDIT4  NUPR1"
0.0481815412884332,2,20,14.720253164557,"GO:0010759 Positive regulation of macrophage chemotaxis ","https://amigo.geneontology.org/amigo/term/GO:0010759"," CSF1  CCL5"
0.0481815412884332,2,20,14.720253164557,"GO:0032332 Positive regulation of chondrocyte differentiation ","https://amigo.geneontology.org/amigo/term/GO:0032332"," SOX9  LOXL2"
0.0481815412884332,2,20,14.720253164557,"GO:0033033 Negative regulation of myeloid cell apoptotic process ","https://amigo.geneontology.org/amigo/term/GO:0033033"," GAS6  CCL5"
0.0481815412884332,2,20,14.720253164557,"GO:0035457 Cellular response to interferon-alpha ","https://amigo.geneontology.org/amigo/term/GO:0035457"," OAS1  GAS6"
0.0481815412884332,2,20,14.720253164557,"GO:0043129 Surfactant homeostasis ","https://amigo.geneontology.org/amigo/term/GO:0043129"," EPAS1  OAS1"
0.0481815412884332,16,1205,1.95455643678765,"GO:0051247 Positive regulation of protein metabolic process ","https://amigo.geneontology.org/amigo/term/GO:0051247"," EDN1  BBC3  CDKN1A  C3  LIF  APOE  S100A9  GAS6  CSF1  RPS27L  TNF  CCL5  FGF22  SOX9  NUPR1  KLF2"
0.0482488550992207,6,255,3.46358897989576,"GO:2001234 Negative regulation of apoptotic signaling pathway ","https://amigo.geneontology.org/amigo/term/GO:2001234"," ICAM1  TNF  BAX  BDKRB2  HMOX1  SNAI1"
0.049341411619434,3,61,7.23946876945424,"GO:0019369 Arachidonate metabolic process ","https://amigo.geneontology.org/amigo/term/GO:0019369"," MGLL  CYP1A1  AKR1C3"
0.049341411619434,3,61,7.23946876945424,"GO:0019748 Secondary metabolic process ","https://amigo.geneontology.org/amigo/term/GO:0019748"," AKR1C1  AKR1C3  CYP1A1"
0.049341411619434,3,61,7.23946876945424,"GO:0060688 Regulation of morphogenesis of a branching structure ","https://amigo.geneontology.org/amigo/term/GO:0060688"," TNF  NTN4  SOX9"
0.049341411619434,3,61,7.23946876945424,"GO:0097300 Programmed necrotic cell death ","https://amigo.geneontology.org/amigo/term/GO:0097300"," TNF  BAX  NUPR1"
0.0495940536394486,5,183,4.02192709414125,"GO:0006109 Regulation of carbohydrate metabolic process ","https://amigo.geneontology.org/amigo/term/GO:0006109"," SESN2  IGFBP3  SLC45A3  DDIT4  NUPR1"
0.0506269307904989,5,184,4.00006879471657,"GO:0018105 Peptidyl-serine phosphorylation ","https://amigo.geneontology.org/amigo/term/GO:0018105"," LIF  TNF  BAX  GADD45A  BDKRB2"
0.0506358826193474,6,259,3.41009725819852,"GO:0001933 Negative regulation of protein phosphorylation ","https://amigo.geneontology.org/amigo/term/GO:0001933"," APOE  IGFBP3  BAX  GADD45A  CDKN1A  BDKRB2"
0.0506358826193474,6,259,3.41009725819852,"GO:0005996 Monosaccharide metabolic process ","https://amigo.geneontology.org/amigo/term/GO:0005996"," SESN2  IGFBP3  SLC45A3  ATF3  TNF  OAS1"
0.0506358826193474,10,606,2.42908468061996,"GO:0009896 Positive regulation of catabolic process ","https://amigo.geneontology.org/amigo/term/GO:0009896"," SESN2  PLEKHF1  APOE  BTG2  NANOS1  TNF  HMOX1  SOX9  BAX  NUPR1"
0.0506358826193474,3,62,7.12270314414047,"GO:0035094 Response to nicotine ","https://amigo.geneontology.org/amigo/term/GO:0035094"," HMOX1  TNF  EDN1"
0.0506358826193474,3,62,7.12270314414047,"GO:0043277 Apoptotic cell clearance ","https://amigo.geneontology.org/amigo/term/GO:0043277"," GAS6  TGM2  C3"
0.0506358826193474,3,62,7.12270314414047,"GO:0046456 Icosanoid biosynthetic process ","https://amigo.geneontology.org/amigo/term/GO:0046456"," EDN1  EDN2  AKR1C3"
0.0506358826193474,3,62,7.12270314414047,"GO:0051341 Regulation of oxidoreductase activity ","https://amigo.geneontology.org/amigo/term/GO:0051341"," TNF  EDN1  EDN2"
0.0506358826193474,3,62,7.12270314414047,"GO:0060425 Lung morphogenesis ","https://amigo.geneontology.org/amigo/term/GO:0060425"," TNF  SOX9  LIF"
0.0506358826193474,3,62,7.12270314414047,"GO:1904705 Regulation of vascular associated smooth muscle cell proliferation ","https://amigo.geneontology.org/amigo/term/GO:1904705"," EDN1  TNF  CDKN1A"
0.0506358826193474,7,339,3.03958029946604,"GO:2000146 Negative regulation of cell motility ","https://amigo.geneontology.org/amigo/term/GO:2000146"," APOE  IGFBP3  KRT16  TNF  GADD45A  GDF15  HMOX1"
0.0510658642688272,2,21,14.0192887281495,"GO:0007398 Ectoderm development ","https://amigo.geneontology.org/amigo/term/GO:0007398"," EDA2R  AMER2"
0.0510658642688272,10,608,2.42109427048634,"GO:0010562 Positive regulation of phosphorus metabolic process ","https://amigo.geneontology.org/amigo/term/GO:0010562"," EDN1  CDKN1A  C3  LIF  GAS6  TNF  CCL5  FGF22  SPATA18  CSF1"
0.0510658642688272,2,21,14.0192887281495,"GO:0030540 Female genitalia development ","https://amigo.geneontology.org/amigo/term/GO:0030540"," BAX  STRA6"
0.0510658642688272,10,608,2.42109427048634,"GO:0045937 Positive regulation of phosphate metabolic process ","https://amigo.geneontology.org/amigo/term/GO:0045937"," EDN1  CDKN1A  C3  LIF  GAS6  TNF  CCL5  FGF22  SPATA18  CSF1"
0.0510658642688272,2,21,14.0192887281495,"GO:0055093 Response to hyperoxia ","https://amigo.geneontology.org/amigo/term/GO:0055093"," CDKN1A  CYP1A1"
0.0510658642688272,2,21,14.0192887281495,"GO:0070242 Thymocyte apoptotic process ","https://amigo.geneontology.org/amigo/term/GO:0070242"," BAX  BBC3"
0.0510658642688272,6,260,3.39698149951315,"GO:0097191 Extrinsic apoptotic signaling pathway ","https://amigo.geneontology.org/amigo/term/GO:0097191"," BAX  TNFRSF10C  TNF  ICAM1  HMOX1  ATF3"
0.05113002269753,7,341,3.02175284902929,"GO:0002758 Innate immune response-activating signaling pathway ","https://amigo.geneontology.org/amigo/term/GO:0002758"," IRAK2  OASL  FOSL1  TNF  OAS1  RFTN1  S100A9"
0.05113002269753,4,119,4.94798425699394,"GO:0048675 Axon extension ","https://amigo.geneontology.org/amigo/term/GO:0048675"," EDN1  EDN2  L1CAM  APOE"
0.05113002269753,4,119,4.94798425699394,"GO:0071677 Positive regulation of mononuclear cell migration ","https://amigo.geneontology.org/amigo/term/GO:0071677"," GAS6  CSF1  CCL5  TNF"
0.0512070271011805,5,186,3.95705730230026,"GO:0048771 Tissue remodeling ","https://amigo.geneontology.org/amigo/term/GO:0048771"," SIGLEC15  BAX  EPAS1  LIF  CYP1A1"
0.0518615336978522,3,63,7.00964436407474,"GO:0070228 Regulation of lymphocyte apoptotic process ","https://amigo.geneontology.org/amigo/term/GO:0070228"," CCL5  BAX  BBC3"
0.0518615336978522,3,63,7.00964436407474,"GO:1902895 Positive regulation of mirna transcription ","https://amigo.geneontology.org/amigo/term/GO:1902895"," FOSL1  TNF  ATOH8"
0.052300059406194,4,120,4.90675105485232,"GO:0010586 Mirna metabolic process ","https://amigo.geneontology.org/amigo/term/GO:0010586"," SOX9  FOSL1  TNF  ATOH8"
0.0526097210380768,17,1332,1.87871098947048,"GO:0006468 Protein phosphorylation ","https://amigo.geneontology.org/amigo/term/GO:0006468"," EDN1  CDKN1A  C3  LIF  APOE  SESN2  IGFBP3  GAS6  TNF  CCL5  PPP2R5B  FGF22  BAX  GADD45A  IRAK2  BDKRB2  CSF1"
0.0529996247988353,8,430,2.73865175154548,"GO:0001654 Eye development ","https://amigo.geneontology.org/amigo/term/GO:0001654"," MAF  ACHE  BAX  SOX9  CYP1A1  TSKU  ALDH1A3  STRA6"
0.0535644539539651,4,121,4.86619939324197,"GO:1904659 D-glucose transmembrane transport ","https://amigo.geneontology.org/amigo/term/GO:1904659"," C3  EDN1  SESN2  TNF"
0.0535752623108864,3,64,6.90011867088608,"GO:0003179 Heart valve morphogenesis ","https://amigo.geneontology.org/amigo/term/GO:0003179"," SOX9  STRA6  SNAI1"
0.0535752623108864,3,64,6.90011867088608,"GO:0070231 T cell apoptotic process ","https://amigo.geneontology.org/amigo/term/GO:0070231"," CCL5  BAX  BBC3"
0.0535752623108864,3,64,6.90011867088608,"GO:1901616 Organic hydroxy compound catabolic process ","https://amigo.geneontology.org/amigo/term/GO:1901616"," CYP24A1  AKR1C3  APOE"
0.0540327162733616,2,22,13.3820483314154,"GO:0002523 Leukocyte migration involved in inflammatory response ","https://amigo.geneontology.org/amigo/term/GO:0002523"," S100A9  TNF"
0.0540327162733616,2,22,13.3820483314154,"GO:0002922 Positive regulation of humoral immune response ","https://amigo.geneontology.org/amigo/term/GO:0002922"," C3  TNF"
0.0540327162733616,2,22,13.3820483314154,"GO:0030903 Notochord development ","https://amigo.geneontology.org/amigo/term/GO:0030903"," ID3  SOX9"
0.0540327162733616,13,913,2.09598347359519,"GO:0032940 Secretion by cell ","https://amigo.geneontology.org/amigo/term/GO:0032940"," SSTR5  EDN1  LIF  TGM2  TNF  CCL5  VGF  BEST1  CAVIN1  SELENOM  APOE  ADCY5  ACHE"
0.0540327162733616,2,22,13.3820483314154,"GO:0036498 Ire1-mediated unfolded protein response ","https://amigo.geneontology.org/amigo/term/GO:0036498"," BAX  BBC3"
0.0540327162733616,7,346,2.97808590034389,"GO:0046394 Carboxylic acid biosynthetic process ","https://amigo.geneontology.org/amigo/term/GO:0046394"," EDN1  EDN2  ALDH1A3  AKR1C3  MGLL  CYP1A1  SLC45A3"
0.0540327162733616,2,22,13.3820483314154,"GO:0090200 Positive regulation of release of cytochrome c from mitochondria ","https://amigo.geneontology.org/amigo/term/GO:0090200"," BBC3  BAX"
0.0540327162733616,2,22,13.3820483314154,"GO:0098801 Regulation of renal system process ","https://amigo.geneontology.org/amigo/term/GO:0098801"," EDN1  GAS6"
0.0540327162733616,2,22,13.3820483314154,"GO:2000425 Regulation of apoptotic cell clearance ","https://amigo.geneontology.org/amigo/term/GO:2000425"," TGM2  C3"
0.0540327162733616,4,122,4.8263125129695,"GO:2001056 Positive regulation of cysteine-type endopeptidase activity ","https://amigo.geneontology.org/amigo/term/GO:2001056"," BBC3  S100A9  RPS27L  TNF"
0.0541605572393641,5,190,3.87375083277815,"GO:0008217 Regulation of blood pressure ","https://amigo.geneontology.org/amigo/term/GO:0008217"," EDN1  EDN2  ACTA2  GAS6  TNF"
0.0548205261902119,3,65,6.79396299902629,"GO:0010596 Negative regulation of endothelial cell migration ","https://amigo.geneontology.org/amigo/term/GO:0010596"," APOE  TNF  GADD45A"
0.0548205261902119,3,65,6.79396299902629,"GO:0042509 Regulation of tyrosine phosphorylation of stat protein ","https://amigo.geneontology.org/amigo/term/GO:0042509"," LIF  CCL5  TNF"
0.0552328611163635,4,123,4.78707419985592,"GO:0035967 Cellular response to topologically incorrect protein ","https://amigo.geneontology.org/amigo/term/GO:0035967"," ATF3  DDIT3  BAX  BBC3"
0.0552953549764114,9,526,2.51867449583674,"GO:0001934 Positive regulation of protein phosphorylation ","https://amigo.geneontology.org/amigo/term/GO:0001934"," EDN1  CDKN1A  C3  LIF  GAS6  TNF  CCL5  FGF22  CSF1"
0.0553310706960791,7,349,2.95248630807733,"GO:0016053 Organic acid biosynthetic process ","https://amigo.geneontology.org/amigo/term/GO:0016053"," EDN1  EDN2  ALDH1A3  AKR1C3  MGLL  CYP1A1  SLC45A3"
0.0557740475298439,9,527,2.51389522734369,"GO:0090066 Regulation of anatomical structure size ","https://amigo.geneontology.org/amigo/term/GO:0090066"," EDN1  SLC12A4  EDN2  BDKRB2  ACTA2  APOE  TNF  KLF2  L1CAM"
0.0559011891400171,7,350,2.94405063291139,"GO:0051345 Positive regulation of hydrolase activity ","https://amigo.geneontology.org/amigo/term/GO:0051345"," BBC3  RGS16  S100A9  RPS27L  TNF  CCL5  TGM2"
0.0559011891400171,7,350,2.94405063291139,"GO:0055074 Calcium ion homeostasis ","https://amigo.geneontology.org/amigo/term/GO:0055074"," EDN1  EDN2  CCL5  BAX  APOE  DDIT3  TGM2"
0.0562815809258331,4,124,4.74846876276031,"GO:0043393 Regulation of protein binding ","https://amigo.geneontology.org/amigo/term/GO:0043393"," BAX  APOE  IFIT1  CDKN1A"
0.0564008346568594,3,66,6.69102416570771,"GO:0032091 Negative regulation of protein binding ","https://amigo.geneontology.org/amigo/term/GO:0032091"," BAX  IFIT1  CDKN1A"
0.0564008346568594,3,66,6.69102416570771,"GO:0097028 Dendritic cell differentiation ","https://amigo.geneontology.org/amigo/term/GO:0097028"," RELB  DHRS2  GAS6"
0.0568787449976702,2,23,12.800220143093,"GO:0002082 Regulation of oxidative phosphorylation ","https://amigo.geneontology.org/amigo/term/GO:0002082"," TNF  NUPR1"
0.0568787449976702,2,23,12.800220143093,"GO:0007263 Nitric oxide mediated signal transduction ","https://amigo.geneontology.org/amigo/term/GO:0007263"," APOE  RASD1"
0.0568787449976702,2,23,12.800220143093,"GO:0033630 Positive regulation of cell adhesion mediated by integrin ","https://amigo.geneontology.org/amigo/term/GO:0033630"," CCL5  LIF"
0.0568787449976702,6,270,3.27116736990155,"GO:0042593 Glucose homeostasis ","https://amigo.geneontology.org/amigo/term/GO:0042593"," ICAM1  VGF  SESN2  GAS6  OAS1  ADCY5"
0.0568787449976702,2,23,12.800220143093,"GO:0043011 Myeloid dendritic cell differentiation ","https://amigo.geneontology.org/amigo/term/GO:0043011"," RELB  DHRS2"
0.0568787449976702,4,125,4.71048101265823,"GO:0046660 Female sex differentiation ","https://amigo.geneontology.org/amigo/term/GO:0046660"," BAX  VGF  NUPR1  STRA6"
0.0568787449976702,2,23,12.800220143093,"GO:0051044 Positive regulation of membrane protein ectodomain proteolysis ","https://amigo.geneontology.org/amigo/term/GO:0051044"," APOE  TNF"
0.0568787449976702,2,23,12.800220143093,"GO:0072234 Metanephric nephron tubule development ","https://amigo.geneontology.org/amigo/term/GO:0072234"," LIF  SOX9"
0.0568787449976702,2,23,12.800220143093,"GO:0150078 Positive regulation of neuroinflammatory response ","https://amigo.geneontology.org/amigo/term/GO:0150078"," NUPR1  TNF"
0.0568787449976702,2,23,12.800220143093,"GO:1900221 Regulation of amyloid-beta clearance ","https://amigo.geneontology.org/amigo/term/GO:1900221"," APOE  TNF"
0.0568787449976702,2,23,12.800220143093,"GO:1902644 Tertiary alcohol metabolic process ","https://amigo.geneontology.org/amigo/term/GO:1902644"," AKR1C1  AKR1C3"
0.0568787449976702,2,23,12.800220143093,"GO:1904037 Positive regulation of epithelial cell apoptotic process ","https://amigo.geneontology.org/amigo/term/GO:1904037"," BAX  HMOX1"
0.0569397445778897,28,2629,1.56777135263444,"GO:0051128 Regulation of cellular component organization ","https://amigo.geneontology.org/amigo/term/GO:0051128"," BBC3  RND1  SIGLEC15  EDN1  BAX  CDKN1A  ARHGAP22  APOE  GAS6  TGM2  TNF  PPP2R5B  ICAM1  NOVA2  SOX9  C3  LIF  GDF15  SESN2  IGFBP3  KLK6  TSKU  NANOS1  SNAI1  NUPR1  S100A9  L1CAM  PRR5"
0.0569760752887954,7,353,2.91903037257504,"GO:0001818 Negative regulation of cytokine production ","https://amigo.geneontology.org/amigo/term/GO:0001818"," GAS6  TNF  KLF2  TSKU  OAS1  RELB  DDIT3"
0.057099087647803,6,271,3.25909664159933,"GO:0002573 Myeloid leukocyte differentiation ","https://amigo.geneontology.org/amigo/term/GO:0002573"," CSF1  SIGLEC15  LIF  TNF  RELB  DHRS2"
0.057099087647803,6,271,3.25909664159933,"GO:0033500 Carbohydrate homeostasis ","https://amigo.geneontology.org/amigo/term/GO:0033500"," VGF  ICAM1  SESN2  GAS6  OAS1  ADCY5"
0.057099087647803,6,271,3.25909664159933,"GO:0045927 Positive regulation of growth ","https://amigo.geneontology.org/amigo/term/GO:0045927"," EDN1  CSF1  RFTN1  L1CAM  PRR5  S100A9"
0.0576523253595253,5,195,3.77442388834794,"GO:0141193 Nuclear receptor-mediated signaling pathway ","https://amigo.geneontology.org/amigo/term/GO:0141193"," DHRS3  KLF2  AKR1C3  TRIM16  CYP24A1"
0.0576616772891942,4,126,4.6730962427165,"GO:0032526 Response to retinoic acid ","https://amigo.geneontology.org/amigo/term/GO:0032526"," AQP3  SOX9  TNF  TRIM16"
0.0584314420259297,37,3755,1.45046435975661,"GO:0006355 Regulation of dna-templated transcription ","https://amigo.geneontology.org/amigo/term/GO:0006355"," HES2  ZNF423  RELB  FHL2  EPAS1  ID3  SNAI1  SOX9  FOSB  KLF2  ATF3  ATOH8  DDIT3  FOSL1  MAF  TNF  ZNF488  EDN1  LIF  LOXL2  LMO2  IER5  GAS6  TRIM16  PPP2R5B  LMCD1  RASD1  DTX1  BTG2  NUPR1  PARP10  H1-2  GADD45A  APOE  IRAK2  HMOX1  S100A9"
0.0584314420259297,5,196,3.75516662361147,"GO:0018209 Peptidyl-serine modification ","https://amigo.geneontology.org/amigo/term/GO:0018209"," LIF  TNF  BAX  GADD45A  BDKRB2"
0.0584314420259297,8,443,2.65828499585679,"GO:0060537 Muscle tissue development ","https://amigo.geneontology.org/amigo/term/GO:0060537"," PGM5  EDN1  FHL2  SOX9  BTG2  ATF3  NUPR1  STRA6"
0.0584314420259297,5,196,3.75516662361147,"GO:0071478 Cellular response to radiation ","https://amigo.geneontology.org/amigo/term/GO:0071478"," TNF  BAX  BBC3  CDKN1A  GADD45A"
0.0584684085036685,6,273,3.23522047572681,"GO:0030072 Peptide hormone secretion ","https://amigo.geneontology.org/amigo/term/GO:0030072"," SSTR5  EDN1  TNF  CCL5  VGF  ADCY5"
0.0586473247342299,12,828,2.13337002384884,"GO:0008610 Lipid biosynthetic process ","https://amigo.geneontology.org/amigo/term/GO:0008610"," EDN1  SNAI1  C3  EDN2  APOE  ALDH1A3  AKR1C3  TNF  MGLL  CYP1A1  SLC45A3  SPNS2"
0.0586477970220579,4,127,4.63630020930928,"GO:0015908 Fatty acid transport ","https://amigo.geneontology.org/amigo/term/GO:0015908"," FABP6  APOE  BDKRB2  EDN1"
0.0586886001472987,3,68,6.49422933730454,"GO:0019229 Regulation of vasoconstriction ","https://amigo.geneontology.org/amigo/term/GO:0019229"," BDKRB2  EDN1  EDN2"
0.0586886001472987,3,68,6.49422933730454,"GO:0031100 Animal organ regeneration ","https://amigo.geneontology.org/amigo/term/GO:0031100"," CDKN1A  GAS6  TNF"
0.0586886001472987,3,68,6.49422933730454,"GO:1905517 Macrophage migration ","https://amigo.geneontology.org/amigo/term/GO:1905517"," EDN2  CSF1  CCL5"
0.0596750844865645,9,538,2.4624958825467,"GO:0008015 Blood circulation ","https://amigo.geneontology.org/amigo/term/GO:0008015"," EDN1  EDN2  BDKRB2  APOE  ACTA2  EPAS1  GAS6  TNF  KLF2"
0.0596750844865645,5,198,3.71723564761539,"GO:0009266 Response to temperature stimulus ","https://amigo.geneontology.org/amigo/term/GO:0009266"," IER5  LXN  CDKN1A  VGF  HMOX1"
0.0596750844865645,2,24,12.2668776371308,"GO:0010894 Negative regulation of steroid biosynthetic process ","https://amigo.geneontology.org/amigo/term/GO:0010894"," SNAI1  APOE"
0.0596750844865645,2,24,12.2668776371308,"GO:0014821 Phasic smooth muscle contraction ","https://amigo.geneontology.org/amigo/term/GO:0014821"," EDN1  EDN2"
0.0596750844865645,7,358,2.87826179195248,"GO:0040013 Negative regulation of locomotion ","https://amigo.geneontology.org/amigo/term/GO:0040013"," APOE  IGFBP3  KRT16  TNF  GADD45A  GDF15  HMOX1"
0.0596750844865645,2,24,12.2668776371308,"GO:0072273 Metanephric nephron morphogenesis ","https://amigo.geneontology.org/amigo/term/GO:0072273"," LIF  SOX9"
0.0596750844865645,2,24,12.2668776371308,"GO:0072567 Chemokine (c-x-c motif) ligand 2 production ","https://amigo.geneontology.org/amigo/term/GO:0072567"," TNF  OAS1"
0.0596750844865645,2,24,12.2668776371308,"GO:2000341 Regulation of chemokine (c-x-c motif) ligand 2 production ","https://amigo.geneontology.org/amigo/term/GO:2000341"," TNF  OAS1"
0.0600177188437705,7,359,2.87024434963506,"GO:0048872 Homeostasis of number of cells ","https://amigo.geneontology.org/amigo/term/GO:0048872"," BAX  EPAS1  SOX9  KLF2  SPNS2  CSF1  HMOX1"
0.0607261081307729,4,129,4.56441958590914,"GO:0072676 Lymphocyte migration ","https://amigo.geneontology.org/amigo/term/GO:0072676"," GAS6  CCL5  ICAM1  SPNS2"
0.0610960137230713,6,277,3.18850249051775,"GO:0042326 Negative regulation of phosphorylation ","https://amigo.geneontology.org/amigo/term/GO:0042326"," CDKN1A  APOE  IGFBP3  BAX  GADD45A  BDKRB2"
0.0615851194746747,3,70,6.30867992766727,"GO:0002763 Positive regulation of myeloid leukocyte differentiation ","https://amigo.geneontology.org/amigo/term/GO:0002763"," CSF1  LIF  TNF"
0.0615851194746747,3,70,6.30867992766727,"GO:0007260 Tyrosine phosphorylation of stat protein ","https://amigo.geneontology.org/amigo/term/GO:0007260"," LIF  CCL5  TNF"
0.0615851194746747,7,362,2.84645779425135,"GO:0010038 Response to metal ion ","https://amigo.geneontology.org/amigo/term/GO:0010038"," LOXL2  AKR1C3  EDN1  HMOX1  FOSB  CYP1A1  AQP3"
0.0615851194746747,10,637,2.31087176837629,"GO:0031349 Positive regulation of defense response ","https://amigo.geneontology.org/amigo/term/GO:0031349"," IRAK2  OASL  S100A9  C3  FOSL1  NUPR1  TNF  OAS1  RFTN1  CCL5"
0.0615851194746747,3,70,6.30867992766727,"GO:0033619 Membrane protein proteolysis ","https://amigo.geneontology.org/amigo/term/GO:0033619"," TIMP3  APOE  TNF"
0.0615851194746747,3,70,6.30867992766727,"GO:0070373 Negative regulation of erk1 and erk2 cascade ","https://amigo.geneontology.org/amigo/term/GO:0070373"," PSCA  LIF  ATF3"
0.0615851194746747,5,200,3.68006329113924,"GO:0071248 Cellular response to metal ion ","https://amigo.geneontology.org/amigo/term/GO:0071248"," AKR1C3  EDN1  HMOX1  FOSB  CYP1A1"
0.0615851194746747,5,200,3.68006329113924,"GO:0071466 Cellular response to xenobiotic stimulus ","https://amigo.geneontology.org/amigo/term/GO:0071466"," CYP1A1  GAS6  EDN1  AKR1C1  ABCC3"
0.0615851194746747,3,70,6.30867992766727,"GO:0071715 Icosanoid transport ","https://amigo.geneontology.org/amigo/term/GO:0071715"," BDKRB2  EDN1  ABCC3"
0.0615851194746747,6,278,3.17703305709862,"GO:0097529 Myeloid leukocyte migration ","https://amigo.geneontology.org/amigo/term/GO:0097529"," CCL22  S100A9  CCL5  EDN2  CSF1  EDN1"
0.0615851194746747,3,70,6.30867992766727,"GO:2000630 Positive regulation of mirna metabolic process ","https://amigo.geneontology.org/amigo/term/GO:2000630"," FOSL1  TNF  ATOH8"
0.0620975327246386,6,279,3.16564584184021,"GO:0002790 Peptide secretion ","https://amigo.geneontology.org/amigo/term/GO:0002790"," SSTR5  EDN1  TNF  CCL5  VGF  ADCY5"
0.0625545934495439,2,25,11.7762025316456,"GO:0002407 Dendritic cell chemotaxis ","https://amigo.geneontology.org/amigo/term/GO:0002407"," GAS6  CCL5"
0.0625545934495439,2,25,11.7762025316456,"GO:0006706 Steroid catabolic process ","https://amigo.geneontology.org/amigo/term/GO:0006706"," CYP24A1  APOE"
0.0625545934495439,2,25,11.7762025316456,"GO:0010460 Positive regulation of heart rate ","https://amigo.geneontology.org/amigo/term/GO:0010460"," EDN1  EDN2"
0.0625545934495439,2,25,11.7762025316456,"GO:0019755 One-carbon compound transport ","https://amigo.geneontology.org/amigo/term/GO:0019755"," UPK3A  AQP3"
0.0625545934495439,4,131,4.49473379070442,"GO:0021761 Limbic system development ","https://amigo.geneontology.org/amigo/term/GO:0021761"," BAX  BTG2  TSKU  ALDH1A3"
0.0625545934495439,2,25,11.7762025316456,"GO:0045649 Regulation of macrophage differentiation ","https://amigo.geneontology.org/amigo/term/GO:0045649"," CSF1  LIF"
0.0625545934495439,2,25,11.7762025316456,"GO:0072170 Metanephric tubule development ","https://amigo.geneontology.org/amigo/term/GO:0072170"," LIF  SOX9"
0.0625545934495439,2,25,11.7762025316456,"GO:1903579 Negative regulation of atp metabolic process ","https://amigo.geneontology.org/amigo/term/GO:1903579"," DDIT4  NUPR1"
0.063251063430711,7,365,2.82306225073695,"GO:0002218 Activation of innate immune response ","https://amigo.geneontology.org/amigo/term/GO:0002218"," IRAK2  OASL  FOSL1  TNF  OAS1  RFTN1  S100A9"
0.0636052209132298,4,132,4.46068277713847,"GO:0003014 Renal system process ","https://amigo.geneontology.org/amigo/term/GO:0003014"," EDN1  AQP3  GAS6  AKR1C3"
0.063758304640223,38,3919,1.42732743111295,"GO:0006351 Dna-templated transcription ","https://amigo.geneontology.org/amigo/term/GO:0006351"," HES2  ZNF423  RELB  FHL2  EPAS1  ID3  SNAI1  SOX9  FOSB  KLF2  ATF3  ATOH8  DDIT3  FOSL1  CAVIN1  MAF  TNF  ZNF488  EDN1  LIF  LOXL2  LMO2  IER5  GAS6  TRIM16  PPP2R5B  LMCD1  RASD1  DTX1  BTG2  NUPR1  PARP10  H1-2  GADD45A  APOE  IRAK2  HMOX1  S100A9"
0.0650654353808331,4,133,4.42714380888931,"GO:1990748 Cellular detoxification ","https://amigo.geneontology.org/amigo/term/GO:1990748"," SESN2  APOE  S100A9  GPX2"
0.065556519439242,7,368,2.8000481563016,"GO:0044403 Biological process involved in symbiotic interaction ","https://amigo.geneontology.org/amigo/term/GO:0044403"," ICAM1  GAS6  IFIT1  CYSRT1  CCL5  APOBEC3H  APOE"
0.0663140960221759,2,26,11.3232716650438,"GO:0003094 Glomerular filtration ","https://amigo.geneontology.org/amigo/term/GO:0003094"," EDN1  GAS6"
0.0663140960221759,4,134,4.39410542225581,"GO:0043534 Blood vessel endothelial cell migration ","https://amigo.geneontology.org/amigo/term/GO:0043534"," APOE  TNF  GADD45A  HMOX1"
0.0663140960221759,7,369,2.79245994991596,"GO:0060326 Cell chemotaxis ","https://amigo.geneontology.org/amigo/term/GO:0060326"," CCL22  S100A9  CCL5  EDN2  GAS6  CSF1  EDN1"
0.0663140960221759,2,26,11.3232716650438,"GO:0060706 Cell differentiation involved in embryonic placenta development ","https://amigo.geneontology.org/amigo/term/GO:0060706"," SNAI1  LIF"
0.0663140960221759,2,26,11.3232716650438,"GO:0070886 Positive regulation of calcineurin-nfat signaling cascade ","https://amigo.geneontology.org/amigo/term/GO:0070886"," TNF  LMCD1"
0.0663140960221759,4,134,4.39410542225581,"GO:0071887 Leukocyte apoptotic process ","https://amigo.geneontology.org/amigo/term/GO:0071887"," BAX  GAS6  CCL5  BBC3"
0.0663140960221759,2,26,11.3232716650438,"GO:0072243 Metanephric nephron epithelium development ","https://amigo.geneontology.org/amigo/term/GO:0072243"," LIF  SOX9"
0.0663140960221759,2,26,11.3232716650438,"GO:0106058 Positive regulation of calcineurin-mediated signaling ","https://amigo.geneontology.org/amigo/term/GO:0106058"," TNF  LMCD1"
0.066356316158108,5,206,3.57287698168858,"GO:0002262 Myeloid cell homeostasis ","https://amigo.geneontology.org/amigo/term/GO:0002262"," BAX  EPAS1  KLF2  CSF1  HMOX1"
0.066356316158108,6,285,3.09900066622252,"GO:0050708 Regulation of protein secretion ","https://amigo.geneontology.org/amigo/term/GO:0050708"," SSTR5  TNF  CCL5  APOE  ADCY5  ACHE"
0.0665854150668071,9,553,2.39570123835466,"GO:0042327 Positive regulation of phosphorylation ","https://amigo.geneontology.org/amigo/term/GO:0042327"," EDN1  CDKN1A  C3  LIF  GAS6  TNF  CCL5  FGF22  CSF1"
0.0671271048199145,9,554,2.39137686788832,"GO:0030003 Intracellular monoatomic cation homeostasis ","https://amigo.geneontology.org/amigo/term/GO:0030003"," EDN1  EDN2  HMOX1  CCL5  BAX  APOE  DDIT3  TGM2  S100A9"
0.0671271048199145,13,956,2.00170806631005,"GO:0097435 Supramolecular fiber organization ","https://amigo.geneontology.org/amigo/term/GO:0097435"," LOXL2  KRT7  PGM5  KRT80  KRT86  KRT83  RND1  KRT16  KRT81  BAX  APOE  ADAMTS7  EDN1"
0.068899648392399,3,74,5.96767020184742,"GO:0048844 Artery morphogenesis ","https://amigo.geneontology.org/amigo/term/GO:0048844"," EDN1  APOE  STRA6"
0.06969818646481,5,209,3.52159166616195,"GO:0070374 Positive regulation of erk1 and erk2 cascade ","https://amigo.geneontology.org/amigo/term/GO:0070374"," GAS6  ACTA2  ICAM1  APOE  TNF"
0.06969818646481,5,209,3.52159166616195,"GO:2000241 Regulation of reproductive process ","https://amigo.geneontology.org/amigo/term/GO:2000241"," SOX9  BAX  SNAI1  LIF  NUPR1"
0.0699296761538968,6,289,3.05610792343743,"GO:0046883 Regulation of hormone secretion ","https://amigo.geneontology.org/amigo/term/GO:0046883"," SSTR5  EDN1  LIF  TNF  CCL5  ADCY5"
0.0701039192241935,2,27,10.9038912330052,"GO:0002070 Epithelial cell maturation ","https://amigo.geneontology.org/amigo/term/GO:0002070"," EPAS1  CDKN1A"
0.0701039192241935,2,27,10.9038912330052,"GO:0048011 Neurotrophin trk receptor signaling pathway ","https://amigo.geneontology.org/amigo/term/GO:0048011"," PPP2R5B  DDIT4"
0.0701039192241935,2,27,10.9038912330052,"GO:0048596 Embryonic camera-type eye morphogenesis ","https://amigo.geneontology.org/amigo/term/GO:0048596"," ALDH1A3  STRA6"
0.0701039192241935,2,27,10.9038912330052,"GO:0048745 Smooth muscle tissue development ","https://amigo.geneontology.org/amigo/term/GO:0048745"," SOX9  STRA6"
0.0704086428986244,3,75,5.88810126582278,"GO:0001961 Positive regulation of cytokine-mediated signaling pathway ","https://amigo.geneontology.org/amigo/term/GO:0001961"," EDN1  CSF1  GAS6"
0.0704086428986244,6,290,3.04556962025316,"GO:0002274 Myeloid leukocyte activation ","https://amigo.geneontology.org/amigo/term/GO:0002274"," EDN2  CCL5  RELB  TNF  DHRS2  CSF1"
0.0704086428986244,3,75,5.88810126582278,"GO:0010827 Regulation of d-glucose transmembrane transport ","https://amigo.geneontology.org/amigo/term/GO:0010827"," C3  EDN1  TNF"
0.0704086428986244,3,75,5.88810126582278,"GO:0140374 Antiviral innate immune response ","https://amigo.geneontology.org/amigo/term/GO:0140374"," OAS1  IFIT1  TNF"
0.0710590572540565,4,138,4.26674004769767,"GO:0001936 Regulation of endothelial cell proliferation ","https://amigo.geneontology.org/amigo/term/GO:0001936"," APOE  TNF  HMOX1  ATOH8"
0.0713329099534215,5,211,3.48821165036895,"GO:0006694 Steroid biosynthetic process ","https://amigo.geneontology.org/amigo/term/GO:0006694"," SNAI1  APOE  TNF  CYP1A1  AKR1C3"
0.0722500297142764,7,378,2.72597280825129,"GO:0031400 Negative regulation of protein modification process ","https://amigo.geneontology.org/amigo/term/GO:0031400"," APOE  IGFBP3  BAX  GADD45A  CDKN1A  BDKRB2  PARP10"
0.0723171213772844,9,563,2.35314881849046,"GO:0006873 Intracellular monoatomic ion homeostasis ","https://amigo.geneontology.org/amigo/term/GO:0006873"," EDN1  EDN2  HMOX1  CCL5  BAX  APOE  DDIT3  TGM2  S100A9"
0.0723227964183262,4,139,4.2360440761315,"GO:0002040 Sprouting angiogenesis ","https://amigo.geneontology.org/amigo/term/GO:0002040"," TGM2  HMOX1  KLF2  LOXL2"
0.0723227964183262,4,139,4.2360440761315,"GO:0051592 Response to calcium ion ","https://amigo.geneontology.org/amigo/term/GO:0051592"," AKR1C3  EDN1  FOSB  AQP3"
0.0727957985835846,9,564,2.34897656881228,"GO:0045088 Regulation of innate immune response ","https://amigo.geneontology.org/amigo/term/GO:0045088"," IRAK2  OASL  APOE  FOSL1  TNF  OAS1  RFTN1  S100A9  CCL5"
0.0730397414461665,8,470,2.5055750067331,"GO:0006816 Calcium ion transport ","https://amigo.geneontology.org/amigo/term/GO:0006816"," CACNG6  GAS6  CCL5  EDN1  BAX  GEM  BEST1  DDIT3"
0.073083442688743,4,140,4.20578661844485,"GO:0001101 Response to acid chemical ","https://amigo.geneontology.org/amigo/term/GO:0001101"," SESN2  EDN1  TNF  KLF2"
0.073083442688743,2,28,10.5144665461121,"GO:0003416 Endochondral bone growth ","https://amigo.geneontology.org/amigo/term/GO:0003416"," SOX9  TSKU"
0.073083442688743,4,140,4.20578661844485,"GO:0010565 Regulation of cellular ketone metabolic process ","https://amigo.geneontology.org/amigo/term/GO:0010565"," AKR1C3  SOX9  GDF15  SLC45A3"
0.073083442688743,2,28,10.5144665461121,"GO:0032331 Negative regulation of chondrocyte differentiation ","https://amigo.geneontology.org/amigo/term/GO:0032331"," ADAMTS7  SOX9"
0.073083442688743,2,28,10.5144665461121,"GO:0032469 Endoplasmic reticulum calcium ion homeostasis ","https://amigo.geneontology.org/amigo/term/GO:0032469"," BAX  TGM2"
0.073083442688743,2,28,10.5144665461121,"GO:0034698 Response to gonadotropin ","https://amigo.geneontology.org/amigo/term/GO:0034698"," EDN1  SLC5A5"
0.073083442688743,2,28,10.5144665461121,"GO:0036296 Response to increased oxygen levels ","https://amigo.geneontology.org/amigo/term/GO:0036296"," CDKN1A  CYP1A1"
0.073083442688743,2,28,10.5144665461121,"GO:0045939 Negative regulation of steroid metabolic process ","https://amigo.geneontology.org/amigo/term/GO:0045939"," SNAI1  APOE"
0.073083442688743,2,28,10.5144665461121,"GO:0060586 Multicellular organismal-level iron ion homeostasis ","https://amigo.geneontology.org/amigo/term/GO:0060586"," EPAS1  HMOX1"
0.073083442688743,2,28,10.5144665461121,"GO:1900543 Negative regulation of purine nucleotide metabolic process ","https://amigo.geneontology.org/amigo/term/GO:1900543"," DDIT4  NUPR1"
0.0734985770573865,3,77,5.73516357060661,"GO:0003170 Heart valve development ","https://amigo.geneontology.org/amigo/term/GO:0003170"," SOX9  STRA6  SNAI1"
0.0734985770573865,5,214,3.43931148704602,"GO:0009746 Response to hexose ","https://amigo.geneontology.org/amigo/term/GO:0009746"," ICAM1  SESN2  GAS6  TNF  ADCY5"
0.0734985770573865,3,77,5.73516357060661,"GO:0014015 Positive regulation of gliogenesis ","https://amigo.geneontology.org/amigo/term/GO:0014015"," TNF  LIF  ZNF488"
0.0734985770573865,3,77,5.73516357060661,"GO:1901657 Glycosyl compound metabolic process ","https://amigo.geneontology.org/amigo/term/GO:1901657"," UPP1  AKR1C1  AKR1C3"
0.0758883744538987,4,142,4.14655018719914,"GO:0051702 Biological process involved in interaction with symbiont ","https://amigo.geneontology.org/amigo/term/GO:0051702"," CYSRT1  CCL5  APOBEC3H  APOE"
0.0758883744538987,3,78,5.66163583252191,"GO:0070059 Intrinsic apoptotic signaling pathway in response to endoplasmic reticulum stress ","https://amigo.geneontology.org/amigo/term/GO:0070059"," BBC3  DDIT3  BAX"
0.0765147284499255,2,29,10.1518987341772,"GO:0015721 Bile acid and bile salt transport ","https://amigo.geneontology.org/amigo/term/GO:0015721"," ABCC3  AKR1C1"
0.0765147284499255,2,29,10.1518987341772,"GO:0044342 Type b pancreatic cell proliferation ","https://amigo.geneontology.org/amigo/term/GO:0044342"," IGFBP3  NUPR1"
0.0765147284499255,2,29,10.1518987341772,"GO:0045980 Negative regulation of nucleotide metabolic process ","https://amigo.geneontology.org/amigo/term/GO:0045980"," DDIT4  NUPR1"
0.0765147284499255,2,29,10.1518987341772,"GO:0060479 Lung cell differentiation ","https://amigo.geneontology.org/amigo/term/GO:0060479"," SOX9  KLF2"
0.0765147284499255,2,29,10.1518987341772,"GO:0060487 Lung epithelial cell differentiation ","https://amigo.geneontology.org/amigo/term/GO:0060487"," SOX9  KLF2"
0.0765147284499255,2,29,10.1518987341772,"GO:0060575 Intestinal epithelial cell differentiation ","https://amigo.geneontology.org/amigo/term/GO:0060575"," CDKN1A  SOX9"
0.0765147284499255,2,29,10.1518987341772,"GO:0062149 Detection of stimulus involved in sensory perception of pain ","https://amigo.geneontology.org/amigo/term/GO:0062149"," LXN  TNF"
0.0765147284499255,2,29,10.1518987341772,"GO:0072012 Glomerulus vasculature development ","https://amigo.geneontology.org/amigo/term/GO:0072012"," EDN1  ACTA2"
0.0765147284499255,2,29,10.1518987341772,"GO:0072207 Metanephric epithelium development ","https://amigo.geneontology.org/amigo/term/GO:0072207"," LIF  SOX9"
0.0765147284499255,2,29,10.1518987341772,"GO:0097205 Renal filtration ","https://amigo.geneontology.org/amigo/term/GO:0097205"," EDN1  GAS6"
0.0765147284499255,2,29,10.1518987341772,"GO:1902042 Negative regulation of extrinsic apoptotic signaling pathway via death domain receptors ","https://amigo.geneontology.org/amigo/term/GO:1902042"," ICAM1  HMOX1"
0.076523965501512,4,143,4.11755333274321,"GO:0043467 Regulation of generation of precursor metabolites and energy ","https://amigo.geneontology.org/amigo/term/GO:0043467"," OAS1  DDIT4  TNF  NUPR1"
0.0775407852430172,5,218,3.37620485425618,"GO:0044703 Multi-organism reproductive process ","https://amigo.geneontology.org/amigo/term/GO:0044703"," EDN1  FOSB  LIF  CYP1A1  FOSL1"
0.0779042665217324,6,300,2.94405063291139,"GO:0090596 Sensory organ morphogenesis ","https://amigo.geneontology.org/amigo/term/GO:0090596"," EDN1  BAX  SOX9  TSKU  ALDH1A3  STRA6"
0.0780174674579922,4,144,4.08895921237693,"GO:0090090 Negative regulation of canonical wnt signaling pathway ","https://amigo.geneontology.org/amigo/term/GO:0090090"," APOE  SOX9  DDIT3  AMER2"
0.0784642331889835,7,388,2.65571577711079,"GO:0006066 Alcohol metabolic process ","https://amigo.geneontology.org/amigo/term/GO:0006066"," APOE  AKR1C1  AKR1C3  CYP1A1  TSKU  ALDH1A3  DHRS3"
0.0785447315211718,5,219,3.36078839373447,"GO:0042770 Signal transduction in response to dna damage ","https://amigo.geneontology.org/amigo/term/GO:0042770"," CDKN1A  RPS27L  SESN2  GADD45A  SNAI1"
0.0791227196647957,3,80,5.52009493670886,"GO:0010951 Negative regulation of endopeptidase activity ","https://amigo.geneontology.org/amigo/term/GO:0010951"," GAS6  TNF  TIMP3"
0.0791227196647957,8,481,2.44827495460407,"GO:0045089 Positive regulation of innate immune response ","https://amigo.geneontology.org/amigo/term/GO:0045089"," IRAK2  OASL  FOSL1  TNF  OAS1  RFTN1  S100A9  CCL5"
0.0791227196647957,3,80,5.52009493670886,"GO:0071277 Cellular response to calcium ion ","https://amigo.geneontology.org/amigo/term/GO:0071277"," AKR1C3  EDN1  FOSB"
0.0792353802888952,4,145,4.06075949367089,"GO:0010950 Positive regulation of endopeptidase activity ","https://amigo.geneontology.org/amigo/term/GO:0010950"," BBC3  S100A9  RPS27L  TNF"
0.0794414405597524,6,302,2.92455360885238,"GO:0007548 Sex differentiation ","https://amigo.geneontology.org/amigo/term/GO:0007548"," SOX9  BAX  VGF  NUPR1  AKR1C3  STRA6"
0.0800742255199261,2,30,9.81350210970464,"GO:0006833 Water transport ","https://amigo.geneontology.org/amigo/term/GO:0006833"," UPK3A  AQP3"
0.0800742255199261,17,1431,1.74873727321781,"GO:0016310 Phosphorylation ","https://amigo.geneontology.org/amigo/term/GO:0016310"," EDN1  CDKN1A  C3  LIF  APOE  SESN2  IGFBP3  GAS6  TNF  CCL5  PPP2R5B  FGF22  BAX  GADD45A  IRAK2  BDKRB2  CSF1"
0.0800742255199261,5,221,3.33037401913053,"GO:0034284 Response to monosaccharide ","https://amigo.geneontology.org/amigo/term/GO:0034284"," ICAM1  SESN2  GAS6  TNF  ADCY5"
0.0800742255199261,2,30,9.81350210970464,"GO:0042634 Regulation of hair cycle ","https://amigo.geneontology.org/amigo/term/GO:0042634"," TSKU  TNF"
0.0800742255199261,5,221,3.33037401913053,"GO:0044706 Multi-multicellular organism process ","https://amigo.geneontology.org/amigo/term/GO:0044706"," EDN1  FOSB  LIF  CYP1A1  FOSL1"
0.0800742255199261,15,1207,1.8293603767055,"GO:0051726 Regulation of cell cycle ","https://amigo.geneontology.org/amigo/term/GO:0051726"," GADD45A  CDKN1A  BTG2  NUPR1  EDN1  PPP2R5B  BAX  LIF  CYP1A1  DDIT3  FOSL1  TNF  SOX9  SSTR5  RPS27L"
0.0800742255199261,4,146,4.03294607248136,"GO:0071456 Cellular response to hypoxia ","https://amigo.geneontology.org/amigo/term/GO:0071456"," EPAS1  AQP3  EDN1  BBC3"
0.0800742255199261,2,30,9.81350210970464,"GO:1905523 Positive regulation of macrophage migration ","https://amigo.geneontology.org/amigo/term/GO:1905523"," CSF1  CCL5"
0.0800742255199261,2,30,9.81350210970464,"GO:2000810 Regulation of bicellular tight junction assembly ","https://amigo.geneontology.org/amigo/term/GO:2000810"," TNF  SNAI1"
0.0804312095090275,8,484,2.43309969662099,"GO:0016055 Wnt signaling pathway ","https://amigo.geneontology.org/amigo/term/GO:0016055"," AMER2  TMEM198  APOE  EDN1  SOX9  DDIT3  TSKU  SNAI1"
0.0804312095090275,3,81,5.45194561650258,"GO:0035914 Skeletal muscle cell differentiation ","https://amigo.geneontology.org/amigo/term/GO:0035914"," BTG2  ATF3  NUPR1"
0.0804312095090275,13,991,1.93101201956852,"GO:0140352 Export from cell ","https://amigo.geneontology.org/amigo/term/GO:0140352"," SSTR5  EDN1  LIF  TGM2  TNF  CCL5  VGF  BEST1  CAVIN1  SELENOM  APOE  ADCY5  ACHE"
0.0814989890194364,4,147,4.00551106518557,"GO:0051346 Negative regulation of hydrolase activity ","https://amigo.geneontology.org/amigo/term/GO:0051346"," ANGPTL4  GAS6  TNF  TIMP3"
0.0815827978006756,6,305,2.8957875077817,"GO:0034976 Response to endoplasmic reticulum stress ","https://amigo.geneontology.org/amigo/term/GO:0034976"," BBC3  DDIT3  ATF3  BAX  SESN2  NUPR1"
0.0822926167622401,2,32,9.2001582278481,"GO:0001773 Myeloid dendritic cell activation ","https://amigo.geneontology.org/amigo/term/GO:0001773"," RELB  DHRS2"
0.0822926167622401,1,3,49.0675105485232,"GO:0001905 Activation of membrane attack complex ","https://amigo.geneontology.org/amigo/term/GO:0001905"," C3"
0.0822926167622401,1,3,49.0675105485232,"GO:0001969 Regulation of activation of membrane attack complex ","https://amigo.geneontology.org/amigo/term/GO:0001969"," C3"
0.0822926167622401,1,3,49.0675105485232,"GO:0002874 Regulation of chronic inflammatory response to antigenic stimulus ","https://amigo.geneontology.org/amigo/term/GO:0002874"," TNF"
0.0822926167622401,1,3,49.0675105485232,"GO:0002904 Positive regulation of b cell apoptotic process ","https://amigo.geneontology.org/amigo/term/GO:0002904"," BAX"
0.0822926167622401,1,3,49.0675105485232,"GO:0003099 Positive regulation of the force of heart contraction by chemical signal ","https://amigo.geneontology.org/amigo/term/GO:0003099"," EDN2"
0.0822926167622401,1,3,49.0675105485232,"GO:0003104 Positive regulation of glomerular filtration ","https://amigo.geneontology.org/amigo/term/GO:0003104"," GAS6"
0.0822926167622401,2,31,9.49693752552062,"GO:0003338 Metanephros morphogenesis ","https://amigo.geneontology.org/amigo/term/GO:0003338"," LIF  SOX9"
0.0822926167622401,1,3,49.0675105485232,"GO:0003430 Growth plate cartilage chondrocyte growth ","https://amigo.geneontology.org/amigo/term/GO:0003430"," SOX9"
0.0822926167622401,1,3,49.0675105485232,"GO:0006581 Acetylcholine catabolic process ","https://amigo.geneontology.org/amigo/term/GO:0006581"," ACHE"
0.0822926167622401,1,3,49.0675105485232,"GO:0006714 Sesquiterpenoid metabolic process ","https://amigo.geneontology.org/amigo/term/GO:0006714"," AKR1C3"
0.0822926167622401,1,3,49.0675105485232,"GO:0006788 Heme oxidation ","https://amigo.geneontology.org/amigo/term/GO:0006788"," HMOX1"
0.0822926167622401,1,3,49.0675105485232,"GO:0006808 Regulation of nitrogen utilization ","https://amigo.geneontology.org/amigo/term/GO:0006808"," BAX"
0.0822926167622401,4,152,3.87375083277815,"GO:0007259 Cell surface receptor signaling pathway via jak-stat ","https://amigo.geneontology.org/amigo/term/GO:0007259"," LIF  CCL5  GADD45A  TNF"
0.0822926167622401,1,3,49.0675105485232,"GO:0007538 Primary sex determination ","https://amigo.geneontology.org/amigo/term/GO:0007538"," SOX9"
0.0822926167622401,2,31,9.49693752552062,"GO:0009110 Vitamin biosynthetic process ","https://amigo.geneontology.org/amigo/term/GO:0009110"," SNAI1  TNF"
0.0822926167622401,1,3,49.0675105485232,"GO:0009826 Unidimensional cell growth ","https://amigo.geneontology.org/amigo/term/GO:0009826"," EDN2"
0.0822926167622401,2,32,9.2001582278481,"GO:0010758 Regulation of macrophage chemotaxis ","https://amigo.geneontology.org/amigo/term/GO:0010758"," CSF1  CCL5"
0.0822926167622401,4,148,3.97844680123161,"GO:0014074 Response to purine-containing compound ","https://amigo.geneontology.org/amigo/term/GO:0014074"," FOSB  FOSL1  SLC5A5  VGF"
0.0822926167622401,3,84,5.25723327305606,"GO:0014909 Smooth muscle cell migration ","https://amigo.geneontology.org/amigo/term/GO:0014909"," IGFBP3  CCL5  DDIT3"
0.0822926167622401,8,487,2.41811140280196,"GO:0015711 Organic anion transport ","https://amigo.geneontology.org/amigo/term/GO:0015711"," FABP6  APOE  BDKRB2  EDN1  BEST1  TNF  ABCC3  AKR1C1"
0.0822926167622401,6,307,2.87692244258442,"GO:0015833 Peptide transport ","https://amigo.geneontology.org/amigo/term/GO:0015833"," SSTR5  EDN1  TNF  CCL5  VGF  ADCY5"
0.0822926167622401,1,3,49.0675105485232,"GO:0015891 Siderophore transport ","https://amigo.geneontology.org/amigo/term/GO:0015891"," LCN2"
0.0822926167622401,1,3,49.0675105485232,"GO:0018057 Peptidyl-lysine oxidation ","https://amigo.geneontology.org/amigo/term/GO:0018057"," LOXL2"
0.0822926167622401,3,84,5.25723327305606,"GO:0019233 Sensory perception of pain ","https://amigo.geneontology.org/amigo/term/GO:0019233"," LXN  TNF  MGLL"
0.0822926167622401,5,225,3.27116736990155,"GO:0030073 Insulin secretion ","https://amigo.geneontology.org/amigo/term/GO:0030073"," SSTR5  TNF  CCL5  VGF  ADCY5"
0.0822926167622401,10,685,2.14894206781853,"GO:0031401 Positive regulation of protein modification process ","https://amigo.geneontology.org/amigo/term/GO:0031401"," EDN1  CDKN1A  C3  LIF  GAS6  TNF  CCL5  FGF22  NUPR1  CSF1"
0.0822926167622401,1,3,49.0675105485232,"GO:0032805 Positive regulation of low-density lipoprotein particle receptor catabolic process ","https://amigo.geneontology.org/amigo/term/GO:0032805"," APOE"
0.0822926167622401,1,3,49.0675105485232,"GO:0033140 Negative regulation of peptidyl-serine phosphorylation of stat protein ","https://amigo.geneontology.org/amigo/term/GO:0033140"," GADD45A"
0.0822926167622401,1,3,49.0675105485232,"GO:0033595 Response to genistein ","https://amigo.geneontology.org/amigo/term/GO:0033595"," CYP1A1"
0.0822926167622401,3,85,5.19538346984363,"GO:0033627 Cell adhesion mediated by integrin ","https://amigo.geneontology.org/amigo/term/GO:0033627"," CCL5  ICAM1  LIF"
0.0822926167622401,3,84,5.25723327305606,"GO:0034605 Cellular response to heat ","https://amigo.geneontology.org/amigo/term/GO:0034605"," IER5  CDKN1A  HMOX1"
0.0822926167622401,1,3,49.0675105485232,"GO:0034696 Response to prostaglandin f ","https://amigo.geneontology.org/amigo/term/GO:0034696"," EDN1"
0.0822926167622401,2,31,9.49693752552062,"GO:0035455 Response to interferon-alpha ","https://amigo.geneontology.org/amigo/term/GO:0035455"," OAS1  GAS6"
0.0822926167622401,1,3,49.0675105485232,"GO:0035702 Monocyte homeostasis ","https://amigo.geneontology.org/amigo/term/GO:0035702"," CSF1"
0.0822926167622401,1,3,49.0675105485232,"GO:0040010 Positive regulation of growth rate ","https://amigo.geneontology.org/amigo/term/GO:0040010"," RFTN1"
0.0822926167622401,1,3,49.0675105485232,"GO:0042488 Positive regulation of odontogenesis of dentin-containing tooth ","https://amigo.geneontology.org/amigo/term/GO:0042488"," CSF1"
0.0822926167622401,4,151,3.89940481180317,"GO:0043433 Negative regulation of dna-binding transcription factor activity ","https://amigo.geneontology.org/amigo/term/GO:0043433"," ID3  IRAK2  NUPR1  PARP10"
0.0822926167622401,15,1222,1.80690505293252,"GO:0044248 Cellular catabolic process ","https://amigo.geneontology.org/amigo/term/GO:0044248"," CYP24A1  TIMP3  SESN2  GABARAPL1  SPATA18  PLEKHF1  MGLL  APOE  S100A9  AKR1C3  TNF  HMOX1  CYP1A1  NUPR1  DDIT3"
0.0822926167622401,2,32,9.2001582278481,"GO:0045070 Positive regulation of viral genome replication ","https://amigo.geneontology.org/amigo/term/GO:0045070"," IFIT1  CCL5"
0.0822926167622401,2,31,9.49693752552062,"GO:0045948 Positive regulation of translational initiation ","https://amigo.geneontology.org/amigo/term/GO:0045948"," TNF  CCL5"
0.0822926167622401,2,31,9.49693752552062,"GO:0045987 Positive regulation of smooth muscle contraction ","https://amigo.geneontology.org/amigo/term/GO:0045987"," EDN1  EDN2"
0.0822926167622401,1,3,49.0675105485232,"GO:0046074 Dtmp catabolic process ","https://amigo.geneontology.org/amigo/term/GO:0046074"," UPP1"
0.0822926167622401,1,3,49.0675105485232,"GO:0048073 Regulation of eye pigmentation ","https://amigo.geneontology.org/amigo/term/GO:0048073"," SPNS2"
0.0822926167622401,7,396,2.60206495333078,"GO:0050767 Regulation of neurogenesis ","https://amigo.geneontology.org/amigo/term/GO:0050767"," HES2  TGM2  TNF  LIF  BTG2  ZNF488  L1CAM"
0.0822926167622401,6,312,2.83081791626095,"GO:0051402 Neuron apoptotic process ","https://amigo.geneontology.org/amigo/term/GO:0051402"," DDIT3  BAX  BBC3  BTG2  TNF  NUPR1"
0.0822926167622401,1,3,49.0675105485232,"GO:0051771 Negative regulation of nitric-oxide synthase biosynthetic process ","https://amigo.geneontology.org/amigo/term/GO:0051771"," EDN1"
0.0822926167622401,1,3,49.0675105485232,"GO:0055011 Atrial cardiac muscle cell differentiation ","https://amigo.geneontology.org/amigo/term/GO:0055011"," FHL2"
0.0822926167622401,1,3,49.0675105485232,"GO:0055014 Atrial cardiac muscle cell development ","https://amigo.geneontology.org/amigo/term/GO:0055014"," FHL2"
0.0822926167622401,1,3,49.0675105485232,"GO:0060057 Apoptotic process involved in mammary gland involution ","https://amigo.geneontology.org/amigo/term/GO:0060057"," BAX"
0.0822926167622401,1,3,49.0675105485232,"GO:0060058 Positive regulation of apoptotic process involved in mammary gland involution ","https://amigo.geneontology.org/amigo/term/GO:0060058"," BAX"
0.0822926167622401,1,3,49.0675105485232,"GO:0060166 Olfactory pit development ","https://amigo.geneontology.org/amigo/term/GO:0060166"," ALDH1A3"
0.0822926167622401,1,3,49.0675105485232,"GO:0060708 Spongiotrophoblast differentiation ","https://amigo.geneontology.org/amigo/term/GO:0060708"," LIF"
0.0822926167622401,3,83,5.3205734329724,"GO:0060760 Positive regulation of response to cytokine stimulus ","https://amigo.geneontology.org/amigo/term/GO:0060760"," EDN1  CSF1  GAS6"
0.0822926167622401,2,32,9.2001582278481,"GO:0061036 Positive regulation of cartilage development ","https://amigo.geneontology.org/amigo/term/GO:0061036"," SOX9  LOXL2"
0.0822926167622401,3,82,5.38545847483791,"GO:0061045 Negative regulation of wound healing ","https://amigo.geneontology.org/amigo/term/GO:0061045"," APOE  TNF  EDN1"
0.0822926167622401,2,31,9.49693752552062,"GO:0061437 Renal system vasculature development ","https://amigo.geneontology.org/amigo/term/GO:0061437"," EDN1  ACTA2"
0.0822926167622401,2,31,9.49693752552062,"GO:0061440 Kidney vasculature development ","https://amigo.geneontology.org/amigo/term/GO:0061440"," EDN1  ACTA2"
0.0822926167622401,1,3,49.0675105485232,"GO:0061519 Macrophage homeostasis ","https://amigo.geneontology.org/amigo/term/GO:0061519"," CSF1"
0.0822926167622401,1,3,49.0675105485232,"GO:0070101 Positive regulation of chemokine-mediated signaling pathway ","https://amigo.geneontology.org/amigo/term/GO:0070101"," EDN1"
0.0822926167622401,1,3,49.0675105485232,"GO:0071409 Cellular response to cycloheximide ","https://amigo.geneontology.org/amigo/term/GO:0071409"," KLF2"
0.0822926167622401,1,3,49.0675105485232,"GO:0072034 Renal vesicle induction ","https://amigo.geneontology.org/amigo/term/GO:0072034"," SOX9"
0.0822926167622401,1,3,49.0675105485232,"GO:0072191 Ureter smooth muscle development ","https://amigo.geneontology.org/amigo/term/GO:0072191"," SOX9"
0.0822926167622401,1,3,49.0675105485232,"GO:0072193 Ureter smooth muscle cell differentiation ","https://amigo.geneontology.org/amigo/term/GO:0072193"," SOX9"
0.0822926167622401,1,3,49.0675105485232,"GO:0072719 Cellular response to cisplatin ","https://amigo.geneontology.org/amigo/term/GO:0072719"," HMOX1"
0.0822926167622401,1,3,49.0675105485232,"GO:0086101 Endothelin receptor signaling pathway involved in heart process ","https://amigo.geneontology.org/amigo/term/GO:0086101"," EDN1"
0.0822926167622401,3,85,5.19538346984363,"GO:0098586 Cellular response to virus ","https://amigo.geneontology.org/amigo/term/GO:0098586"," BAX  OAS1  CCL5"
0.0822926167622401,1,3,49.0675105485232,"GO:0098749 Cerebellar neuron development ","https://amigo.geneontology.org/amigo/term/GO:0098749"," NANOS1"
0.0822926167622401,2,31,9.49693752552062,"GO:0098868 Bone growth ","https://amigo.geneontology.org/amigo/term/GO:0098868"," SOX9  TSKU"
0.0822926167622401,1,3,49.0675105485232,"GO:0150064 Vertebrate eye-specific patterning ","https://amigo.geneontology.org/amigo/term/GO:0150064"," C3"
0.0822926167622401,1,3,49.0675105485232,"GO:1900052 Regulation of retinoic acid biosynthetic process ","https://amigo.geneontology.org/amigo/term/GO:1900052"," AKR1C3"
0.0822926167622401,1,3,49.0675105485232,"GO:1900141 Regulation of oligodendrocyte apoptotic process ","https://amigo.geneontology.org/amigo/term/GO:1900141"," GAS6"
0.0822926167622401,1,3,49.0675105485232,"GO:1902010 Negative regulation of translation in response to endoplasmic reticulum stress ","https://amigo.geneontology.org/amigo/term/GO:1902010"," SESN2"
0.0822926167622401,1,3,49.0675105485232,"GO:1902238 Regulation of intrinsic apoptotic signaling pathway in response to osmotic stress by p53 class mediator ","https://amigo.geneontology.org/amigo/term/GO:1902238"," BDKRB2"
0.0822926167622401,1,3,49.0675105485232,"GO:1902263 Apoptotic process involved in embryonic digit morphogenesis ","https://amigo.geneontology.org/amigo/term/GO:1902263"," BAX"
0.0822926167622401,1,3,49.0675105485232,"GO:1902285 Semaphorin-plexin signaling pathway involved in neuron projection guidance ","https://amigo.geneontology.org/amigo/term/GO:1902285"," EDN1"
0.0822926167622401,1,3,49.0675105485232,"GO:1902287 Semaphorin-plexin signaling pathway involved in axon guidance ","https://amigo.geneontology.org/amigo/term/GO:1902287"," EDN1"
0.0822926167622401,1,3,49.0675105485232,"GO:1902445 Regulation of mitochondrial membrane permeability involved in programmed necrotic cell death ","https://amigo.geneontology.org/amigo/term/GO:1902445"," BAX"
0.0822926167622401,1,3,49.0675105485232,"GO:1902512 Positive regulation of apoptotic dna fragmentation ","https://amigo.geneontology.org/amigo/term/GO:1902512"," BAX"
0.0822926167622401,1,3,49.0675105485232,"GO:1903116 Positive regulation of actin filament-based movement ","https://amigo.geneontology.org/amigo/term/GO:1903116"," ACTA2"
0.0822926167622401,2,32,9.2001582278481,"GO:1903715 Regulation of aerobic respiration ","https://amigo.geneontology.org/amigo/term/GO:1903715"," TNF  NUPR1"
0.0822926167622401,3,85,5.19538346984363,"GO:1904019 Epithelial cell apoptotic process ","https://amigo.geneontology.org/amigo/term/GO:1904019"," BAX  HMOX1  NUPR1"
0.0822926167622401,1,3,49.0675105485232,"GO:1904588 Cellular response to glycoprotein ","https://amigo.geneontology.org/amigo/term/GO:1904588"," SLC5A5"
0.0822926167622401,1,3,49.0675105485232,"GO:1904691 Negative regulation of type b pancreatic cell proliferation ","https://amigo.geneontology.org/amigo/term/GO:1904691"," NUPR1"
0.0822926167622401,1,3,49.0675105485232,"GO:1904837 Beta-catenin-tcf complex assembly ","https://amigo.geneontology.org/amigo/term/GO:1904837"," SOX9"
0.0822926167622401,1,3,49.0675105485232,"GO:1905242 Response to 3,3-prime,5-triiodo-l-thyronine ","https://amigo.geneontology.org/amigo/term/GO:1905242"," TNF"
0.0822926167622401,1,3,49.0675105485232,"GO:1990127 Intrinsic apoptotic signaling pathway in response to osmotic stress by p53 class mediator ","https://amigo.geneontology.org/amigo/term/GO:1990127"," BDKRB2"
0.0822926167622401,1,3,49.0675105485232,"GO:1990442 Intrinsic apoptotic signaling pathway in response to nitrosative stress ","https://amigo.geneontology.org/amigo/term/GO:1990442"," DDIT3"
0.0822926167622401,1,3,49.0675105485232,"GO:2000124 Regulation of endocannabinoid signaling pathway ","https://amigo.geneontology.org/amigo/term/GO:2000124"," MGLL"
0.0825237897296208,8,496,2.37423438138015,"GO:0031329 Regulation of cellular catabolic process ","https://amigo.geneontology.org/amigo/term/GO:0031329"," TIMP3  SESN2  PLEKHF1  APOE  TNF  HMOX1  NUPR1  DDIT3"
0.0830410454031725,16,1342,1.75502273198891,"GO:0045944 Positive regulation of transcription by rna polymerase ii ","https://amigo.geneontology.org/amigo/term/GO:0045944"," RELB  ATOH8  TNF  EDN1  EPAS1  SOX9  LIF  LMO2  ATF3  IER5  DDIT3  PPP2R5B  FOSB  KLF2  FOSL1  MAF"
0.0835840260927045,4,153,3.84843219988417,"GO:0036294 Cellular response to decreased oxygen levels ","https://amigo.geneontology.org/amigo/term/GO:0036294"," EPAS1  AQP3  EDN1  BBC3"
0.0843056648004055,9,596,2.2228570214935,"GO:0002757 Immune response-activating signaling pathway ","https://amigo.geneontology.org/amigo/term/GO:0002757"," BAX  IRAK2  OASL  C3  RFTN1  FOSL1  TNF  OAS1  S100A9"
0.0843056648004055,3,86,5.13497203414778,"GO:0006081 Cellular aldehyde metabolic process ","https://amigo.geneontology.org/amigo/term/GO:0006081"," ALDH1A3  AKR1C1  AKR1C3"
0.0843056648004055,3,86,5.13497203414778,"GO:0070227 Lymphocyte apoptotic process ","https://amigo.geneontology.org/amigo/term/GO:0070227"," BAX  CCL5  BBC3"
0.0843445485452418,15,1233,1.79078505651545,"GO:0048666 Neuron development ","https://amigo.geneontology.org/amigo/term/GO:0048666"," NTN4  APOE  RND1  L1CAM  PPP2R5B  EDN1  NOVA2  C3  EDN2  LIF  BTG2  KLK6  TSKU  NANOS1  S100A9"
0.0844529022827275,2,33,8.92136555427695,"GO:0001782 B cell homeostasis ","https://amigo.geneontology.org/amigo/term/GO:0001782"," BAX  SPNS2"
0.0844529022827275,4,154,3.82344238040441,"GO:0001890 Placenta development ","https://amigo.geneontology.org/amigo/term/GO:0001890"," EPAS1  SNAI1  LIF  FOSL1"
0.0844529022827275,17,1460,1.71400208080458,"GO:0007267 Cell-cell signaling ","https://amigo.geneontology.org/amigo/term/GO:0007267"," SLC12A4  VGF  SSTR5  S100A9  ACHE  EDN1  LIF  APOE  TGM2  TNF  CCL5  BEST1  SORCS2  SELENOM  ADCY5  CCL22  GDF15"
0.0844529022827275,2,33,8.92136555427695,"GO:0031571 Mitotic g1 dna damage checkpoint signaling ","https://amigo.geneontology.org/amigo/term/GO:0031571"," CDKN1A  RPS27L"
0.0844529022827275,2,33,8.92136555427695,"GO:0035590 Purinergic nucleotide receptor signaling pathway ","https://amigo.geneontology.org/amigo/term/GO:0035590"," GPR87  ADCY5"
0.0844529022827275,2,33,8.92136555427695,"GO:0043507 Positive regulation of jun kinase activity ","https://amigo.geneontology.org/amigo/term/GO:0043507"," EDN1  TNF"
0.0844529022827275,2,33,8.92136555427695,"GO:0044819 Mitotic g1/s transition checkpoint signaling ","https://amigo.geneontology.org/amigo/term/GO:0044819"," CDKN1A  RPS27L"
0.0860723891226655,4,155,3.79877501020825,"GO:0062013 Positive regulation of small molecule metabolic process ","https://amigo.geneontology.org/amigo/term/GO:0062013"," APOE  TNF  GDF15  SLC45A3"
0.0866709549662096,32,3290,1.43175714670463,"GO:0033036 Macromolecule localization ","https://amigo.geneontology.org/amigo/term/GO:0033036"," APOE  STRA6  SSTR5  FABP6  SPNS2  C3  BDKRB2  GAS6  IFIT1  TNF  CCL5  EDN1  BAX  ZNF423  BBC3  ABCC3  CDKN1A  SOX9  VGF  RFTN1  CHST11  DDIT3  CAVIN1  TSKU  SORCS2  SELENOM  SESN2  PLEKHF1  ADCY5  H4C5  ACHE  AKR1C1"
0.0867190272440597,18,1581,1.67593015156246,"GO:0007186 G protein-coupled receptor signaling pathway ","https://amigo.geneontology.org/amigo/term/GO:0007186"," CCL22  GPR87  ADGRF4  SSTR5  BDKRB2  ADCY5  SPNS2  CCL5  EDN1  C3  APOE  KLK6  AKR1C3  RGS16  TGM2  MGLL  SORCS2  RASD1"
0.0874196967212284,4,156,3.77442388834794,"GO:0003158 Endothelium development ","https://amigo.geneontology.org/amigo/term/GO:0003158"," ATOH8  TNF  EDN1  ICAM1"
0.0874196967212284,4,156,3.77442388834794,"GO:0008584 Male gonad development ","https://amigo.geneontology.org/amigo/term/GO:0008584"," SOX9  BAX  NUPR1  AKR1C3"
0.0874196967212284,4,156,3.77442388834794,"GO:0010952 Positive regulation of peptidase activity ","https://amigo.geneontology.org/amigo/term/GO:0010952"," BBC3  S100A9  RPS27L  TNF"
0.087497873151218,5,234,3.14535324028995,"GO:0048588 Developmental cell growth ","https://amigo.geneontology.org/amigo/term/GO:0048588"," EDN1  SOX9  EDN2  L1CAM  APOE"
0.087566358619198,6,319,2.7686996547756,"GO:0048638 Regulation of developmental growth ","https://amigo.geneontology.org/amigo/term/GO:0048638"," EDN1  CDKN1A  GDF15  CSF1  L1CAM  APOE"
0.0877496644884986,3,88,5.01826812428078,"GO:0001892 Embryonic placenta development ","https://amigo.geneontology.org/amigo/term/GO:0001892"," EPAS1  SNAI1  LIF"
0.0877496644884986,2,34,8.65897244973939,"GO:0036336 Dendritic cell migration ","https://amigo.geneontology.org/amigo/term/GO:0036336"," GAS6  CCL5"
0.0877496644884986,3,88,5.01826812428078,"GO:0046425 Regulation of receptor signaling pathway via jak-stat ","https://amigo.geneontology.org/amigo/term/GO:0046425"," LIF  GADD45A  TNF"
0.0877496644884986,2,34,8.65897244973939,"GO:0055075 Potassium ion homeostasis ","https://amigo.geneontology.org/amigo/term/GO:0055075"," SLC12A4  UPK3A"
0.0877496644884986,2,34,8.65897244973939,"GO:0060191 Regulation of lipase activity ","https://amigo.geneontology.org/amigo/term/GO:0060191"," ANGPTL4  CCL5"
0.0877496644884986,2,34,8.65897244973939,"GO:0060351 Cartilage development involved in endochondral bone morphogenesis ","https://amigo.geneontology.org/amigo/term/GO:0060351"," SOX9  TSKU"
0.0877496644884986,2,34,8.65897244973939,"GO:0061037 Negative regulation of cartilage development ","https://amigo.geneontology.org/amigo/term/GO:0061037"," ADAMTS7  SOX9"
0.0877496644884986,2,34,8.65897244973939,"GO:0070168 Negative regulation of biomineral tissue development ","https://amigo.geneontology.org/amigo/term/GO:0070168"," SOX9  GAS6"
0.0877496644884986,2,34,8.65897244973939,"GO:0090594 Inflammatory response to wounding ","https://amigo.geneontology.org/amigo/term/GO:0090594"," TNF  HMOX1"
0.0879050737086842,5,235,3.13196875841638,"GO:0051098 Regulation of binding ","https://amigo.geneontology.org/amigo/term/GO:0051098"," IL32  BAX  APOE  IFIT1  CDKN1A"
0.0879435310164079,4,157,3.75038297186165,"GO:0006986 Response to unfolded protein ","https://amigo.geneontology.org/amigo/term/GO:0006986"," DDIT3  ATF3  BAX  BBC3"
0.0879435310164079,4,157,3.75038297186165,"GO:0046546 Development of primary male sexual characteristics ","https://amigo.geneontology.org/amigo/term/GO:0046546"," SOX9  BAX  NUPR1  AKR1C3"
0.0880510510451745,12,915,1.9305250051878,"GO:0060284 Regulation of cell development ","https://amigo.geneontology.org/amigo/term/GO:0060284"," HES2  CSF1  SIGLEC15  LIF  GAS6  TGM2  TNF  H4C5  DTX1  BTG2  ZNF488  L1CAM"
0.0889604078369167,5,236,3.11869770435529,"GO:0071383 Cellular response to steroid hormone stimulus ","https://amigo.geneontology.org/amigo/term/GO:0071383"," SSTR5  AKR1C3  EDN1  DDIT4  PAQR7"
0.0892251751283697,3,89,4.9618830891765,"GO:0030593 Neutrophil chemotaxis ","https://amigo.geneontology.org/amigo/term/GO:0030593"," S100A9  EDN2  EDN1"
0.090803140451981,8,509,2.31359578224864,"GO:0002833 Positive regulation of response to biotic stimulus ","https://amigo.geneontology.org/amigo/term/GO:0002833"," IRAK2  OASL  FOSL1  TNF  OAS1  RFTN1  S100A9  CCL5"
0.090803140451981,13,1028,1.86151061419495,"GO:0007167 Enzyme-linked receptor protein signaling pathway ","https://amigo.geneontology.org/amigo/term/GO:0007167"," FGF22  LIF  IGFBP3  GDF15  ATOH8  CSF1  PPP2R5B  ZNF423  SOX9  CHST11  GAS6  DDIT4  BDKRB2"
0.0910415511108188,3,90,4.90675105485232,"GO:0001960 Negative regulation of cytokine-mediated signaling pathway ","https://amigo.geneontology.org/amigo/term/GO:0001960"," GAS6  CCL5  OAS1"
0.0910415511108188,3,90,4.90675105485232,"GO:0002224 Toll-like receptor signaling pathway ","https://amigo.geneontology.org/amigo/term/GO:0002224"," FOSL1  S100A9  IRAK2"
0.0910415511108188,2,35,8.41157323688969,"GO:0007271 Synaptic transmission cholinergic ","https://amigo.geneontology.org/amigo/term/GO:0007271"," ACHE  APOE"
0.0910415511108188,2,35,8.41157323688969,"GO:0032107 Regulation of response to nutrient levels ","https://amigo.geneontology.org/amigo/term/GO:0032107"," GDF15  BAX"
0.0910415511108188,3,90,4.90675105485232,"GO:0032722 Positive regulation of chemokine production ","https://amigo.geneontology.org/amigo/term/GO:0032722"," TNF  OAS1  HMOX1"
0.0910415511108188,2,35,8.41157323688969,"GO:0046320 Regulation of fatty acid oxidation ","https://amigo.geneontology.org/amigo/term/GO:0046320"," SOX9  GDF15"
0.0910415511108188,2,35,8.41157323688969,"GO:0061436 Establishment of skin barrier ","https://amigo.geneontology.org/amigo/term/GO:0061436"," CYSRT1  KRT16"
0.0910415511108188,3,90,4.90675105485232,"GO:0072678 T cell migration ","https://amigo.geneontology.org/amigo/term/GO:0072678"," CCL5  ICAM1  SPNS2"
0.0910415511108188,2,35,8.41157323688969,"GO:1900101 Regulation of endoplasmic reticulum unfolded protein response ","https://amigo.geneontology.org/amigo/term/GO:1900101"," BAX  BBC3"
0.0920386767609988,4,160,3.68006329113924,"GO:0098754 Detoxification ","https://amigo.geneontology.org/amigo/term/GO:0098754"," SESN2  APOE  S100A9  GPX2"
0.0921465281563465,6,325,2.71758519961052,"GO:0051347 Positive regulation of transferase activity ","https://amigo.geneontology.org/amigo/term/GO:0051347"," EDN1  CDKN1A  APOE  GAS6  TNF  CSF1"
0.0936118849602342,4,161,3.65720575516943,"GO:0035264 Multicellular organism growth ","https://amigo.geneontology.org/amigo/term/GO:0035264"," KLF2  GDF15  CSF1  SELENOM"
0.0936118849602342,4,161,3.65720575516943,"GO:0042552 Myelination ","https://amigo.geneontology.org/amigo/term/GO:0042552"," MALL  TNF  ZNF488  KLK6"
0.095288688226332,2,36,8.17791842475387,"GO:0045672 Positive regulation of osteoclast differentiation ","https://amigo.geneontology.org/amigo/term/GO:0045672"," CSF1  TNF"
0.095288688226332,2,36,8.17791842475387,"GO:0048048 Embryonic eye morphogenesis ","https://amigo.geneontology.org/amigo/term/GO:0048048"," ALDH1A3  STRA6"
0.095288688226332,2,36,8.17791842475387,"GO:0060441 Epithelial tube branching involved in lung morphogenesis ","https://amigo.geneontology.org/amigo/term/GO:0060441"," TNF  SOX9"
0.0961280909312053,3,93,4.74846876276031,"GO:0001656 Metanephros development ","https://amigo.geneontology.org/amigo/term/GO:0001656"," LIF  ID3  SOX9"
0.0961280909312053,1,4,36.8006329113924,"GO:0001777 T cell homeostatic proliferation ","https://amigo.geneontology.org/amigo/term/GO:0001777"," BAX"
0.0961280909312053,2,37,7.95689360246322,"GO:0001975 Response to amphetamine ","https://amigo.geneontology.org/amigo/term/GO:0001975"," EDN1  FOSB"
0.0961280909312053,1,4,36.8006329113924,"GO:0002339 B cell selection ","https://amigo.geneontology.org/amigo/term/GO:0002339"," BAX"
0.0961280909312053,1,4,36.8006329113924,"GO:0002678 Positive regulation of chronic inflammatory response ","https://amigo.geneontology.org/amigo/term/GO:0002678"," TNF"
0.0961280909312053,4,163,3.61233206492195,"GO:0007272 Ensheathment of neurons ","https://amigo.geneontology.org/amigo/term/GO:0007272"," MALL  TNF  ZNF488  KLK6"
0.0961280909312053,1,4,36.8006329113924,"GO:0007296 Vitellogenesis ","https://amigo.geneontology.org/amigo/term/GO:0007296"," FOSL1"
0.0961280909312053,4,163,3.61233206492195,"GO:0008366 Axon ensheathment ","https://amigo.geneontology.org/amigo/term/GO:0008366"," MALL  TNF  ZNF488  KLK6"
0.0961280909312053,5,244,3.01644532060594,"GO:0008406 Gonad development ","https://amigo.geneontology.org/amigo/term/GO:0008406"," SOX9  BAX  VGF  NUPR1  AKR1C3"
0.0961280909312053,1,4,36.8006329113924,"GO:0009635 Response to herbicide ","https://amigo.geneontology.org/amigo/term/GO:0009635"," CYP1A1"
0.0961280909312053,5,246,2.99192137490995,"GO:0009743 Response to carbohydrate ","https://amigo.geneontology.org/amigo/term/GO:0009743"," ICAM1  SESN2  GAS6  TNF  ADCY5"
0.0961280909312053,1,4,36.8006329113924,"GO:0010041 Response to iron(iii) ion ","https://amigo.geneontology.org/amigo/term/GO:0010041"," CYP1A1"
0.0961280909312053,3,93,4.74846876276031,"GO:0010466 Negative regulation of peptidase activity ","https://amigo.geneontology.org/amigo/term/GO:0010466"," GAS6  TNF  TIMP3"
0.0961280909312053,1,4,36.8006329113924,"GO:0014805 Smooth muscle adaptation ","https://amigo.geneontology.org/amigo/term/GO:0014805"," HMOX1"
0.0961280909312053,1,4,36.8006329113924,"GO:0015766 Disaccharide transport ","https://amigo.geneontology.org/amigo/term/GO:0015766"," SLC45A3"
0.0961280909312053,1,4,36.8006329113924,"GO:0015770 Sucrose transport ","https://amigo.geneontology.org/amigo/term/GO:0015770"," SLC45A3"
0.0961280909312053,1,4,36.8006329113924,"GO:0015772 Oligosaccharide transport ","https://amigo.geneontology.org/amigo/term/GO:0015772"," SLC45A3"
0.0961280909312053,1,4,36.8006329113924,"GO:0016095 Polyprenol catabolic process ","https://amigo.geneontology.org/amigo/term/GO:0016095"," AKR1C3"
0.0961280909312053,2,37,7.95689360246322,"GO:0016242 Negative regulation of macroautophagy ","https://amigo.geneontology.org/amigo/term/GO:0016242"," HMOX1  NUPR1"
